# Blender 4.5.2 LTS
# www.blender.org
mtllib MetaText1.mtl
o Text
v 2.233231 0.103183 0.200000
v 2.236395 0.106162 0.200000
v 2.239671 0.108882 0.200000
v 2.243059 0.111343 0.200000
v 2.246559 0.113545 0.200000
v 2.250170 0.115488 0.200000
v 2.253893 0.117171 0.200000
v 2.257728 0.118596 0.200000
v 2.261674 0.119762 0.200000
v 2.265732 0.120669 0.200000
v 2.269902 0.121316 0.200000
v 2.274184 0.121705 0.200000
v 2.278576 0.121834 0.200000
v 2.282915 0.121705 0.200000
v 2.287146 0.121316 0.200000
v 2.291271 0.120669 0.200000
v 2.295289 0.119762 0.200000
v 2.299199 0.118596 0.200000
v 2.303003 0.117171 0.200000
v 2.306700 0.115488 0.200000
v 2.310290 0.113545 0.200000
v 2.313773 0.111343 0.200000
v 2.317149 0.108882 0.200000
v 2.320418 0.106162 0.200000
v 2.323580 0.103183 0.200000
v 2.326559 0.100021 0.200000
v 2.329279 0.096752 0.200000
v 2.331740 0.093376 0.200000
v 2.333942 0.089893 0.200000
v 2.335885 0.086303 0.200000
v 2.337569 0.082606 0.200000
v 2.338994 0.078802 0.200000
v 2.340159 0.074892 0.200000
v 2.341066 0.070874 0.200000
v 2.341713 0.066749 0.200000
v 2.342102 0.062518 0.200000
v 2.342232 0.058179 0.200000
v 2.342102 0.053841 0.200000
v 2.341713 0.049609 0.200000
v 2.341066 0.045485 0.200000
v 2.340159 0.041467 0.200000
v 2.338994 0.037556 0.200000
v 2.337569 0.033753 0.200000
v 2.335885 0.030056 0.200000
v 2.333942 0.026466 0.200000
v 2.331740 0.022983 0.200000
v 2.329279 0.019607 0.200000
v 2.326559 0.016338 0.200000
v 2.323580 0.013176 0.200000
v 2.320418 0.010197 0.200000
v 2.317149 0.007477 0.200000
v 2.313773 0.005016 0.200000
v 2.310290 0.002814 0.200000
v 2.306700 0.000871 0.200000
v 2.303003 -0.000813 0.200000
v 2.299199 -0.002238 0.200000
v 2.295289 -0.003403 0.200000
v 2.291271 -0.004310 0.200000
v 2.287146 -0.004958 0.200000
v 2.282915 -0.005346 0.200000
v 2.278576 -0.005476 0.200000
v 2.274183 -0.005346 0.200000
v 2.269902 -0.004958 0.200000
v 2.265732 -0.004310 0.200000
v 2.261674 -0.003403 0.200000
v 2.257728 -0.002238 0.200000
v 2.253893 -0.000813 0.200000
v 2.250170 0.000871 0.200000
v 2.246559 0.002814 0.200000
v 2.243059 0.005016 0.200000
v 2.239671 0.007477 0.200000
v 2.236395 0.010197 0.200000
v 2.233231 0.013176 0.200000
v 2.230252 0.016338 0.200000
v 2.227532 0.019607 0.200000
v 2.225071 0.022983 0.200000
v 2.222869 0.026466 0.200000
v 2.220926 0.030056 0.200000
v 2.219242 0.033753 0.200000
v 2.217817 0.037556 0.200000
v 2.216651 0.041467 0.200000
v 2.215745 0.045485 0.200000
v 2.215097 0.049609 0.200000
v 2.214709 0.053841 0.200000
v 2.214579 0.058179 0.200000
v 2.214709 0.062518 0.200000
v 2.215097 0.066749 0.200000
v 2.215745 0.070874 0.200000
v 2.216651 0.074892 0.200000
v 2.217817 0.078802 0.200000
v 2.219242 0.082606 0.200000
v 2.220926 0.086303 0.200000
v 2.222869 0.089893 0.200000
v 2.225071 0.093376 0.200000
v 2.227532 0.096752 0.200000
v 2.230252 0.100021 0.200000
v 2.233573 0.330767 0.200000
v 2.236787 0.333800 0.200000
v 2.240099 0.336570 0.200000
v 2.243508 0.339076 0.200000
v 2.247015 0.341319 0.200000
v 2.250619 0.343297 0.200000
v 2.254321 0.345012 0.200000
v 2.258120 0.346463 0.200000
v 2.262016 0.347650 0.200000
v 2.266010 0.348573 0.200000
v 2.270101 0.349233 0.200000
v 2.274290 0.349629 0.200000
v 2.278576 0.349760 0.200000
v 2.282861 0.349630 0.200000
v 2.287047 0.349238 0.200000
v 2.291132 0.348584 0.200000
v 2.295118 0.347669 0.200000
v 2.299003 0.346493 0.200000
v 2.302789 0.345055 0.200000
v 2.306475 0.343356 0.200000
v 2.310062 0.341395 0.200000
v 2.313548 0.339173 0.200000
v 2.316935 0.336689 0.200000
v 2.320222 0.333944 0.200000
v 2.323409 0.330938 0.200000
v 2.326415 0.327748 0.200000
v 2.329160 0.324454 0.200000
v 2.331644 0.321056 0.200000
v 2.333866 0.317553 0.200000
v 2.335827 0.313945 0.200000
v 2.337526 0.310233 0.200000
v 2.338964 0.306416 0.200000
v 2.340140 0.302495 0.200000
v 2.341055 0.298469 0.200000
v 2.341709 0.294338 0.200000
v 2.342101 0.290103 0.200000
v 2.342232 0.285763 0.200000
v 2.342102 0.281369 0.200000
v 2.341713 0.277084 0.200000
v 2.341066 0.272908 0.200000
v 2.340159 0.268842 0.200000
v 2.338994 0.264885 0.200000
v 2.337569 0.261037 0.200000
v 2.335885 0.257299 0.200000
v 2.333942 0.253669 0.200000
v 2.331740 0.250150 0.200000
v 2.329279 0.246739 0.200000
v 2.326559 0.243438 0.200000
v 2.323580 0.240246 0.200000
v 2.320415 0.237240 0.200000
v 2.317139 0.234495 0.200000
v 2.313751 0.232011 0.200000
v 2.310252 0.229789 0.200000
v 2.306640 0.227829 0.200000
v 2.302917 0.226129 0.200000
v 2.299083 0.224692 0.200000
v 2.295136 0.223515 0.200000
v 2.291078 0.222600 0.200000
v 2.286909 0.221947 0.200000
v 2.282627 0.221554 0.200000
v 2.278234 0.221424 0.200000
v 2.273896 0.221554 0.200000
v 2.269664 0.221947 0.200000
v 2.265540 0.222600 0.200000
v 2.261522 0.223515 0.200000
v 2.257611 0.224691 0.200000
v 2.253808 0.226129 0.200000
v 2.250111 0.227829 0.200000
v 2.246521 0.229789 0.200000
v 2.243038 0.232011 0.200000
v 2.239662 0.234495 0.200000
v 2.236393 0.237240 0.200000
v 2.233231 0.240246 0.200000
v 2.230252 0.243436 0.200000
v 2.227532 0.246730 0.200000
v 2.225071 0.250128 0.200000
v 2.222869 0.253631 0.200000
v 2.220926 0.257239 0.200000
v 2.219242 0.260951 0.200000
v 2.217817 0.264768 0.200000
v 2.216651 0.268690 0.200000
v 2.215745 0.272716 0.200000
v 2.215097 0.276846 0.200000
v 2.214709 0.281081 0.200000
v 2.214579 0.285421 0.200000
v 2.214711 0.289762 0.200000
v 2.215107 0.294000 0.200000
v 2.215766 0.298137 0.200000
v 2.216690 0.302171 0.200000
v 2.217877 0.306103 0.200000
v 2.219328 0.309933 0.200000
v 2.221042 0.313661 0.200000
v 2.223021 0.317286 0.200000
v 2.225263 0.320810 0.200000
v 2.227769 0.324231 0.200000
v 2.230539 0.327550 0.200000
v 1.706365 0.101300 0.200000
v 1.853867 0.477413 0.200000
v 1.960986 0.477413 0.200000
v 2.104381 0.108830 0.200000
v 2.106302 0.104081 0.200000
v 2.108188 0.099646 0.200000
v 2.110038 0.095525 0.200000
v 2.111853 0.091718 0.200000
v 2.113631 0.088224 0.200000
v 2.115375 0.085044 0.200000
v 2.117082 0.082178 0.200000
v 2.118754 0.079626 0.200000
v 2.120391 0.077387 0.200000
v 2.121991 0.075462 0.200000
v 2.123556 0.073851 0.200000
v 2.125086 0.072553 0.200000
v 2.126703 0.071462 0.200000
v 2.128532 0.070471 0.200000
v 2.130572 0.069580 0.200000
v 2.132824 0.068788 0.200000
v 2.135287 0.068097 0.200000
v 2.137962 0.067505 0.200000
v 2.140848 0.067013 0.200000
v 2.143946 0.066621 0.200000
v 2.147256 0.066329 0.200000
v 2.150777 0.066136 0.200000
v 2.154509 0.066044 0.200000
v 2.158453 0.066051 0.200000
v 2.158453 -0.000000 0.200000
v 1.932580 -0.000000 0.200000
v 1.932580 0.066051 0.200000
v 1.946270 0.066393 0.200000
v 1.949328 0.066427 0.200000
v 1.952230 0.066531 0.200000
v 1.954975 0.066703 0.200000
v 1.957563 0.066944 0.200000
v 1.959995 0.067254 0.200000
v 1.962269 0.067633 0.200000
v 1.964387 0.068081 0.200000
v 1.966347 0.068598 0.200000
v 1.968151 0.069184 0.200000
v 1.969798 0.069839 0.200000
v 1.971288 0.070563 0.200000
v 1.972621 0.071355 0.200000
v 1.973824 0.072198 0.200000
v 1.974922 0.073071 0.200000
v 1.975915 0.073975 0.200000
v 1.976804 0.074911 0.200000
v 1.977589 0.075877 0.200000
v 1.978268 0.076874 0.200000
v 1.978843 0.077902 0.200000
v 1.979314 0.078960 0.200000
v 1.979680 0.080050 0.200000
v 1.979941 0.081171 0.200000
v 1.980098 0.082322 0.200000
v 1.980151 0.083504 0.200000
v 1.980105 0.084621 0.200000
v 1.979970 0.085919 0.200000
v 1.979744 0.087397 0.200000
v 1.979428 0.089056 0.200000
v 1.979022 0.090896 0.200000
v 1.978525 0.092916 0.200000
v 1.977938 0.095117 0.200000
v 1.977261 0.097498 0.200000
v 1.976493 0.100060 0.200000
v 1.975635 0.102802 0.200000
v 1.974687 0.105726 0.200000
v 1.973648 0.108830 0.200000
v 1.959617 0.152293 0.200000
v 1.814168 0.152293 0.200000
v 1.796372 0.104038 0.200000
v 1.795498 0.101545 0.200000
v 1.794699 0.099200 0.200000
v 1.793977 0.097001 0.200000
v 1.793330 0.094950 0.200000
v 1.792760 0.093047 0.200000
v 1.792265 0.091290 0.200000
v 1.791847 0.089681 0.200000
v 1.791505 0.088220 0.200000
v 1.791239 0.086905 0.200000
v 1.791049 0.085738 0.200000
v 1.790934 0.084719 0.200000
v 1.790897 0.083847 0.200000
v 1.790924 0.082941 0.200000
v 1.791006 0.082050 0.200000
v 1.791143 0.081173 0.200000
v 1.791334 0.080310 0.200000
v 1.791580 0.079462 0.200000
v 1.791880 0.078628 0.200000
v 1.792236 0.077808 0.200000
v 1.792646 0.077002 0.200000
v 1.793110 0.076211 0.200000
v 1.793630 0.075433 0.200000
v 1.794204 0.074671 0.200000
v 1.794832 0.073922 0.200000
v 1.795523 0.073197 0.200000
v 1.796282 0.072506 0.200000
v 1.797110 0.071847 0.200000
v 1.798008 0.071222 0.200000
v 1.798974 0.070630 0.200000
v 1.800009 0.070072 0.200000
v 1.801113 0.069547 0.200000
v 1.802285 0.069055 0.200000
v 1.803527 0.068596 0.200000
v 1.804838 0.068171 0.200000
v 1.806218 0.067778 0.200000
v 1.807666 0.067420 0.200000
v 1.808778 0.067201 0.200000
v 1.810176 0.067001 0.200000
v 1.811858 0.066821 0.200000
v 1.813826 0.066659 0.200000
v 1.816079 0.066516 0.200000
v 1.818617 0.066393 0.200000
v 1.821441 0.066288 0.200000
v 1.824549 0.066203 0.200000
v 1.827943 0.066136 0.200000
v 1.831622 0.066089 0.200000
v 1.835586 0.066060 0.200000
v 1.839836 0.066051 0.200000
v 1.839836 -0.000000 0.200000
v 1.655031 -0.000000 0.200000
v 1.655031 0.066051 0.200000
v 1.657930 0.066072 0.200000
v 1.660697 0.066136 0.200000
v 1.663330 0.066243 0.200000
v 1.665830 0.066393 0.200000
v 1.668197 0.066585 0.200000
v 1.670431 0.066821 0.200000
v 1.672532 0.067099 0.200000
v 1.674500 0.067420 0.200000
v 1.676335 0.067783 0.200000
v 1.678036 0.068190 0.200000
v 1.679605 0.068639 0.200000
v 1.681040 0.069131 0.200000
v 1.682389 0.069665 0.200000
v 1.683697 0.070243 0.200000
v 1.684965 0.070863 0.200000
v 1.686193 0.071526 0.200000
v 1.687380 0.072232 0.200000
v 1.688527 0.072981 0.200000
v 1.689633 0.073772 0.200000
v 1.690699 0.074606 0.200000
v 1.691724 0.075483 0.200000
v 1.692709 0.076403 0.200000
v 1.693654 0.077366 0.200000
v 1.694559 0.078371 0.200000
v 1.695451 0.079471 0.200000
v 1.696360 0.080719 0.200000
v 1.697286 0.082114 0.200000
v 1.698228 0.083657 0.200000
v 1.699187 0.085346 0.200000
v 1.700163 0.087183 0.200000
v 1.701155 0.089168 0.200000
v 1.702164 0.091300 0.200000
v 1.703189 0.093579 0.200000
v 1.704231 0.096005 0.200000
v 1.705290 0.098579 0.200000
v 1.888090 0.351814 0.200000
v 1.839151 0.220397 0.200000
v 1.934634 0.220397 0.200000
v 1.164613 0.326146 0.200000
v 1.223477 0.493498 0.200000
v 1.268652 0.493498 0.200000
v 1.273443 0.477413 0.200000
v 1.542779 0.477413 0.200000
v 1.548597 0.493498 0.200000
v 1.594114 0.493498 0.200000
v 1.653320 0.326146 0.200000
v 1.589665 0.303901 0.200000
v 1.586211 0.310658 0.200000
v 1.582925 0.317011 0.200000
v 1.579804 0.322959 0.200000
v 1.576850 0.328504 0.200000
v 1.574062 0.333645 0.200000
v 1.571441 0.338381 0.200000
v 1.568986 0.342714 0.200000
v 1.566697 0.346642 0.200000
v 1.564575 0.350167 0.200000
v 1.562619 0.353287 0.200000
v 1.560829 0.356004 0.200000
v 1.559206 0.358316 0.200000
v 1.556145 0.362406 0.200000
v 1.553008 0.366349 0.200000
v 1.549795 0.370145 0.200000
v 1.546505 0.373793 0.200000
v 1.543140 0.377293 0.200000
v 1.539699 0.380647 0.200000
v 1.536181 0.383853 0.200000
v 1.532588 0.386912 0.200000
v 1.528919 0.389823 0.200000
v 1.525173 0.392587 0.200000
v 1.521351 0.395204 0.200000
v 1.517454 0.397673 0.200000
v 1.514490 0.399422 0.200000
v 1.511531 0.401019 0.200000
v 1.508577 0.402464 0.200000
v 1.505628 0.403757 0.200000
v 1.502683 0.404898 0.200000
v 1.499743 0.405886 0.200000
v 1.496808 0.406723 0.200000
v 1.493878 0.407407 0.200000
v 1.490952 0.407940 0.200000
v 1.488031 0.408320 0.200000
v 1.485115 0.408548 0.200000
v 1.482204 0.408624 0.200000
v 1.480871 0.408597 0.200000
v 1.479609 0.408515 0.200000
v 1.478418 0.408378 0.200000
v 1.477299 0.408187 0.200000
v 1.476251 0.407941 0.200000
v 1.475274 0.407640 0.200000
v 1.474368 0.407285 0.200000
v 1.473534 0.406875 0.200000
v 1.472771 0.406410 0.200000
v 1.472080 0.405891 0.200000
v 1.471459 0.405317 0.200000
v 1.470910 0.404689 0.200000
v 1.470418 0.403963 0.200000
v 1.469969 0.403096 0.200000
v 1.469563 0.402090 0.200000
v 1.469199 0.400943 0.200000
v 1.468878 0.399656 0.200000
v 1.468600 0.398229 0.200000
v 1.468365 0.396662 0.200000
v 1.468172 0.394954 0.200000
v 1.468023 0.393106 0.200000
v 1.467916 0.391118 0.200000
v 1.467852 0.388990 0.200000
v 1.467830 0.386721 0.200000
v 1.467830 0.112252 0.200000
v 1.467842 0.108328 0.200000
v 1.467878 0.104656 0.200000
v 1.467937 0.101236 0.200000
v 1.468020 0.098068 0.200000
v 1.468127 0.095152 0.200000
v 1.468258 0.092488 0.200000
v 1.468413 0.090076 0.200000
v 1.468591 0.087915 0.200000
v 1.468793 0.086007 0.200000
v 1.469019 0.084351 0.200000
v 1.469268 0.082946 0.200000
v 1.469541 0.081793 0.200000
v 1.469843 0.080784 0.200000
v 1.470178 0.079811 0.200000
v 1.470547 0.078874 0.200000
v 1.470948 0.077972 0.200000
v 1.471383 0.077105 0.200000
v 1.471851 0.076275 0.200000
v 1.472353 0.075480 0.200000
v 1.472888 0.074721 0.200000
v 1.473456 0.073997 0.200000
v 1.474057 0.073309 0.200000
v 1.474692 0.072656 0.200000
v 1.475359 0.072040 0.200000
v 1.476065 0.071457 0.200000
v 1.476814 0.070908 0.200000
v 1.477605 0.070393 0.200000
v 1.478440 0.069910 0.200000
v 1.479317 0.069461 0.200000
v 1.480236 0.069045 0.200000
v 1.481199 0.068663 0.200000
v 1.482204 0.068313 0.200000
v 1.483252 0.067997 0.200000
v 1.484343 0.067714 0.200000
v 1.485477 0.067465 0.200000
v 1.486653 0.067248 0.200000
v 1.488017 0.067057 0.200000
v 1.489714 0.066882 0.200000
v 1.491744 0.066724 0.200000
v 1.494106 0.066583 0.200000
v 1.496801 0.066458 0.200000
v 1.499829 0.066350 0.200000
v 1.503189 0.066259 0.200000
v 1.506883 0.066184 0.200000
v 1.510909 0.066126 0.200000
v 1.515267 0.066084 0.200000
v 1.519959 0.066059 0.200000
v 1.524983 0.066051 0.200000
v 1.524983 -0.000000 0.200000
v 1.292266 -0.000000 0.200000
v 1.292266 0.066051 0.200000
v 1.306297 0.066051 0.200000
v 1.310059 0.066071 0.200000
v 1.313589 0.066131 0.200000
v 1.316885 0.066232 0.200000
v 1.319948 0.066374 0.200000
v 1.322779 0.066556 0.200000
v 1.325377 0.066778 0.200000
v 1.327741 0.067040 0.200000
v 1.329873 0.067344 0.200000
v 1.331772 0.067687 0.200000
v 1.333438 0.068071 0.200000
v 1.334871 0.068495 0.200000
v 1.336071 0.068960 0.200000
v 1.337134 0.069475 0.200000
v 1.338153 0.070053 0.200000
v 1.339130 0.070692 0.200000
v 1.340064 0.071393 0.200000
v 1.340955 0.072156 0.200000
v 1.341804 0.072981 0.200000
v 1.342609 0.073867 0.200000
v 1.343372 0.074816 0.200000
v 1.344092 0.075826 0.200000
v 1.344770 0.076897 0.200000
v 1.345404 0.078031 0.200000
v 1.345996 0.079227 0.200000
v 1.346542 0.080563 0.200000
v 1.347042 0.082121 0.200000
v 1.347493 0.083900 0.200000
v 1.347897 0.085900 0.200000
v 1.348254 0.088121 0.200000
v 1.348563 0.090563 0.200000
v 1.348824 0.093226 0.200000
v 1.349038 0.096110 0.200000
v 1.349204 0.099215 0.200000
v 1.349323 0.102541 0.200000
v 1.349395 0.106088 0.200000
v 1.349418 0.109856 0.200000
v 1.349418 0.390486 0.200000
v 1.349399 0.392421 0.200000
v 1.349342 0.394231 0.200000
v 1.349247 0.395919 0.200000
v 1.349114 0.397483 0.200000
v 1.348943 0.398923 0.200000
v 1.348734 0.400240 0.200000
v 1.348487 0.401433 0.200000
v 1.348202 0.402502 0.200000
v 1.347879 0.403448 0.200000
v 1.347517 0.404270 0.200000
v 1.347118 0.404969 0.200000
v 1.346680 0.405544 0.200000
v 1.346181 0.406036 0.200000
v 1.345597 0.406485 0.200000
v 1.344926 0.406892 0.200000
v 1.344171 0.407255 0.200000
v 1.343329 0.407576 0.200000
v 1.342402 0.407854 0.200000
v 1.341390 0.408090 0.200000
v 1.340292 0.408282 0.200000
v 1.339108 0.408432 0.200000
v 1.337839 0.408539 0.200000
v 1.336485 0.408603 0.200000
v 1.335045 0.408624 0.200000
v 1.332050 0.408532 0.200000
v 1.328998 0.408253 0.200000
v 1.325890 0.407790 0.200000
v 1.322724 0.407141 0.200000
v 1.319502 0.406307 0.200000
v 1.316222 0.405288 0.200000
v 1.312885 0.404083 0.200000
v 1.309491 0.402692 0.200000
v 1.306040 0.401117 0.200000
v 1.302533 0.399356 0.200000
v 1.298968 0.397409 0.200000
v 1.295346 0.395277 0.200000
v 1.291728 0.392977 0.200000
v 1.288178 0.390524 0.200000
v 1.284694 0.387919 0.200000
v 1.281276 0.385162 0.200000
v 1.277925 0.382253 0.200000
v 1.274641 0.379192 0.200000
v 1.271423 0.375979 0.200000
v 1.268271 0.372614 0.200000
v 1.265187 0.369096 0.200000
v 1.262168 0.365427 0.200000
v 1.259217 0.361605 0.200000
v 1.256331 0.357632 0.200000
v 1.255084 0.355795 0.200000
v 1.253622 0.353477 0.200000
v 1.251946 0.350680 0.200000
v 1.250057 0.347403 0.200000
v 1.247954 0.343645 0.200000
v 1.245637 0.339408 0.200000
v 1.243106 0.334690 0.200000
v 1.240360 0.329493 0.200000
v 1.237402 0.323815 0.200000
v 1.234229 0.317657 0.200000
v 1.230842 0.311019 0.200000
v 1.227242 0.303901 0.200000
v 0.685489 0.411362 0.200000
v 0.685489 0.477413 0.200000
v 1.083847 0.477413 0.200000
v 1.138262 0.326489 0.200000
v 1.076318 0.304244 0.200000
v 1.073657 0.310304 0.200000
v 1.070923 0.316165 0.200000
v 1.068115 0.321826 0.200000
v 1.065233 0.327287 0.200000
v 1.062278 0.332549 0.200000
v 1.059249 0.337611 0.200000
v 1.056146 0.342474 0.200000
v 1.052970 0.347137 0.200000
v 1.049720 0.351600 0.200000
v 1.046396 0.355864 0.200000
v 1.042999 0.359928 0.200000
v 1.039528 0.363792 0.200000
v 1.035989 0.367451 0.200000
v 1.032388 0.370898 0.200000
v 1.028726 0.374134 0.200000
v 1.025002 0.377158 0.200000
v 1.021216 0.379971 0.200000
v 1.017368 0.382572 0.200000
v 1.013459 0.384962 0.200000
v 1.009488 0.387140 0.200000
v 1.005454 0.389106 0.200000
v 1.001360 0.390861 0.200000
v 0.997203 0.392405 0.200000
v 0.992984 0.393737 0.200000
v 0.988677 0.394912 0.200000
v 0.984253 0.395985 0.200000
v 0.979712 0.396956 0.200000
v 0.975055 0.397825 0.200000
v 0.970282 0.398591 0.200000
v 0.965392 0.399256 0.200000
v 0.960386 0.399818 0.200000
v 0.955263 0.400278 0.200000
v 0.950024 0.400635 0.200000
v 0.944668 0.400891 0.200000
v 0.939196 0.401044 0.200000
v 0.933607 0.401095 0.200000
v 0.860712 0.401095 0.200000
v 0.860712 0.281999 0.200000
v 0.884668 0.281999 0.200000
v 0.889052 0.282026 0.200000
v 0.893191 0.282108 0.200000
v 0.897085 0.282245 0.200000
v 0.900734 0.282436 0.200000
v 0.904139 0.282682 0.200000
v 0.907298 0.282983 0.200000
v 0.910213 0.283338 0.200000
v 0.912883 0.283748 0.200000
v 0.915309 0.284212 0.200000
v 0.917489 0.284732 0.200000
v 0.919425 0.285306 0.200000
v 0.921116 0.285934 0.200000
v 0.922647 0.286621 0.200000
v 0.924105 0.287370 0.200000
v 0.925490 0.288180 0.200000
v 0.926801 0.289052 0.200000
v 0.928038 0.289986 0.200000
v 0.929201 0.290982 0.200000
v 0.930291 0.292040 0.200000
v 0.931307 0.293159 0.200000
v 0.932249 0.294340 0.200000
v 0.933118 0.295583 0.200000
v 0.933913 0.296888 0.200000
v 0.934634 0.298255 0.200000
v 0.935290 0.299767 0.200000
v 0.935889 0.301511 0.200000
v 0.936431 0.303484 0.200000
v 0.936915 0.305689 0.200000
v 0.937343 0.308123 0.200000
v 0.937714 0.310789 0.200000
v 0.938028 0.313685 0.200000
v 0.938284 0.316811 0.200000
v 0.938484 0.320168 0.200000
v 0.938626 0.323756 0.200000
v 0.938712 0.327574 0.200000
v 0.938741 0.331622 0.200000
v 0.938741 0.349760 0.200000
v 0.999658 0.349760 0.200000
v 0.999658 0.147844 0.200000
v 0.938741 0.147844 0.200000
v 0.938741 0.168378 0.200000
v 0.938706 0.171779 0.200000
v 0.938603 0.175023 0.200000
v 0.938430 0.178110 0.200000
v 0.938189 0.181040 0.200000
v 0.937879 0.183814 0.200000
v 0.937500 0.186431 0.200000
v 0.937052 0.188890 0.200000
v 0.936535 0.191193 0.200000
v 0.935949 0.193339 0.200000
v 0.935295 0.195329 0.200000
v 0.934571 0.197161 0.200000
v 0.933778 0.198836 0.200000
v 0.932926 0.200391 0.200000
v 0.932024 0.201859 0.200000
v 0.931072 0.203243 0.200000
v 0.930071 0.204540 0.200000
v 0.929019 0.205752 0.200000
v 0.927918 0.206879 0.200000
v 0.926766 0.207920 0.200000
v 0.925565 0.208875 0.200000
v 0.924313 0.209745 0.200000
v 0.923012 0.210529 0.200000
v 0.921661 0.211228 0.200000
v 0.920260 0.211841 0.200000
v 0.918689 0.212388 0.200000
v 0.916828 0.212887 0.200000
v 0.914677 0.213338 0.200000
v 0.912237 0.213742 0.200000
v 0.909506 0.214099 0.200000
v 0.906485 0.214408 0.200000
v 0.903175 0.214669 0.200000
v 0.899574 0.214883 0.200000
v 0.895684 0.215050 0.200000
v 0.891503 0.215168 0.200000
v 0.887033 0.215240 0.200000
v 0.882272 0.215264 0.200000
v 0.860712 0.215264 0.200000
v 0.860712 0.105749 0.200000
v 0.860724 0.102936 0.200000
v 0.860759 0.100312 0.200000
v 0.860819 0.097878 0.200000
v 0.860902 0.095635 0.200000
v 0.861009 0.093581 0.200000
v 0.861140 0.091718 0.200000
v 0.861294 0.090045 0.200000
v 0.861472 0.088562 0.200000
v 0.861674 0.087269 0.200000
v 0.861900 0.086166 0.200000
v 0.862150 0.085254 0.200000
v 0.862423 0.084531 0.200000
v 0.862731 0.083916 0.200000
v 0.863084 0.083324 0.200000
v 0.863482 0.082756 0.200000
v 0.863925 0.082212 0.200000
v 0.864413 0.081691 0.200000
v 0.864947 0.081194 0.200000
v 0.865526 0.080721 0.200000
v 0.866150 0.080272 0.200000
v 0.866819 0.079847 0.200000
v 0.867533 0.079445 0.200000
v 0.868292 0.079067 0.200000
v 0.869097 0.078713 0.200000
v 0.870003 0.078385 0.200000
v 0.871069 0.078086 0.200000
v 0.872294 0.077815 0.200000
v 0.873679 0.077572 0.200000
v 0.875222 0.077359 0.200000
v 0.876925 0.077173 0.200000
v 0.878787 0.077016 0.200000
v 0.880808 0.076888 0.200000
v 0.882989 0.076788 0.200000
v 0.885329 0.076717 0.200000
v 0.887828 0.076674 0.200000
v 0.890486 0.076660 0.200000
v 0.930527 0.076660 0.200000
v 0.937902 0.076749 0.200000
v 0.945081 0.077016 0.200000
v 0.952066 0.077462 0.200000
v 0.958856 0.078086 0.200000
v 0.965451 0.078888 0.200000
v 0.971852 0.079868 0.200000
v 0.978057 0.081027 0.200000
v 0.984067 0.082364 0.200000
v 0.989883 0.083879 0.200000
v 0.995504 0.085572 0.200000
v 1.000929 0.087444 0.200000
v 1.006160 0.089493 0.200000
v 1.011247 0.091742 0.200000
v 1.016242 0.094209 0.200000
v 1.021144 0.096894 0.200000
v 1.025953 0.099798 0.200000
v 1.030669 0.102921 0.200000
v 1.035293 0.106263 0.200000
v 1.039824 0.109823 0.200000
v 1.044262 0.113602 0.200000
v 1.048608 0.117599 0.200000
v 1.052860 0.121815 0.200000
v 1.057021 0.126250 0.200000
v 1.061088 0.130903 0.200000
v 1.065032 0.135741 0.200000
v 1.068822 0.140728 0.200000
v 1.072457 0.145865 0.200000
v 1.075938 0.151152 0.200000
v 1.079264 0.156589 0.200000
v 1.082435 0.162175 0.200000
v 1.085452 0.167911 0.200000
v 1.088315 0.173796 0.200000
v 1.091023 0.179832 0.200000
v 1.093577 0.186017 0.200000
v 1.095976 0.192352 0.200000
v 1.098220 0.198836 0.200000
v 1.160849 0.177276 0.200000
v 1.098220 -0.000000 0.200000
v 0.685489 -0.000000 0.200000
v 0.685489 0.066051 0.200000
v 0.697468 0.066051 0.200000
v 0.701351 0.066074 0.200000
v 0.705016 0.066146 0.200000
v 0.708462 0.066265 0.200000
v 0.711689 0.066431 0.200000
v 0.714698 0.066645 0.200000
v 0.717488 0.066906 0.200000
v 0.720060 0.067215 0.200000
v 0.722412 0.067572 0.200000
v 0.724547 0.067976 0.200000
v 0.726462 0.068427 0.200000
v 0.728159 0.068926 0.200000
v 0.729637 0.069473 0.200000
v 0.730973 0.070079 0.200000
v 0.732242 0.070756 0.200000
v 0.733445 0.071505 0.200000
v 0.734581 0.072325 0.200000
v 0.735650 0.073216 0.200000
v 0.736653 0.074179 0.200000
v 0.737589 0.075212 0.200000
v 0.738459 0.076318 0.200000
v 0.739263 0.077494 0.200000
v 0.739999 0.078742 0.200000
v 0.740669 0.080061 0.200000
v 0.741273 0.081451 0.200000
v 0.741546 0.082437 0.200000
v 0.741796 0.083685 0.200000
v 0.742022 0.085194 0.200000
v 0.742224 0.086965 0.200000
v 0.742402 0.088997 0.200000
v 0.742557 0.091290 0.200000
v 0.742687 0.093845 0.200000
v 0.742794 0.096661 0.200000
v 0.742877 0.099739 0.200000
v 0.742937 0.103078 0.200000
v 0.742972 0.106679 0.200000
v 0.742984 0.110541 0.200000
v 0.742984 0.370637 0.200000
v 0.742964 0.374071 0.200000
v 0.742903 0.377301 0.200000
v 0.742802 0.380326 0.200000
v 0.742661 0.383147 0.200000
v 0.742479 0.385764 0.200000
v 0.742257 0.388176 0.200000
v 0.741994 0.390384 0.200000
v 0.741691 0.392387 0.200000
v 0.741348 0.394186 0.200000
v 0.740964 0.395781 0.200000
v 0.740540 0.397171 0.200000
v 0.740075 0.398357 0.200000
v 0.739568 0.399418 0.200000
v 0.739015 0.400434 0.200000
v 0.738418 0.401405 0.200000
v 0.737775 0.402331 0.200000
v 0.737087 0.403212 0.200000
v 0.736354 0.404047 0.200000
v 0.735575 0.404837 0.200000
v 0.734752 0.405582 0.200000
v 0.733883 0.406282 0.200000
v 0.732969 0.406937 0.200000
v 0.732010 0.407546 0.200000
v 0.731006 0.408111 0.200000
v 0.729896 0.408630 0.200000
v 0.728620 0.409104 0.200000
v 0.727177 0.409533 0.200000
v 0.725568 0.409917 0.200000
v 0.723793 0.410256 0.200000
v 0.721851 0.410549 0.200000
v 0.719743 0.410798 0.200000
v 0.717469 0.411001 0.200000
v 0.715028 0.411159 0.200000
v 0.712421 0.411272 0.200000
v 0.709648 0.411339 0.200000
v 0.706708 0.411362 0.200000
v 0.027379 0.411362 0.200000
v 0.027379 0.477413 0.200000
v 0.243327 0.477413 0.200000
v 0.326146 0.186858 0.200000
v 0.412047 0.477413 0.200000
v 0.631759 0.477413 0.200000
v 0.631759 0.411362 0.200000
v 0.608145 0.411362 0.200000
v 0.605033 0.411306 0.200000
v 0.602085 0.411139 0.200000
v 0.599301 0.410859 0.200000
v 0.596680 0.410468 0.200000
v 0.594224 0.409966 0.200000
v 0.591932 0.409351 0.200000
v 0.589804 0.408625 0.200000
v 0.587839 0.407788 0.200000
v 0.586039 0.406838 0.200000
v 0.584403 0.405777 0.200000
v 0.582931 0.404604 0.200000
v 0.581622 0.403320 0.200000
v 0.580447 0.401881 0.200000
v 0.579374 0.400244 0.200000
v 0.578403 0.398411 0.200000
v 0.577534 0.396380 0.200000
v 0.576768 0.394152 0.200000
v 0.576104 0.391727 0.200000
v 0.575542 0.389104 0.200000
v 0.575082 0.386284 0.200000
v 0.574724 0.383267 0.200000
v 0.574469 0.380053 0.200000
v 0.574315 0.376641 0.200000
v 0.574264 0.373032 0.200000
v 0.574264 0.101985 0.200000
v 0.574278 0.099112 0.200000
v 0.574321 0.096424 0.200000
v 0.574393 0.093921 0.200000
v 0.574492 0.091604 0.200000
v 0.574621 0.089472 0.200000
v 0.574778 0.087526 0.200000
v 0.574963 0.085765 0.200000
v 0.575177 0.084189 0.200000
v 0.575419 0.082799 0.200000
v 0.575690 0.081594 0.200000
v 0.575990 0.080574 0.200000
v 0.576318 0.079740 0.200000
v 0.576848 0.078628 0.200000
v 0.577411 0.077572 0.200000
v 0.578007 0.076574 0.200000
v 0.578637 0.075633 0.200000
v 0.579300 0.074749 0.200000
v 0.579997 0.073922 0.200000
v 0.580726 0.073152 0.200000
v 0.581489 0.072439 0.200000
v 0.582285 0.071783 0.200000
v 0.583115 0.071184 0.200000
v 0.583977 0.070642 0.200000
v 0.584873 0.070157 0.200000
v 0.586161 0.069501 0.200000
v 0.587516 0.068903 0.200000
v 0.588937 0.068361 0.200000
v 0.590425 0.067876 0.200000
v 0.591979 0.067448 0.200000
v 0.593600 0.067077 0.200000
v 0.595288 0.066764 0.200000
v 0.597042 0.066507 0.200000
v 0.598862 0.066307 0.200000
v 0.600749 0.066165 0.200000
v 0.602703 0.066079 0.200000
v 0.604723 0.066051 0.200000
v 0.631759 0.066051 0.200000
v 0.631759 -0.000000 0.200000
v 0.402122 -0.000000 0.200000
v 0.402122 0.066051 0.200000
v 0.419918 0.066051 0.200000
v 0.423081 0.066072 0.200000
v 0.426069 0.066136 0.200000
v 0.428880 0.066243 0.200000
v 0.431516 0.066393 0.200000
v 0.433976 0.066585 0.200000
v 0.436259 0.066821 0.200000
v 0.438367 0.067099 0.200000
v 0.440300 0.067420 0.200000
v 0.442056 0.067783 0.200000
v 0.443636 0.068190 0.200000
v 0.445041 0.068639 0.200000
v 0.446270 0.069131 0.200000
v 0.447385 0.069667 0.200000
v 0.448451 0.070248 0.200000
v 0.449467 0.070874 0.200000
v 0.450433 0.071545 0.200000
v 0.451350 0.072262 0.200000
v 0.452216 0.073024 0.200000
v 0.453032 0.073830 0.200000
v 0.453799 0.074682 0.200000
v 0.454515 0.075580 0.200000
v 0.455182 0.076522 0.200000
v 0.455799 0.077509 0.200000
v 0.456366 0.078542 0.200000
v 0.456885 0.079672 0.200000
v 0.457359 0.080952 0.200000
v 0.457788 0.082381 0.200000
v 0.458172 0.083961 0.200000
v 0.458510 0.085690 0.200000
v 0.458804 0.087568 0.200000
v 0.459052 0.089597 0.200000
v 0.459255 0.091775 0.200000
v 0.459413 0.094103 0.200000
v 0.459526 0.096581 0.200000
v 0.459594 0.099208 0.200000
v 0.459617 0.101985 0.200000
v 0.459617 0.395619 0.200000
v 0.343258 -0.000000 0.200000
v 0.277207 -0.000000 0.200000
v 0.164613 0.382957 0.200000
v 0.164613 0.092745 0.200000
v 0.164638 0.091121 0.200000
v 0.164713 0.089560 0.200000
v 0.164838 0.088060 0.200000
v 0.165013 0.086623 0.200000
v 0.165237 0.085246 0.200000
v 0.165512 0.083932 0.200000
v 0.165836 0.082680 0.200000
v 0.166210 0.081489 0.200000
v 0.166635 0.080360 0.200000
v 0.167109 0.079293 0.200000
v 0.167633 0.078288 0.200000
v 0.168207 0.077344 0.200000
v 0.168827 0.076449 0.200000
v 0.169490 0.075590 0.200000
v 0.170196 0.074767 0.200000
v 0.170945 0.073979 0.200000
v 0.171736 0.073227 0.200000
v 0.172570 0.072510 0.200000
v 0.173447 0.071829 0.200000
v 0.174367 0.071184 0.200000
v 0.175329 0.070575 0.200000
v 0.176335 0.070001 0.200000
v 0.177383 0.069462 0.200000
v 0.178474 0.068960 0.200000
v 0.179642 0.068495 0.200000
v 0.180922 0.068071 0.200000
v 0.182313 0.067687 0.200000
v 0.183816 0.067344 0.200000
v 0.185431 0.067041 0.200000
v 0.187158 0.066778 0.200000
v 0.188996 0.066556 0.200000
v 0.190946 0.066374 0.200000
v 0.193008 0.066232 0.200000
v 0.195181 0.066131 0.200000
v 0.197466 0.066071 0.200000
v 0.199863 0.066051 0.200000
v 0.222793 0.066051 0.200000
v 0.222793 -0.000000 0.200000
v 0.027379 -0.000000 0.200000
v 0.027379 0.066051 0.200000
v 0.046543 0.066051 0.200000
v 0.049487 0.066073 0.200000
v 0.052271 0.066141 0.200000
v 0.054896 0.066254 0.200000
v 0.057362 0.066412 0.200000
v 0.059668 0.066615 0.200000
v 0.061816 0.066863 0.200000
v 0.063804 0.067157 0.200000
v 0.065632 0.067496 0.200000
v 0.067302 0.067879 0.200000
v 0.068812 0.068308 0.200000
v 0.070163 0.068783 0.200000
v 0.071355 0.069302 0.200000
v 0.072444 0.069870 0.200000
v 0.073485 0.070490 0.200000
v 0.074478 0.071163 0.200000
v 0.075424 0.071888 0.200000
v 0.076322 0.072665 0.200000
v 0.077173 0.073494 0.200000
v 0.077976 0.074376 0.200000
v 0.078732 0.075310 0.200000
v 0.079440 0.076296 0.200000
v 0.080101 0.077335 0.200000
v 0.080714 0.078426 0.200000
v 0.081280 0.079569 0.200000
v 0.081799 0.080820 0.200000
v 0.082273 0.082235 0.200000
v 0.082702 0.083815 0.200000
v 0.083086 0.085558 0.200000
v 0.083425 0.087465 0.200000
v 0.083718 0.089536 0.200000
v 0.083967 0.091771 0.200000
v 0.084170 0.094171 0.200000
v 0.084328 0.096734 0.200000
v 0.084441 0.099461 0.200000
v 0.084509 0.102352 0.200000
v 0.084531 0.105407 0.200000
v 0.084531 0.373032 0.200000
v 0.084515 0.376022 0.200000
v 0.084465 0.378831 0.200000
v 0.084381 0.381460 0.200000
v 0.084265 0.383908 0.200000
v 0.084115 0.386175 0.200000
v 0.083932 0.388261 0.200000
v 0.083716 0.390168 0.200000
v 0.083466 0.391893 0.200000
v 0.083184 0.393438 0.200000
v 0.082868 0.394802 0.200000
v 0.082518 0.395985 0.200000
v 0.082136 0.396988 0.200000
v 0.081601 0.398215 0.200000
v 0.081023 0.399384 0.200000
v 0.080403 0.400496 0.200000
v 0.079740 0.401551 0.200000
v 0.079034 0.402550 0.200000
v 0.078285 0.403491 0.200000
v 0.077494 0.404375 0.200000
v 0.076660 0.405202 0.200000
v 0.075783 0.405972 0.200000
v 0.074863 0.406685 0.200000
v 0.073901 0.407341 0.200000
v 0.072895 0.407940 0.200000
v 0.071819 0.408486 0.200000
v 0.070642 0.408986 0.200000
v 0.069366 0.409437 0.200000
v 0.067990 0.409841 0.200000
v 0.066514 0.410198 0.200000
v 0.064938 0.410507 0.200000
v 0.063263 0.410768 0.200000
v 0.061488 0.410982 0.200000
v 0.059612 0.411148 0.200000
v 0.057637 0.411267 0.200000
v 0.055563 0.411338 0.200000
v 0.053388 0.411362 0.200000
v 2.233231 0.103183 -0.200000
v 2.236395 0.106162 -0.200000
v 2.239671 0.108882 -0.200000
v 2.243059 0.111343 -0.200000
v 2.246559 0.113545 -0.200000
v 2.250170 0.115488 -0.200000
v 2.253893 0.117171 -0.200000
v 2.257728 0.118596 -0.200000
v 2.261674 0.119762 -0.200000
v 2.265732 0.120669 -0.200000
v 2.269902 0.121316 -0.200000
v 2.274184 0.121705 -0.200000
v 2.278576 0.121834 -0.200000
v 2.282915 0.121705 -0.200000
v 2.287146 0.121316 -0.200000
v 2.291271 0.120669 -0.200000
v 2.295289 0.119762 -0.200000
v 2.299199 0.118596 -0.200000
v 2.303003 0.117171 -0.200000
v 2.306700 0.115488 -0.200000
v 2.310290 0.113545 -0.200000
v 2.313773 0.111343 -0.200000
v 2.317149 0.108882 -0.200000
v 2.320418 0.106162 -0.200000
v 2.323580 0.103183 -0.200000
v 2.326559 0.100021 -0.200000
v 2.329279 0.096752 -0.200000
v 2.331740 0.093376 -0.200000
v 2.333942 0.089893 -0.200000
v 2.335885 0.086303 -0.200000
v 2.337569 0.082606 -0.200000
v 2.338994 0.078802 -0.200000
v 2.340159 0.074892 -0.200000
v 2.341066 0.070874 -0.200000
v 2.341713 0.066749 -0.200000
v 2.342102 0.062518 -0.200000
v 2.342232 0.058179 -0.200000
v 2.342102 0.053841 -0.200000
v 2.341713 0.049609 -0.200000
v 2.341066 0.045485 -0.200000
v 2.340159 0.041467 -0.200000
v 2.338994 0.037556 -0.200000
v 2.337569 0.033753 -0.200000
v 2.335885 0.030056 -0.200000
v 2.333942 0.026466 -0.200000
v 2.331740 0.022983 -0.200000
v 2.329279 0.019607 -0.200000
v 2.326559 0.016338 -0.200000
v 2.323580 0.013176 -0.200000
v 2.320418 0.010197 -0.200000
v 2.317149 0.007477 -0.200000
v 2.313773 0.005016 -0.200000
v 2.310290 0.002814 -0.200000
v 2.306700 0.000871 -0.200000
v 2.303003 -0.000813 -0.200000
v 2.299199 -0.002238 -0.200000
v 2.295289 -0.003403 -0.200000
v 2.291271 -0.004310 -0.200000
v 2.287146 -0.004958 -0.200000
v 2.282915 -0.005346 -0.200000
v 2.278576 -0.005476 -0.200000
v 2.274183 -0.005346 -0.200000
v 2.269902 -0.004958 -0.200000
v 2.265732 -0.004310 -0.200000
v 2.261674 -0.003403 -0.200000
v 2.257728 -0.002238 -0.200000
v 2.253893 -0.000813 -0.200000
v 2.250170 0.000871 -0.200000
v 2.246559 0.002814 -0.200000
v 2.243059 0.005016 -0.200000
v 2.239671 0.007477 -0.200000
v 2.236395 0.010197 -0.200000
v 2.233231 0.013176 -0.200000
v 2.230252 0.016338 -0.200000
v 2.227532 0.019607 -0.200000
v 2.225071 0.022983 -0.200000
v 2.222869 0.026466 -0.200000
v 2.220926 0.030056 -0.200000
v 2.219242 0.033753 -0.200000
v 2.217817 0.037556 -0.200000
v 2.216651 0.041467 -0.200000
v 2.215745 0.045485 -0.200000
v 2.215097 0.049609 -0.200000
v 2.214709 0.053841 -0.200000
v 2.214579 0.058179 -0.200000
v 2.214709 0.062518 -0.200000
v 2.215097 0.066749 -0.200000
v 2.215745 0.070874 -0.200000
v 2.216651 0.074892 -0.200000
v 2.217817 0.078802 -0.200000
v 2.219242 0.082606 -0.200000
v 2.220926 0.086303 -0.200000
v 2.222869 0.089893 -0.200000
v 2.225071 0.093376 -0.200000
v 2.227532 0.096752 -0.200000
v 2.230252 0.100021 -0.200000
v 2.233573 0.330767 -0.200000
v 2.236787 0.333800 -0.200000
v 2.240099 0.336570 -0.200000
v 2.243508 0.339076 -0.200000
v 2.247015 0.341319 -0.200000
v 2.250619 0.343297 -0.200000
v 2.254321 0.345012 -0.200000
v 2.258120 0.346463 -0.200000
v 2.262016 0.347650 -0.200000
v 2.266010 0.348573 -0.200000
v 2.270101 0.349233 -0.200000
v 2.274290 0.349629 -0.200000
v 2.278576 0.349760 -0.200000
v 2.282861 0.349630 -0.200000
v 2.287047 0.349238 -0.200000
v 2.291132 0.348584 -0.200000
v 2.295118 0.347669 -0.200000
v 2.299003 0.346493 -0.200000
v 2.302789 0.345055 -0.200000
v 2.306475 0.343356 -0.200000
v 2.310062 0.341395 -0.200000
v 2.313548 0.339173 -0.200000
v 2.316935 0.336689 -0.200000
v 2.320222 0.333944 -0.200000
v 2.323409 0.330938 -0.200000
v 2.326415 0.327748 -0.200000
v 2.329160 0.324454 -0.200000
v 2.331644 0.321056 -0.200000
v 2.333866 0.317553 -0.200000
v 2.335827 0.313945 -0.200000
v 2.337526 0.310233 -0.200000
v 2.338964 0.306416 -0.200000
v 2.340140 0.302495 -0.200000
v 2.341055 0.298469 -0.200000
v 2.341709 0.294338 -0.200000
v 2.342101 0.290103 -0.200000
v 2.342232 0.285763 -0.200000
v 2.342102 0.281369 -0.200000
v 2.341713 0.277084 -0.200000
v 2.341066 0.272908 -0.200000
v 2.340159 0.268842 -0.200000
v 2.338994 0.264885 -0.200000
v 2.337569 0.261037 -0.200000
v 2.335885 0.257299 -0.200000
v 2.333942 0.253669 -0.200000
v 2.331740 0.250150 -0.200000
v 2.329279 0.246739 -0.200000
v 2.326559 0.243438 -0.200000
v 2.323580 0.240246 -0.200000
v 2.320415 0.237240 -0.200000
v 2.317139 0.234495 -0.200000
v 2.313751 0.232011 -0.200000
v 2.310252 0.229789 -0.200000
v 2.306640 0.227829 -0.200000
v 2.302917 0.226129 -0.200000
v 2.299083 0.224692 -0.200000
v 2.295136 0.223515 -0.200000
v 2.291078 0.222600 -0.200000
v 2.286909 0.221947 -0.200000
v 2.282627 0.221554 -0.200000
v 2.278234 0.221424 -0.200000
v 2.273896 0.221554 -0.200000
v 2.269664 0.221947 -0.200000
v 2.265540 0.222600 -0.200000
v 2.261522 0.223515 -0.200000
v 2.257611 0.224692 -0.200000
v 2.253808 0.226129 -0.200000
v 2.250111 0.227829 -0.200000
v 2.246521 0.229789 -0.200000
v 2.243038 0.232011 -0.200000
v 2.239662 0.234495 -0.200000
v 2.236393 0.237240 -0.200000
v 2.233231 0.240246 -0.200000
v 2.230252 0.243436 -0.200000
v 2.227532 0.246730 -0.200000
v 2.225071 0.250128 -0.200000
v 2.222869 0.253631 -0.200000
v 2.220926 0.257239 -0.200000
v 2.219242 0.260951 -0.200000
v 2.217817 0.264768 -0.200000
v 2.216651 0.268690 -0.200000
v 2.215745 0.272716 -0.200000
v 2.215097 0.276846 -0.200000
v 2.214709 0.281081 -0.200000
v 2.214579 0.285421 -0.200000
v 2.214711 0.289762 -0.200000
v 2.215107 0.294000 -0.200000
v 2.215766 0.298137 -0.200000
v 2.216690 0.302171 -0.200000
v 2.217877 0.306103 -0.200000
v 2.219328 0.309933 -0.200000
v 2.221042 0.313661 -0.200000
v 2.223021 0.317286 -0.200000
v 2.225263 0.320810 -0.200000
v 2.227769 0.324231 -0.200000
v 2.230539 0.327550 -0.200000
v 1.706365 0.101300 -0.200000
v 1.853867 0.477413 -0.200000
v 1.960986 0.477413 -0.200000
v 2.104381 0.108830 -0.200000
v 2.106302 0.104081 -0.200000
v 2.108188 0.099646 -0.200000
v 2.110038 0.095525 -0.200000
v 2.111853 0.091718 -0.200000
v 2.113631 0.088224 -0.200000
v 2.115375 0.085044 -0.200000
v 2.117082 0.082178 -0.200000
v 2.118754 0.079626 -0.200000
v 2.120391 0.077387 -0.200000
v 2.121991 0.075462 -0.200000
v 2.123556 0.073851 -0.200000
v 2.125086 0.072553 -0.200000
v 2.126703 0.071462 -0.200000
v 2.128532 0.070471 -0.200000
v 2.130572 0.069580 -0.200000
v 2.132824 0.068789 -0.200000
v 2.135287 0.068097 -0.200000
v 2.137962 0.067505 -0.200000
v 2.140848 0.067013 -0.200000
v 2.143946 0.066621 -0.200000
v 2.147256 0.066329 -0.200000
v 2.150777 0.066136 -0.200000
v 2.154509 0.066044 -0.200000
v 2.158453 0.066051 -0.200000
v 2.158453 0.000000 -0.200000
v 1.932580 0.000000 -0.200000
v 1.932580 0.066051 -0.200000
v 1.946270 0.066393 -0.200000
v 1.949328 0.066427 -0.200000
v 1.952230 0.066531 -0.200000
v 1.954975 0.066703 -0.200000
v 1.957563 0.066944 -0.200000
v 1.959995 0.067254 -0.200000
v 1.962269 0.067633 -0.200000
v 1.964387 0.068081 -0.200000
v 1.966347 0.068598 -0.200000
v 1.968151 0.069184 -0.200000
v 1.969798 0.069839 -0.200000
v 1.971288 0.070563 -0.200000
v 1.972621 0.071355 -0.200000
v 1.973824 0.072198 -0.200000
v 1.974922 0.073071 -0.200000
v 1.975915 0.073975 -0.200000
v 1.976804 0.074911 -0.200000
v 1.977589 0.075877 -0.200000
v 1.978268 0.076874 -0.200000
v 1.978843 0.077902 -0.200000
v 1.979314 0.078960 -0.200000
v 1.979680 0.080050 -0.200000
v 1.979941 0.081171 -0.200000
v 1.980098 0.082322 -0.200000
v 1.980151 0.083504 -0.200000
v 1.980105 0.084621 -0.200000
v 1.979970 0.085919 -0.200000
v 1.979744 0.087397 -0.200000
v 1.979428 0.089056 -0.200000
v 1.979022 0.090896 -0.200000
v 1.978525 0.092916 -0.200000
v 1.977938 0.095117 -0.200000
v 1.977261 0.097498 -0.200000
v 1.976493 0.100060 -0.200000
v 1.975635 0.102803 -0.200000
v 1.974687 0.105726 -0.200000
v 1.973648 0.108830 -0.200000
v 1.959617 0.152293 -0.200000
v 1.814168 0.152293 -0.200000
v 1.796372 0.104038 -0.200000
v 1.795498 0.101545 -0.200000
v 1.794699 0.099200 -0.200000
v 1.793977 0.097001 -0.200000
v 1.793330 0.094950 -0.200000
v 1.792760 0.093047 -0.200000
v 1.792265 0.091290 -0.200000
v 1.791847 0.089681 -0.200000
v 1.791505 0.088220 -0.200000
v 1.791239 0.086905 -0.200000
v 1.791049 0.085738 -0.200000
v 1.790934 0.084719 -0.200000
v 1.790897 0.083847 -0.200000
v 1.790924 0.082941 -0.200000
v 1.791006 0.082050 -0.200000
v 1.791143 0.081173 -0.200000
v 1.791334 0.080310 -0.200000
v 1.791580 0.079462 -0.200000
v 1.791880 0.078628 -0.200000
v 1.792236 0.077808 -0.200000
v 1.792646 0.077002 -0.200000
v 1.793110 0.076211 -0.200000
v 1.793630 0.075434 -0.200000
v 1.794204 0.074671 -0.200000
v 1.794832 0.073922 -0.200000
v 1.795523 0.073197 -0.200000
v 1.796282 0.072506 -0.200000
v 1.797110 0.071847 -0.200000
v 1.798008 0.071222 -0.200000
v 1.798974 0.070630 -0.200000
v 1.800009 0.070072 -0.200000
v 1.801113 0.069547 -0.200000
v 1.802285 0.069055 -0.200000
v 1.803527 0.068596 -0.200000
v 1.804838 0.068171 -0.200000
v 1.806218 0.067778 -0.200000
v 1.807666 0.067420 -0.200000
v 1.808778 0.067201 -0.200000
v 1.810176 0.067001 -0.200000
v 1.811858 0.066821 -0.200000
v 1.813826 0.066659 -0.200000
v 1.816079 0.066516 -0.200000
v 1.818617 0.066393 -0.200000
v 1.821441 0.066288 -0.200000
v 1.824549 0.066203 -0.200000
v 1.827943 0.066136 -0.200000
v 1.831622 0.066089 -0.200000
v 1.835586 0.066060 -0.200000
v 1.839836 0.066051 -0.200000
v 1.839836 0.000000 -0.200000
v 1.655031 0.000000 -0.200000
v 1.655031 0.066051 -0.200000
v 1.657930 0.066072 -0.200000
v 1.660697 0.066136 -0.200000
v 1.663330 0.066243 -0.200000
v 1.665830 0.066393 -0.200000
v 1.668197 0.066585 -0.200000
v 1.670431 0.066821 -0.200000
v 1.672532 0.067099 -0.200000
v 1.674500 0.067420 -0.200000
v 1.676335 0.067783 -0.200000
v 1.678036 0.068190 -0.200000
v 1.679605 0.068639 -0.200000
v 1.681040 0.069131 -0.200000
v 1.682389 0.069665 -0.200000
v 1.683697 0.070243 -0.200000
v 1.684965 0.070863 -0.200000
v 1.686193 0.071526 -0.200000
v 1.687380 0.072232 -0.200000
v 1.688527 0.072981 -0.200000
v 1.689633 0.073772 -0.200000
v 1.690699 0.074606 -0.200000
v 1.691724 0.075483 -0.200000
v 1.692709 0.076403 -0.200000
v 1.693654 0.077366 -0.200000
v 1.694559 0.078371 -0.200000
v 1.695451 0.079471 -0.200000
v 1.696360 0.080719 -0.200000
v 1.697286 0.082114 -0.200000
v 1.698228 0.083657 -0.200000
v 1.699187 0.085346 -0.200000
v 1.700163 0.087183 -0.200000
v 1.701155 0.089168 -0.200000
v 1.702164 0.091300 -0.200000
v 1.703189 0.093579 -0.200000
v 1.704231 0.096005 -0.200000
v 1.705290 0.098579 -0.200000
v 1.888090 0.351814 -0.200000
v 1.839151 0.220397 -0.200000
v 1.934634 0.220397 -0.200000
v 1.164613 0.326146 -0.200000
v 1.223477 0.493498 -0.200000
v 1.268652 0.493498 -0.200000
v 1.273443 0.477413 -0.200000
v 1.542779 0.477413 -0.200000
v 1.548597 0.493498 -0.200000
v 1.594114 0.493498 -0.200000
v 1.653320 0.326146 -0.200000
v 1.589665 0.303901 -0.200000
v 1.586211 0.310658 -0.200000
v 1.582925 0.317011 -0.200000
v 1.579804 0.322959 -0.200000
v 1.576850 0.328504 -0.200000
v 1.574062 0.333645 -0.200000
v 1.571441 0.338381 -0.200000
v 1.568986 0.342714 -0.200000
v 1.566697 0.346642 -0.200000
v 1.564575 0.350167 -0.200000
v 1.562619 0.353287 -0.200000
v 1.560829 0.356004 -0.200000
v 1.559206 0.358316 -0.200000
v 1.556145 0.362406 -0.200000
v 1.553008 0.366349 -0.200000
v 1.549795 0.370145 -0.200000
v 1.546505 0.373793 -0.200000
v 1.543140 0.377293 -0.200000
v 1.539699 0.380647 -0.200000
v 1.536181 0.383853 -0.200000
v 1.532588 0.386912 -0.200000
v 1.528919 0.389823 -0.200000
v 1.525173 0.392587 -0.200000
v 1.521351 0.395204 -0.200000
v 1.517454 0.397673 -0.200000
v 1.514490 0.399422 -0.200000
v 1.511531 0.401019 -0.200000
v 1.508577 0.402464 -0.200000
v 1.505628 0.403757 -0.200000
v 1.502683 0.404898 -0.200000
v 1.499743 0.405886 -0.200000
v 1.496808 0.406723 -0.200000
v 1.493878 0.407407 -0.200000
v 1.490952 0.407940 -0.200000
v 1.488031 0.408320 -0.200000
v 1.485115 0.408548 -0.200000
v 1.482204 0.408624 -0.200000
v 1.480871 0.408597 -0.200000
v 1.479609 0.408515 -0.200000
v 1.478418 0.408378 -0.200000
v 1.477299 0.408187 -0.200000
v 1.476251 0.407941 -0.200000
v 1.475274 0.407640 -0.200000
v 1.474368 0.407285 -0.200000
v 1.473534 0.406875 -0.200000
v 1.472771 0.406410 -0.200000
v 1.472080 0.405891 -0.200000
v 1.471459 0.405317 -0.200000
v 1.470910 0.404689 -0.200000
v 1.470418 0.403963 -0.200000
v 1.469969 0.403096 -0.200000
v 1.469563 0.402090 -0.200000
v 1.469199 0.400943 -0.200000
v 1.468878 0.399656 -0.200000
v 1.468600 0.398229 -0.200000
v 1.468365 0.396662 -0.200000
v 1.468172 0.394954 -0.200000
v 1.468023 0.393106 -0.200000
v 1.467916 0.391118 -0.200000
v 1.467852 0.388990 -0.200000
v 1.467830 0.386721 -0.200000
v 1.467830 0.112252 -0.200000
v 1.467842 0.108328 -0.200000
v 1.467878 0.104656 -0.200000
v 1.467937 0.101236 -0.200000
v 1.468020 0.098068 -0.200000
v 1.468127 0.095152 -0.200000
v 1.468258 0.092488 -0.200000
v 1.468413 0.090076 -0.200000
v 1.468591 0.087915 -0.200000
v 1.468793 0.086007 -0.200000
v 1.469019 0.084351 -0.200000
v 1.469268 0.082946 -0.200000
v 1.469541 0.081793 -0.200000
v 1.469843 0.080784 -0.200000
v 1.470178 0.079811 -0.200000
v 1.470547 0.078874 -0.200000
v 1.470948 0.077972 -0.200000
v 1.471383 0.077105 -0.200000
v 1.471851 0.076275 -0.200000
v 1.472353 0.075480 -0.200000
v 1.472888 0.074721 -0.200000
v 1.473456 0.073997 -0.200000
v 1.474057 0.073309 -0.200000
v 1.474692 0.072656 -0.200000
v 1.475359 0.072040 -0.200000
v 1.476065 0.071457 -0.200000
v 1.476814 0.070908 -0.200000
v 1.477605 0.070393 -0.200000
v 1.478440 0.069910 -0.200000
v 1.479317 0.069461 -0.200000
v 1.480236 0.069045 -0.200000
v 1.481199 0.068663 -0.200000
v 1.482204 0.068313 -0.200000
v 1.483252 0.067997 -0.200000
v 1.484343 0.067714 -0.200000
v 1.485477 0.067465 -0.200000
v 1.486653 0.067248 -0.200000
v 1.488017 0.067057 -0.200000
v 1.489714 0.066882 -0.200000
v 1.491744 0.066724 -0.200000
v 1.494106 0.066583 -0.200000
v 1.496801 0.066458 -0.200000
v 1.499829 0.066350 -0.200000
v 1.503189 0.066259 -0.200000
v 1.506883 0.066184 -0.200000
v 1.510909 0.066126 -0.200000
v 1.515267 0.066084 -0.200000
v 1.519959 0.066059 -0.200000
v 1.524983 0.066051 -0.200000
v 1.524983 0.000000 -0.200000
v 1.292266 0.000000 -0.200000
v 1.292266 0.066051 -0.200000
v 1.306297 0.066051 -0.200000
v 1.310059 0.066071 -0.200000
v 1.313589 0.066131 -0.200000
v 1.316885 0.066232 -0.200000
v 1.319948 0.066374 -0.200000
v 1.322779 0.066556 -0.200000
v 1.325377 0.066778 -0.200000
v 1.327741 0.067041 -0.200000
v 1.329873 0.067344 -0.200000
v 1.331772 0.067687 -0.200000
v 1.333438 0.068071 -0.200000
v 1.334871 0.068495 -0.200000
v 1.336071 0.068960 -0.200000
v 1.337134 0.069475 -0.200000
v 1.338153 0.070053 -0.200000
v 1.339130 0.070692 -0.200000
v 1.340064 0.071393 -0.200000
v 1.340955 0.072156 -0.200000
v 1.341804 0.072981 -0.200000
v 1.342609 0.073867 -0.200000
v 1.343372 0.074816 -0.200000
v 1.344092 0.075826 -0.200000
v 1.344770 0.076897 -0.200000
v 1.345404 0.078031 -0.200000
v 1.345996 0.079227 -0.200000
v 1.346542 0.080563 -0.200000
v 1.347042 0.082121 -0.200000
v 1.347493 0.083900 -0.200000
v 1.347897 0.085900 -0.200000
v 1.348254 0.088121 -0.200000
v 1.348563 0.090563 -0.200000
v 1.348824 0.093226 -0.200000
v 1.349038 0.096110 -0.200000
v 1.349204 0.099215 -0.200000
v 1.349323 0.102541 -0.200000
v 1.349395 0.106088 -0.200000
v 1.349418 0.109856 -0.200000
v 1.349418 0.390486 -0.200000
v 1.349399 0.392421 -0.200000
v 1.349342 0.394231 -0.200000
v 1.349247 0.395919 -0.200000
v 1.349114 0.397483 -0.200000
v 1.348943 0.398923 -0.200000
v 1.348734 0.400240 -0.200000
v 1.348487 0.401433 -0.200000
v 1.348202 0.402502 -0.200000
v 1.347879 0.403448 -0.200000
v 1.347517 0.404270 -0.200000
v 1.347118 0.404969 -0.200000
v 1.346680 0.405544 -0.200000
v 1.346181 0.406036 -0.200000
v 1.345597 0.406485 -0.200000
v 1.344926 0.406892 -0.200000
v 1.344171 0.407255 -0.200000
v 1.343329 0.407576 -0.200000
v 1.342402 0.407854 -0.200000
v 1.341390 0.408090 -0.200000
v 1.340292 0.408282 -0.200000
v 1.339108 0.408432 -0.200000
v 1.337839 0.408539 -0.200000
v 1.336485 0.408603 -0.200000
v 1.335045 0.408624 -0.200000
v 1.332050 0.408532 -0.200000
v 1.328998 0.408253 -0.200000
v 1.325890 0.407790 -0.200000
v 1.322724 0.407141 -0.200000
v 1.319502 0.406307 -0.200000
v 1.316222 0.405288 -0.200000
v 1.312885 0.404083 -0.200000
v 1.309491 0.402692 -0.200000
v 1.306040 0.401117 -0.200000
v 1.302533 0.399356 -0.200000
v 1.298968 0.397409 -0.200000
v 1.295346 0.395277 -0.200000
v 1.291728 0.392977 -0.200000
v 1.288178 0.390524 -0.200000
v 1.284694 0.387919 -0.200000
v 1.281276 0.385162 -0.200000
v 1.277925 0.382253 -0.200000
v 1.274641 0.379192 -0.200000
v 1.271423 0.375979 -0.200000
v 1.268271 0.372614 -0.200000
v 1.265187 0.369096 -0.200000
v 1.262168 0.365427 -0.200000
v 1.259217 0.361605 -0.200000
v 1.256331 0.357632 -0.200000
v 1.255084 0.355795 -0.200000
v 1.253622 0.353477 -0.200000
v 1.251946 0.350680 -0.200000
v 1.250057 0.347403 -0.200000
v 1.247954 0.343645 -0.200000
v 1.245637 0.339408 -0.200000
v 1.243106 0.334690 -0.200000
v 1.240360 0.329493 -0.200000
v 1.237402 0.323815 -0.200000
v 1.234229 0.317657 -0.200000
v 1.230842 0.311019 -0.200000
v 1.227242 0.303901 -0.200000
v 0.685489 0.411362 -0.200000
v 0.685489 0.477413 -0.200000
v 1.083847 0.477413 -0.200000
v 1.138262 0.326489 -0.200000
v 1.076318 0.304244 -0.200000
v 1.073657 0.310304 -0.200000
v 1.070923 0.316165 -0.200000
v 1.068115 0.321826 -0.200000
v 1.065233 0.327287 -0.200000
v 1.062278 0.332549 -0.200000
v 1.059249 0.337611 -0.200000
v 1.056146 0.342474 -0.200000
v 1.052970 0.347137 -0.200000
v 1.049720 0.351600 -0.200000
v 1.046396 0.355864 -0.200000
v 1.042999 0.359928 -0.200000
v 1.039528 0.363792 -0.200000
v 1.035989 0.367451 -0.200000
v 1.032388 0.370898 -0.200000
v 1.028726 0.374134 -0.200000
v 1.025002 0.377158 -0.200000
v 1.021216 0.379971 -0.200000
v 1.017368 0.382572 -0.200000
v 1.013459 0.384962 -0.200000
v 1.009488 0.387140 -0.200000
v 1.005454 0.389106 -0.200000
v 1.001360 0.390861 -0.200000
v 0.997203 0.392405 -0.200000
v 0.992984 0.393737 -0.200000
v 0.988677 0.394912 -0.200000
v 0.984253 0.395985 -0.200000
v 0.979712 0.396956 -0.200000
v 0.975055 0.397825 -0.200000
v 0.970282 0.398591 -0.200000
v 0.965392 0.399256 -0.200000
v 0.960386 0.399818 -0.200000
v 0.955263 0.400278 -0.200000
v 0.950024 0.400635 -0.200000
v 0.944668 0.400891 -0.200000
v 0.939196 0.401044 -0.200000
v 0.933607 0.401095 -0.200000
v 0.860712 0.401095 -0.200000
v 0.860712 0.281999 -0.200000
v 0.884668 0.281999 -0.200000
v 0.889052 0.282026 -0.200000
v 0.893191 0.282108 -0.200000
v 0.897085 0.282245 -0.200000
v 0.900734 0.282436 -0.200000
v 0.904139 0.282682 -0.200000
v 0.907298 0.282983 -0.200000
v 0.910213 0.283338 -0.200000
v 0.912883 0.283748 -0.200000
v 0.915309 0.284212 -0.200000
v 0.917489 0.284732 -0.200000
v 0.919425 0.285306 -0.200000
v 0.921116 0.285934 -0.200000
v 0.922647 0.286621 -0.200000
v 0.924105 0.287370 -0.200000
v 0.925490 0.288180 -0.200000
v 0.926801 0.289052 -0.200000
v 0.928038 0.289986 -0.200000
v 0.929201 0.290982 -0.200000
v 0.930291 0.292040 -0.200000
v 0.931307 0.293159 -0.200000
v 0.932249 0.294340 -0.200000
v 0.933118 0.295583 -0.200000
v 0.933913 0.296888 -0.200000
v 0.934634 0.298255 -0.200000
v 0.935290 0.299767 -0.200000
v 0.935889 0.301511 -0.200000
v 0.936431 0.303484 -0.200000
v 0.936915 0.305689 -0.200000
v 0.937343 0.308123 -0.200000
v 0.937714 0.310789 -0.200000
v 0.938028 0.313685 -0.200000
v 0.938284 0.316811 -0.200000
v 0.938484 0.320168 -0.200000
v 0.938626 0.323756 -0.200000
v 0.938712 0.327574 -0.200000
v 0.938741 0.331622 -0.200000
v 0.938741 0.349760 -0.200000
v 0.999658 0.349760 -0.200000
v 0.999658 0.147844 -0.200000
v 0.938741 0.147844 -0.200000
v 0.938741 0.168378 -0.200000
v 0.938706 0.171779 -0.200000
v 0.938603 0.175023 -0.200000
v 0.938430 0.178110 -0.200000
v 0.938189 0.181040 -0.200000
v 0.937879 0.183814 -0.200000
v 0.937500 0.186431 -0.200000
v 0.937052 0.188890 -0.200000
v 0.936535 0.191193 -0.200000
v 0.935949 0.193339 -0.200000
v 0.935295 0.195329 -0.200000
v 0.934571 0.197161 -0.200000
v 0.933778 0.198836 -0.200000
v 0.932926 0.200391 -0.200000
v 0.932024 0.201859 -0.200000
v 0.931072 0.203243 -0.200000
v 0.930071 0.204540 -0.200000
v 0.929019 0.205752 -0.200000
v 0.927918 0.206879 -0.200000
v 0.926766 0.207920 -0.200000
v 0.925565 0.208875 -0.200000
v 0.924313 0.209745 -0.200000
v 0.923012 0.210529 -0.200000
v 0.921661 0.211228 -0.200000
v 0.920260 0.211841 -0.200000
v 0.918689 0.212388 -0.200000
v 0.916828 0.212887 -0.200000
v 0.914677 0.213338 -0.200000
v 0.912237 0.213743 -0.200000
v 0.909506 0.214099 -0.200000
v 0.906485 0.214408 -0.200000
v 0.903175 0.214669 -0.200000
v 0.899574 0.214883 -0.200000
v 0.895684 0.215050 -0.200000
v 0.891503 0.215168 -0.200000
v 0.887033 0.215240 -0.200000
v 0.882272 0.215264 -0.200000
v 0.860712 0.215264 -0.200000
v 0.860712 0.105749 -0.200000
v 0.860724 0.102936 -0.200000
v 0.860759 0.100312 -0.200000
v 0.860819 0.097878 -0.200000
v 0.860902 0.095635 -0.200000
v 0.861009 0.093581 -0.200000
v 0.861140 0.091718 -0.200000
v 0.861294 0.090045 -0.200000
v 0.861472 0.088562 -0.200000
v 0.861674 0.087269 -0.200000
v 0.861900 0.086166 -0.200000
v 0.862150 0.085254 -0.200000
v 0.862423 0.084531 -0.200000
v 0.862731 0.083916 -0.200000
v 0.863084 0.083324 -0.200000
v 0.863482 0.082756 -0.200000
v 0.863925 0.082212 -0.200000
v 0.864413 0.081691 -0.200000
v 0.864947 0.081194 -0.200000
v 0.865526 0.080721 -0.200000
v 0.866150 0.080272 -0.200000
v 0.866819 0.079847 -0.200000
v 0.867533 0.079445 -0.200000
v 0.868292 0.079067 -0.200000
v 0.869097 0.078713 -0.200000
v 0.870003 0.078385 -0.200000
v 0.871069 0.078086 -0.200000
v 0.872294 0.077815 -0.200000
v 0.873679 0.077572 -0.200000
v 0.875222 0.077359 -0.200000
v 0.876925 0.077173 -0.200000
v 0.878787 0.077016 -0.200000
v 0.880808 0.076888 -0.200000
v 0.882989 0.076788 -0.200000
v 0.885329 0.076717 -0.200000
v 0.887828 0.076674 -0.200000
v 0.890486 0.076660 -0.200000
v 0.930527 0.076660 -0.200000
v 0.937902 0.076749 -0.200000
v 0.945081 0.077016 -0.200000
v 0.952066 0.077462 -0.200000
v 0.958856 0.078086 -0.200000
v 0.965451 0.078888 -0.200000
v 0.971852 0.079868 -0.200000
v 0.978057 0.081027 -0.200000
v 0.984067 0.082364 -0.200000
v 0.989883 0.083879 -0.200000
v 0.995504 0.085572 -0.200000
v 1.000929 0.087444 -0.200000
v 1.006160 0.089494 -0.200000
v 1.011247 0.091742 -0.200000
v 1.016242 0.094209 -0.200000
v 1.021144 0.096894 -0.200000
v 1.025953 0.099798 -0.200000
v 1.030669 0.102921 -0.200000
v 1.035293 0.106263 -0.200000
v 1.039824 0.109823 -0.200000
v 1.044262 0.113602 -0.200000
v 1.048608 0.117599 -0.200000
v 1.052860 0.121815 -0.200000
v 1.057021 0.126250 -0.200000
v 1.061088 0.130904 -0.200000
v 1.065032 0.135741 -0.200000
v 1.068822 0.140728 -0.200000
v 1.072457 0.145865 -0.200000
v 1.075938 0.151152 -0.200000
v 1.079264 0.156589 -0.200000
v 1.082435 0.162175 -0.200000
v 1.085452 0.167911 -0.200000
v 1.088315 0.173797 -0.200000
v 1.091023 0.179832 -0.200000
v 1.093577 0.186017 -0.200000
v 1.095976 0.192352 -0.200000
v 1.098220 0.198836 -0.200000
v 1.160849 0.177276 -0.200000
v 1.098220 0.000000 -0.200000
v 0.685489 0.000000 -0.200000
v 0.685489 0.066051 -0.200000
v 0.697468 0.066051 -0.200000
v 0.701351 0.066074 -0.200000
v 0.705016 0.066146 -0.200000
v 0.708462 0.066265 -0.200000
v 0.711689 0.066431 -0.200000
v 0.714698 0.066645 -0.200000
v 0.717488 0.066906 -0.200000
v 0.720060 0.067215 -0.200000
v 0.722412 0.067572 -0.200000
v 0.724547 0.067976 -0.200000
v 0.726462 0.068427 -0.200000
v 0.728159 0.068926 -0.200000
v 0.729637 0.069473 -0.200000
v 0.730973 0.070079 -0.200000
v 0.732242 0.070756 -0.200000
v 0.733445 0.071505 -0.200000
v 0.734581 0.072325 -0.200000
v 0.735650 0.073216 -0.200000
v 0.736653 0.074179 -0.200000
v 0.737589 0.075212 -0.200000
v 0.738459 0.076318 -0.200000
v 0.739263 0.077494 -0.200000
v 0.739999 0.078742 -0.200000
v 0.740669 0.080061 -0.200000
v 0.741273 0.081451 -0.200000
v 0.741546 0.082437 -0.200000
v 0.741796 0.083685 -0.200000
v 0.742022 0.085194 -0.200000
v 0.742224 0.086965 -0.200000
v 0.742402 0.088997 -0.200000
v 0.742557 0.091290 -0.200000
v 0.742687 0.093845 -0.200000
v 0.742794 0.096661 -0.200000
v 0.742877 0.099739 -0.200000
v 0.742937 0.103078 -0.200000
v 0.742972 0.106679 -0.200000
v 0.742984 0.110541 -0.200000
v 0.742984 0.370637 -0.200000
v 0.742964 0.374071 -0.200000
v 0.742903 0.377301 -0.200000
v 0.742802 0.380326 -0.200000
v 0.742661 0.383147 -0.200000
v 0.742479 0.385764 -0.200000
v 0.742257 0.388176 -0.200000
v 0.741994 0.390384 -0.200000
v 0.741691 0.392387 -0.200000
v 0.741348 0.394186 -0.200000
v 0.740964 0.395781 -0.200000
v 0.740540 0.397171 -0.200000
v 0.740075 0.398357 -0.200000
v 0.739568 0.399418 -0.200000
v 0.739015 0.400434 -0.200000
v 0.738418 0.401405 -0.200000
v 0.737775 0.402331 -0.200000
v 0.737087 0.403212 -0.200000
v 0.736354 0.404047 -0.200000
v 0.735575 0.404837 -0.200000
v 0.734752 0.405582 -0.200000
v 0.733883 0.406282 -0.200000
v 0.732969 0.406937 -0.200000
v 0.732010 0.407546 -0.200000
v 0.731006 0.408111 -0.200000
v 0.729896 0.408630 -0.200000
v 0.728620 0.409104 -0.200000
v 0.727177 0.409533 -0.200000
v 0.725568 0.409917 -0.200000
v 0.723793 0.410256 -0.200000
v 0.721851 0.410549 -0.200000
v 0.719743 0.410798 -0.200000
v 0.717469 0.411001 -0.200000
v 0.715028 0.411159 -0.200000
v 0.712421 0.411272 -0.200000
v 0.709648 0.411339 -0.200000
v 0.706708 0.411362 -0.200000
v 0.027379 0.411362 -0.200000
v 0.027379 0.477413 -0.200000
v 0.243327 0.477413 -0.200000
v 0.326146 0.186858 -0.200000
v 0.412047 0.477413 -0.200000
v 0.631759 0.477413 -0.200000
v 0.631759 0.411362 -0.200000
v 0.608145 0.411362 -0.200000
v 0.605033 0.411306 -0.200000
v 0.602085 0.411139 -0.200000
v 0.599301 0.410859 -0.200000
v 0.596680 0.410468 -0.200000
v 0.594224 0.409966 -0.200000
v 0.591932 0.409351 -0.200000
v 0.589804 0.408625 -0.200000
v 0.587839 0.407788 -0.200000
v 0.586039 0.406838 -0.200000
v 0.584403 0.405777 -0.200000
v 0.582931 0.404604 -0.200000
v 0.581622 0.403320 -0.200000
v 0.580447 0.401881 -0.200000
v 0.579374 0.400244 -0.200000
v 0.578403 0.398411 -0.200000
v 0.577534 0.396380 -0.200000
v 0.576768 0.394152 -0.200000
v 0.576104 0.391727 -0.200000
v 0.575542 0.389104 -0.200000
v 0.575082 0.386284 -0.200000
v 0.574724 0.383267 -0.200000
v 0.574469 0.380053 -0.200000
v 0.574315 0.376641 -0.200000
v 0.574264 0.373032 -0.200000
v 0.574264 0.101985 -0.200000
v 0.574278 0.099112 -0.200000
v 0.574321 0.096424 -0.200000
v 0.574393 0.093921 -0.200000
v 0.574492 0.091604 -0.200000
v 0.574621 0.089472 -0.200000
v 0.574778 0.087526 -0.200000
v 0.574963 0.085765 -0.200000
v 0.575177 0.084189 -0.200000
v 0.575419 0.082799 -0.200000
v 0.575690 0.081594 -0.200000
v 0.575990 0.080574 -0.200000
v 0.576318 0.079740 -0.200000
v 0.576848 0.078628 -0.200000
v 0.577411 0.077572 -0.200000
v 0.578007 0.076574 -0.200000
v 0.578637 0.075633 -0.200000
v 0.579300 0.074749 -0.200000
v 0.579997 0.073922 -0.200000
v 0.580726 0.073152 -0.200000
v 0.581489 0.072439 -0.200000
v 0.582285 0.071783 -0.200000
v 0.583115 0.071184 -0.200000
v 0.583977 0.070642 -0.200000
v 0.584873 0.070157 -0.200000
v 0.586161 0.069501 -0.200000
v 0.587516 0.068903 -0.200000
v 0.588937 0.068361 -0.200000
v 0.590425 0.067876 -0.200000
v 0.591979 0.067448 -0.200000
v 0.593600 0.067077 -0.200000
v 0.595288 0.066764 -0.200000
v 0.597042 0.066507 -0.200000
v 0.598862 0.066307 -0.200000
v 0.600749 0.066165 -0.200000
v 0.602703 0.066079 -0.200000
v 0.604723 0.066051 -0.200000
v 0.631759 0.066051 -0.200000
v 0.631759 0.000000 -0.200000
v 0.402122 0.000000 -0.200000
v 0.402122 0.066051 -0.200000
v 0.419918 0.066051 -0.200000
v 0.423081 0.066072 -0.200000
v 0.426069 0.066136 -0.200000
v 0.428880 0.066243 -0.200000
v 0.431516 0.066393 -0.200000
v 0.433976 0.066585 -0.200000
v 0.436259 0.066821 -0.200000
v 0.438367 0.067099 -0.200000
v 0.440300 0.067420 -0.200000
v 0.442056 0.067783 -0.200000
v 0.443636 0.068190 -0.200000
v 0.445041 0.068639 -0.200000
v 0.446270 0.069131 -0.200000
v 0.447385 0.069667 -0.200000
v 0.448451 0.070248 -0.200000
v 0.449467 0.070874 -0.200000
v 0.450433 0.071545 -0.200000
v 0.451350 0.072262 -0.200000
v 0.452216 0.073024 -0.200000
v 0.453032 0.073830 -0.200000
v 0.453799 0.074682 -0.200000
v 0.454515 0.075580 -0.200000
v 0.455182 0.076522 -0.200000
v 0.455799 0.077509 -0.200000
v 0.456366 0.078542 -0.200000
v 0.456885 0.079672 -0.200000
v 0.457359 0.080952 -0.200000
v 0.457788 0.082382 -0.200000
v 0.458172 0.083961 -0.200000
v 0.458510 0.085690 -0.200000
v 0.458804 0.087568 -0.200000
v 0.459052 0.089597 -0.200000
v 0.459255 0.091775 -0.200000
v 0.459413 0.094103 -0.200000
v 0.459526 0.096581 -0.200000
v 0.459594 0.099208 -0.200000
v 0.459617 0.101985 -0.200000
v 0.459617 0.395619 -0.200000
v 0.343258 0.000000 -0.200000
v 0.277207 0.000000 -0.200000
v 0.164613 0.382957 -0.200000
v 0.164613 0.092745 -0.200000
v 0.164638 0.091121 -0.200000
v 0.164713 0.089560 -0.200000
v 0.164838 0.088060 -0.200000
v 0.165013 0.086623 -0.200000
v 0.165237 0.085247 -0.200000
v 0.165512 0.083932 -0.200000
v 0.165836 0.082680 -0.200000
v 0.166210 0.081489 -0.200000
v 0.166635 0.080360 -0.200000
v 0.167109 0.079293 -0.200000
v 0.167633 0.078288 -0.200000
v 0.168207 0.077344 -0.200000
v 0.168827 0.076450 -0.200000
v 0.169490 0.075590 -0.200000
v 0.170196 0.074767 -0.200000
v 0.170945 0.073979 -0.200000
v 0.171736 0.073227 -0.200000
v 0.172570 0.072510 -0.200000
v 0.173447 0.071829 -0.200000
v 0.174367 0.071184 -0.200000
v 0.175329 0.070575 -0.200000
v 0.176335 0.070001 -0.200000
v 0.177383 0.069462 -0.200000
v 0.178474 0.068960 -0.200000
v 0.179642 0.068495 -0.200000
v 0.180922 0.068071 -0.200000
v 0.182313 0.067687 -0.200000
v 0.183816 0.067344 -0.200000
v 0.185431 0.067041 -0.200000
v 0.187158 0.066778 -0.200000
v 0.188996 0.066556 -0.200000
v 0.190946 0.066374 -0.200000
v 0.193008 0.066232 -0.200000
v 0.195181 0.066131 -0.200000
v 0.197466 0.066071 -0.200000
v 0.199863 0.066051 -0.200000
v 0.222793 0.066051 -0.200000
v 0.222793 0.000000 -0.200000
v 0.027379 0.000000 -0.200000
v 0.027379 0.066051 -0.200000
v 0.046543 0.066051 -0.200000
v 0.049487 0.066073 -0.200000
v 0.052271 0.066141 -0.200000
v 0.054896 0.066254 -0.200000
v 0.057362 0.066412 -0.200000
v 0.059668 0.066615 -0.200000
v 0.061816 0.066863 -0.200000
v 0.063804 0.067157 -0.200000
v 0.065632 0.067496 -0.200000
v 0.067302 0.067879 -0.200000
v 0.068812 0.068308 -0.200000
v 0.070163 0.068783 -0.200000
v 0.071355 0.069302 -0.200000
v 0.072444 0.069870 -0.200000
v 0.073485 0.070490 -0.200000
v 0.074478 0.071163 -0.200000
v 0.075424 0.071888 -0.200000
v 0.076322 0.072665 -0.200000
v 0.077173 0.073494 -0.200000
v 0.077976 0.074376 -0.200000
v 0.078732 0.075310 -0.200000
v 0.079440 0.076296 -0.200000
v 0.080101 0.077335 -0.200000
v 0.080714 0.078426 -0.200000
v 0.081280 0.079569 -0.200000
v 0.081799 0.080820 -0.200000
v 0.082273 0.082235 -0.200000
v 0.082702 0.083815 -0.200000
v 0.083086 0.085558 -0.200000
v 0.083425 0.087465 -0.200000
v 0.083718 0.089536 -0.200000
v 0.083967 0.091771 -0.200000
v 0.084170 0.094171 -0.200000
v 0.084328 0.096734 -0.200000
v 0.084441 0.099461 -0.200000
v 0.084509 0.102352 -0.200000
v 0.084531 0.105407 -0.200000
v 0.084531 0.373032 -0.200000
v 0.084515 0.376022 -0.200000
v 0.084465 0.378831 -0.200000
v 0.084381 0.381460 -0.200000
v 0.084265 0.383908 -0.200000
v 0.084115 0.386175 -0.200000
v 0.083932 0.388261 -0.200000
v 0.083716 0.390168 -0.200000
v 0.083466 0.391893 -0.200000
v 0.083184 0.393438 -0.200000
v 0.082868 0.394802 -0.200000
v 0.082518 0.395985 -0.200000
v 0.082136 0.396988 -0.200000
v 0.081601 0.398215 -0.200000
v 0.081023 0.399384 -0.200000
v 0.080403 0.400496 -0.200000
v 0.079740 0.401551 -0.200000
v 0.079034 0.402550 -0.200000
v 0.078285 0.403491 -0.200000
v 0.077494 0.404375 -0.200000
v 0.076660 0.405202 -0.200000
v 0.075783 0.405972 -0.200000
v 0.074863 0.406685 -0.200000
v 0.073901 0.407341 -0.200000
v 0.072895 0.407940 -0.200000
v 0.071819 0.408486 -0.200000
v 0.070642 0.408986 -0.200000
v 0.069366 0.409437 -0.200000
v 0.067990 0.409841 -0.200000
v 0.066514 0.410198 -0.200000
v 0.064938 0.410507 -0.200000
v 0.063263 0.410768 -0.200000
v 0.061488 0.410982 -0.200000
v 0.059612 0.411148 -0.200000
v 0.057637 0.411267 -0.200000
v 0.055563 0.411338 -0.200000
v 0.053388 0.411362 -0.200000
v 0.027379 0.411362 -0.200000
v 0.027379 0.411362 0.200000
v 0.027379 0.477413 -0.200000
v 0.027379 0.477413 0.200000
v 0.243327 0.477413 -0.200000
v 0.243327 0.477413 0.200000
v 0.326146 0.186858 -0.200000
v 0.326146 0.186858 0.200000
v 0.412047 0.477413 -0.200000
v 0.412047 0.477413 0.200000
v 0.631759 0.477413 -0.200000
v 0.631759 0.477413 0.200000
v 0.631759 0.411362 -0.200000
v 0.631759 0.411362 0.200000
v 0.608145 0.411362 -0.200000
v 0.608145 0.411362 0.200000
v 0.605033 0.411306 -0.200000
v 0.605033 0.411306 0.200000
v 0.602085 0.411139 -0.200000
v 0.602085 0.411139 0.200000
v 0.599301 0.410859 -0.200000
v 0.599301 0.410859 0.200000
v 0.596680 0.410468 -0.200000
v 0.596680 0.410468 0.200000
v 0.594224 0.409966 -0.200000
v 0.594224 0.409966 0.200000
v 0.591932 0.409351 -0.200000
v 0.591932 0.409351 0.200000
v 0.589804 0.408625 -0.200000
v 0.589804 0.408625 0.200000
v 0.587839 0.407788 -0.200000
v 0.587839 0.407788 0.200000
v 0.586039 0.406838 -0.200000
v 0.586039 0.406838 0.200000
v 0.584403 0.405777 -0.200000
v 0.584403 0.405777 0.200000
v 0.582931 0.404604 -0.200000
v 0.582931 0.404604 0.200000
v 0.581622 0.403320 -0.200000
v 0.581622 0.403320 0.200000
v 0.580447 0.401881 -0.200000
v 0.580447 0.401881 0.200000
v 0.579374 0.400244 -0.200000
v 0.579374 0.400244 0.200000
v 0.578403 0.398411 -0.200000
v 0.578403 0.398411 0.200000
v 0.577534 0.396380 -0.200000
v 0.577534 0.396380 0.200000
v 0.576768 0.394152 -0.200000
v 0.576768 0.394152 0.200000
v 0.576104 0.391727 -0.200000
v 0.576104 0.391727 0.200000
v 0.575542 0.389104 -0.200000
v 0.575542 0.389104 0.200000
v 0.575082 0.386284 -0.200000
v 0.575082 0.386284 0.200000
v 0.574724 0.383267 -0.200000
v 0.574724 0.383267 0.200000
v 0.574469 0.380053 -0.200000
v 0.574469 0.380053 0.200000
v 0.574315 0.376641 -0.200000
v 0.574315 0.376641 0.200000
v 0.574264 0.373032 -0.200000
v 0.574264 0.373032 0.200000
v 0.574264 0.101985 -0.200000
v 0.574264 0.101985 0.200000
v 0.574278 0.099112 -0.200000
v 0.574278 0.099112 0.200000
v 0.574321 0.096424 -0.200000
v 0.574321 0.096424 0.200000
v 0.574393 0.093921 -0.200000
v 0.574393 0.093921 0.200000
v 0.574492 0.091604 -0.200000
v 0.574492 0.091604 0.200000
v 0.574621 0.089472 -0.200000
v 0.574621 0.089472 0.200000
v 0.574778 0.087526 -0.200000
v 0.574778 0.087526 0.200000
v 0.574963 0.085765 -0.200000
v 0.574963 0.085765 0.200000
v 0.575177 0.084189 -0.200000
v 0.575177 0.084189 0.200000
v 0.575419 0.082799 -0.200000
v 0.575419 0.082799 0.200000
v 0.575690 0.081594 -0.200000
v 0.575690 0.081594 0.200000
v 0.575990 0.080574 -0.200000
v 0.575990 0.080574 0.200000
v 0.576318 0.079740 -0.200000
v 0.576318 0.079740 0.200000
v 0.576848 0.078628 -0.200000
v 0.576848 0.078628 0.200000
v 0.577411 0.077572 -0.200000
v 0.577411 0.077572 0.200000
v 0.578007 0.076574 -0.200000
v 0.578007 0.076574 0.200000
v 0.578637 0.075633 -0.200000
v 0.578637 0.075633 0.200000
v 0.579300 0.074749 -0.200000
v 0.579300 0.074749 0.200000
v 0.579997 0.073922 -0.200000
v 0.579997 0.073922 0.200000
v 0.580726 0.073152 -0.200000
v 0.580726 0.073152 0.200000
v 0.581489 0.072439 -0.200000
v 0.581489 0.072439 0.200000
v 0.582285 0.071783 -0.200000
v 0.582285 0.071783 0.200000
v 0.583115 0.071184 -0.200000
v 0.583115 0.071184 0.200000
v 0.583977 0.070642 -0.200000
v 0.583977 0.070642 0.200000
v 0.584873 0.070157 -0.200000
v 0.584873 0.070157 0.200000
v 0.586161 0.069501 -0.200000
v 0.586161 0.069501 0.200000
v 0.587516 0.068903 -0.200000
v 0.587516 0.068903 0.200000
v 0.588937 0.068361 -0.200000
v 0.588937 0.068361 0.200000
v 0.590425 0.067876 -0.200000
v 0.590425 0.067876 0.200000
v 0.591979 0.067448 -0.200000
v 0.591979 0.067448 0.200000
v 0.593600 0.067077 -0.200000
v 0.593600 0.067077 0.200000
v 0.595288 0.066764 -0.200000
v 0.595288 0.066764 0.200000
v 0.597042 0.066507 -0.200000
v 0.597042 0.066507 0.200000
v 0.598862 0.066307 -0.200000
v 0.598862 0.066307 0.200000
v 0.600749 0.066165 -0.200000
v 0.600749 0.066165 0.200000
v 0.602703 0.066079 -0.200000
v 0.602703 0.066079 0.200000
v 0.604723 0.066051 -0.200000
v 0.604723 0.066051 0.200000
v 0.631759 0.066051 -0.200000
v 0.631759 0.066051 0.200000
v 0.631759 0.000000 -0.200000
v 0.631759 -0.000000 0.200000
v 0.402122 0.000000 -0.200000
v 0.402122 -0.000000 0.200000
v 0.402122 0.066051 -0.200000
v 0.402122 0.066051 0.200000
v 0.419918 0.066051 -0.200000
v 0.419918 0.066051 0.200000
v 0.423081 0.066072 -0.200000
v 0.423081 0.066072 0.200000
v 0.426069 0.066136 -0.200000
v 0.426069 0.066136 0.200000
v 0.428880 0.066243 -0.200000
v 0.428880 0.066243 0.200000
v 0.431516 0.066393 -0.200000
v 0.431516 0.066393 0.200000
v 0.433976 0.066585 -0.200000
v 0.433976 0.066585 0.200000
v 0.436259 0.066821 -0.200000
v 0.436259 0.066821 0.200000
v 0.438367 0.067099 -0.200000
v 0.438367 0.067099 0.200000
v 0.440300 0.067420 -0.200000
v 0.440300 0.067420 0.200000
v 0.442056 0.067783 -0.200000
v 0.442056 0.067783 0.200000
v 0.443636 0.068190 -0.200000
v 0.443636 0.068190 0.200000
v 0.445041 0.068639 -0.200000
v 0.445041 0.068639 0.200000
v 0.446270 0.069131 -0.200000
v 0.446270 0.069131 0.200000
v 0.447385 0.069667 -0.200000
v 0.447385 0.069667 0.200000
v 0.448451 0.070248 -0.200000
v 0.448451 0.070248 0.200000
v 0.449467 0.070874 -0.200000
v 0.449467 0.070874 0.200000
v 0.450433 0.071545 -0.200000
v 0.450433 0.071545 0.200000
v 0.451350 0.072262 -0.200000
v 0.451350 0.072262 0.200000
v 0.452216 0.073024 -0.200000
v 0.452216 0.073024 0.200000
v 0.453032 0.073830 -0.200000
v 0.453032 0.073830 0.200000
v 0.453799 0.074682 -0.200000
v 0.453799 0.074682 0.200000
v 0.454515 0.075580 -0.200000
v 0.454515 0.075580 0.200000
v 0.455182 0.076522 -0.200000
v 0.455182 0.076522 0.200000
v 0.455799 0.077509 -0.200000
v 0.455799 0.077509 0.200000
v 0.456366 0.078542 -0.200000
v 0.456366 0.078542 0.200000
v 0.456885 0.079672 -0.200000
v 0.456885 0.079672 0.200000
v 0.457359 0.080952 -0.200000
v 0.457359 0.080952 0.200000
v 0.457788 0.082382 -0.200000
v 0.457788 0.082381 0.200000
v 0.458172 0.083961 -0.200000
v 0.458172 0.083961 0.200000
v 0.458510 0.085690 -0.200000
v 0.458510 0.085690 0.200000
v 0.458804 0.087568 -0.200000
v 0.458804 0.087568 0.200000
v 0.459052 0.089597 -0.200000
v 0.459052 0.089597 0.200000
v 0.459255 0.091775 -0.200000
v 0.459255 0.091775 0.200000
v 0.459413 0.094103 -0.200000
v 0.459413 0.094103 0.200000
v 0.459526 0.096581 -0.200000
v 0.459526 0.096581 0.200000
v 0.459594 0.099208 -0.200000
v 0.459594 0.099208 0.200000
v 0.459617 0.101985 -0.200000
v 0.459617 0.101985 0.200000
v 0.459617 0.395619 -0.200000
v 0.459617 0.395619 0.200000
v 0.343258 0.000000 -0.200000
v 0.343258 -0.000000 0.200000
v 0.277207 0.000000 -0.200000
v 0.277207 -0.000000 0.200000
v 0.164613 0.382957 -0.200000
v 0.164613 0.382957 0.200000
v 0.164613 0.092745 -0.200000
v 0.164613 0.092745 0.200000
v 0.164638 0.091121 -0.200000
v 0.164638 0.091121 0.200000
v 0.164713 0.089560 -0.200000
v 0.164713 0.089560 0.200000
v 0.164838 0.088060 -0.200000
v 0.164838 0.088060 0.200000
v 0.165013 0.086623 -0.200000
v 0.165013 0.086623 0.200000
v 0.165237 0.085247 -0.200000
v 0.165237 0.085246 0.200000
v 0.165512 0.083932 -0.200000
v 0.165512 0.083932 0.200000
v 0.165836 0.082680 -0.200000
v 0.165836 0.082680 0.200000
v 0.166210 0.081489 -0.200000
v 0.166210 0.081489 0.200000
v 0.166635 0.080360 -0.200000
v 0.166635 0.080360 0.200000
v 0.167109 0.079293 -0.200000
v 0.167109 0.079293 0.200000
v 0.167633 0.078288 -0.200000
v 0.167633 0.078288 0.200000
v 0.168207 0.077344 -0.200000
v 0.168207 0.077344 0.200000
v 0.168827 0.076450 -0.200000
v 0.168827 0.076449 0.200000
v 0.169490 0.075590 -0.200000
v 0.169490 0.075590 0.200000
v 0.170196 0.074767 -0.200000
v 0.170196 0.074767 0.200000
v 0.170945 0.073979 -0.200000
v 0.170945 0.073979 0.200000
v 0.171736 0.073227 -0.200000
v 0.171736 0.073227 0.200000
v 0.172570 0.072510 -0.200000
v 0.172570 0.072510 0.200000
v 0.173447 0.071829 -0.200000
v 0.173447 0.071829 0.200000
v 0.174367 0.071184 -0.200000
v 0.174367 0.071184 0.200000
v 0.175329 0.070575 -0.200000
v 0.175329 0.070575 0.200000
v 0.176335 0.070001 -0.200000
v 0.176335 0.070001 0.200000
v 0.177383 0.069462 -0.200000
v 0.177383 0.069462 0.200000
v 0.178474 0.068960 -0.200000
v 0.178474 0.068960 0.200000
v 0.179642 0.068495 -0.200000
v 0.179642 0.068495 0.200000
v 0.180922 0.068071 -0.200000
v 0.180922 0.068071 0.200000
v 0.182313 0.067687 -0.200000
v 0.182313 0.067687 0.200000
v 0.183816 0.067344 -0.200000
v 0.183816 0.067344 0.200000
v 0.185431 0.067041 -0.200000
v 0.185431 0.067041 0.200000
v 0.187158 0.066778 -0.200000
v 0.187158 0.066778 0.200000
v 0.188996 0.066556 -0.200000
v 0.188996 0.066556 0.200000
v 0.190946 0.066374 -0.200000
v 0.190946 0.066374 0.200000
v 0.193008 0.066232 -0.200000
v 0.193008 0.066232 0.200000
v 0.195181 0.066131 -0.200000
v 0.195181 0.066131 0.200000
v 0.197466 0.066071 -0.200000
v 0.197466 0.066071 0.200000
v 0.199863 0.066051 -0.200000
v 0.199863 0.066051 0.200000
v 0.222793 0.066051 -0.200000
v 0.222793 0.066051 0.200000
v 0.222793 0.000000 -0.200000
v 0.222793 -0.000000 0.200000
v 0.027379 0.000000 -0.200000
v 0.027379 -0.000000 0.200000
v 0.027379 0.066051 -0.200000
v 0.027379 0.066051 0.200000
v 0.046543 0.066051 -0.200000
v 0.046543 0.066051 0.200000
v 0.049487 0.066073 -0.200000
v 0.049487 0.066073 0.200000
v 0.052271 0.066141 -0.200000
v 0.052271 0.066141 0.200000
v 0.054896 0.066254 -0.200000
v 0.054896 0.066254 0.200000
v 0.057362 0.066412 -0.200000
v 0.057362 0.066412 0.200000
v 0.059668 0.066615 -0.200000
v 0.059668 0.066615 0.200000
v 0.061816 0.066863 -0.200000
v 0.061816 0.066863 0.200000
v 0.063804 0.067157 -0.200000
v 0.063804 0.067157 0.200000
v 0.065632 0.067496 -0.200000
v 0.065632 0.067496 0.200000
v 0.067302 0.067879 -0.200000
v 0.067302 0.067879 0.200000
v 0.068812 0.068308 -0.200000
v 0.068812 0.068308 0.200000
v 0.070163 0.068783 -0.200000
v 0.070163 0.068783 0.200000
v 0.071355 0.069302 -0.200000
v 0.071355 0.069302 0.200000
v 0.072444 0.069870 -0.200000
v 0.072444 0.069870 0.200000
v 0.073485 0.070490 -0.200000
v 0.073485 0.070490 0.200000
v 0.074478 0.071163 -0.200000
v 0.074478 0.071163 0.200000
v 0.075424 0.071888 -0.200000
v 0.075424 0.071888 0.200000
v 0.076322 0.072665 -0.200000
v 0.076322 0.072665 0.200000
v 0.077173 0.073494 -0.200000
v 0.077173 0.073494 0.200000
v 0.077976 0.074376 -0.200000
v 0.077976 0.074376 0.200000
v 0.078732 0.075310 -0.200000
v 0.078732 0.075310 0.200000
v 0.079440 0.076296 -0.200000
v 0.079440 0.076296 0.200000
v 0.080101 0.077335 -0.200000
v 0.080101 0.077335 0.200000
v 0.080714 0.078426 -0.200000
v 0.080714 0.078426 0.200000
v 0.081280 0.079569 -0.200000
v 0.081280 0.079569 0.200000
v 0.081799 0.080820 -0.200000
v 0.081799 0.080820 0.200000
v 0.082273 0.082235 -0.200000
v 0.082273 0.082235 0.200000
v 0.082702 0.083815 -0.200000
v 0.082702 0.083815 0.200000
v 0.083086 0.085558 -0.200000
v 0.083086 0.085558 0.200000
v 0.083425 0.087465 -0.200000
v 0.083425 0.087465 0.200000
v 0.083718 0.089536 -0.200000
v 0.083718 0.089536 0.200000
v 0.083967 0.091771 -0.200000
v 0.083967 0.091771 0.200000
v 0.084170 0.094171 -0.200000
v 0.084170 0.094171 0.200000
v 0.084328 0.096734 -0.200000
v 0.084328 0.096734 0.200000
v 0.084441 0.099461 -0.200000
v 0.084441 0.099461 0.200000
v 0.084509 0.102352 -0.200000
v 0.084509 0.102352 0.200000
v 0.084531 0.105407 -0.200000
v 0.084531 0.105407 0.200000
v 0.084531 0.373032 -0.200000
v 0.084531 0.373032 0.200000
v 0.084515 0.376022 -0.200000
v 0.084515 0.376022 0.200000
v 0.084465 0.378831 -0.200000
v 0.084465 0.378831 0.200000
v 0.084381 0.381460 -0.200000
v 0.084381 0.381460 0.200000
v 0.084265 0.383908 -0.200000
v 0.084265 0.383908 0.200000
v 0.084115 0.386175 -0.200000
v 0.084115 0.386175 0.200000
v 0.083932 0.388261 -0.200000
v 0.083932 0.388261 0.200000
v 0.083716 0.390168 -0.200000
v 0.083716 0.390168 0.200000
v 0.083466 0.391893 -0.200000
v 0.083466 0.391893 0.200000
v 0.083184 0.393438 -0.200000
v 0.083184 0.393438 0.200000
v 0.082868 0.394802 -0.200000
v 0.082868 0.394802 0.200000
v 0.082518 0.395985 -0.200000
v 0.082518 0.395985 0.200000
v 0.082136 0.396988 -0.200000
v 0.082136 0.396988 0.200000
v 0.081601 0.398215 -0.200000
v 0.081601 0.398215 0.200000
v 0.081023 0.399384 -0.200000
v 0.081023 0.399384 0.200000
v 0.080403 0.400496 -0.200000
v 0.080403 0.400496 0.200000
v 0.079740 0.401551 -0.200000
v 0.079740 0.401551 0.200000
v 0.079034 0.402550 -0.200000
v 0.079034 0.402550 0.200000
v 0.078285 0.403491 -0.200000
v 0.078285 0.403491 0.200000
v 0.077494 0.404375 -0.200000
v 0.077494 0.404375 0.200000
v 0.076660 0.405202 -0.200000
v 0.076660 0.405202 0.200000
v 0.075783 0.405972 -0.200000
v 0.075783 0.405972 0.200000
v 0.074863 0.406685 -0.200000
v 0.074863 0.406685 0.200000
v 0.073901 0.407341 -0.200000
v 0.073901 0.407341 0.200000
v 0.072895 0.407940 -0.200000
v 0.072895 0.407940 0.200000
v 0.071819 0.408486 -0.200000
v 0.071819 0.408486 0.200000
v 0.070642 0.408986 -0.200000
v 0.070642 0.408986 0.200000
v 0.069366 0.409437 -0.200000
v 0.069366 0.409437 0.200000
v 0.067990 0.409841 -0.200000
v 0.067990 0.409841 0.200000
v 0.066514 0.410198 -0.200000
v 0.066514 0.410198 0.200000
v 0.064938 0.410507 -0.200000
v 0.064938 0.410507 0.200000
v 0.063263 0.410768 -0.200000
v 0.063263 0.410768 0.200000
v 0.061488 0.410982 -0.200000
v 0.061488 0.410982 0.200000
v 0.059612 0.411148 -0.200000
v 0.059612 0.411148 0.200000
v 0.057637 0.411267 -0.200000
v 0.057637 0.411267 0.200000
v 0.055563 0.411338 -0.200000
v 0.055563 0.411338 0.200000
v 0.053388 0.411362 -0.200000
v 0.053388 0.411362 0.200000
v 0.685489 0.411362 -0.200000
v 0.685489 0.411362 0.200000
v 0.685489 0.477413 -0.200000
v 0.685489 0.477413 0.200000
v 1.083847 0.477413 -0.200000
v 1.083847 0.477413 0.200000
v 1.138262 0.326489 -0.200000
v 1.138262 0.326489 0.200000
v 1.076318 0.304244 -0.200000
v 1.076318 0.304244 0.200000
v 1.073657 0.310304 -0.200000
v 1.073657 0.310304 0.200000
v 1.070923 0.316165 -0.200000
v 1.070923 0.316165 0.200000
v 1.068115 0.321826 -0.200000
v 1.068115 0.321826 0.200000
v 1.065233 0.327287 -0.200000
v 1.065233 0.327287 0.200000
v 1.062278 0.332549 -0.200000
v 1.062278 0.332549 0.200000
v 1.059249 0.337611 -0.200000
v 1.059249 0.337611 0.200000
v 1.056146 0.342474 -0.200000
v 1.056146 0.342474 0.200000
v 1.052970 0.347137 -0.200000
v 1.052970 0.347137 0.200000
v 1.049720 0.351600 -0.200000
v 1.049720 0.351600 0.200000
v 1.046396 0.355864 -0.200000
v 1.046396 0.355864 0.200000
v 1.042999 0.359928 -0.200000
v 1.042999 0.359928 0.200000
v 1.039528 0.363792 -0.200000
v 1.039528 0.363792 0.200000
v 1.035989 0.367451 -0.200000
v 1.035989 0.367451 0.200000
v 1.032388 0.370898 -0.200000
v 1.032388 0.370898 0.200000
v 1.028726 0.374134 -0.200000
v 1.028726 0.374134 0.200000
v 1.025002 0.377158 -0.200000
v 1.025002 0.377158 0.200000
v 1.021216 0.379971 -0.200000
v 1.021216 0.379971 0.200000
v 1.017368 0.382572 -0.200000
v 1.017368 0.382572 0.200000
v 1.013459 0.384962 -0.200000
v 1.013459 0.384962 0.200000
v 1.009488 0.387140 -0.200000
v 1.009488 0.387140 0.200000
v 1.005454 0.389106 -0.200000
v 1.005454 0.389106 0.200000
v 1.001360 0.390861 -0.200000
v 1.001360 0.390861 0.200000
v 0.997203 0.392405 -0.200000
v 0.997203 0.392405 0.200000
v 0.992984 0.393737 -0.200000
v 0.992984 0.393737 0.200000
v 0.988677 0.394912 -0.200000
v 0.988677 0.394912 0.200000
v 0.984253 0.395985 -0.200000
v 0.984253 0.395985 0.200000
v 0.979712 0.396956 -0.200000
v 0.979712 0.396956 0.200000
v 0.975055 0.397825 -0.200000
v 0.975055 0.397825 0.200000
v 0.970282 0.398591 -0.200000
v 0.970282 0.398591 0.200000
v 0.965392 0.399256 -0.200000
v 0.965392 0.399256 0.200000
v 0.960386 0.399818 -0.200000
v 0.960386 0.399818 0.200000
v 0.955263 0.400278 -0.200000
v 0.955263 0.400278 0.200000
v 0.950024 0.400635 -0.200000
v 0.950024 0.400635 0.200000
v 0.944668 0.400891 -0.200000
v 0.944668 0.400891 0.200000
v 0.939196 0.401044 -0.200000
v 0.939196 0.401044 0.200000
v 0.933607 0.401095 -0.200000
v 0.933607 0.401095 0.200000
v 0.860712 0.401095 -0.200000
v 0.860712 0.401095 0.200000
v 0.860712 0.281999 -0.200000
v 0.860712 0.281999 0.200000
v 0.884668 0.281999 -0.200000
v 0.884668 0.281999 0.200000
v 0.889052 0.282026 -0.200000
v 0.889052 0.282026 0.200000
v 0.893191 0.282108 -0.200000
v 0.893191 0.282108 0.200000
v 0.897085 0.282245 -0.200000
v 0.897085 0.282245 0.200000
v 0.900734 0.282436 -0.200000
v 0.900734 0.282436 0.200000
v 0.904139 0.282682 -0.200000
v 0.904139 0.282682 0.200000
v 0.907298 0.282983 -0.200000
v 0.907298 0.282983 0.200000
v 0.910213 0.283338 -0.200000
v 0.910213 0.283338 0.200000
v 0.912883 0.283748 -0.200000
v 0.912883 0.283748 0.200000
v 0.915309 0.284212 -0.200000
v 0.915309 0.284212 0.200000
v 0.917489 0.284732 -0.200000
v 0.917489 0.284732 0.200000
v 0.919425 0.285306 -0.200000
v 0.919425 0.285306 0.200000
v 0.921116 0.285934 -0.200000
v 0.921116 0.285934 0.200000
v 0.922647 0.286621 -0.200000
v 0.922647 0.286621 0.200000
v 0.924105 0.287370 -0.200000
v 0.924105 0.287370 0.200000
v 0.925490 0.288180 -0.200000
v 0.925490 0.288180 0.200000
v 0.926801 0.289052 -0.200000
v 0.926801 0.289052 0.200000
v 0.928038 0.289986 -0.200000
v 0.928038 0.289986 0.200000
v 0.929201 0.290982 -0.200000
v 0.929201 0.290982 0.200000
v 0.930291 0.292040 -0.200000
v 0.930291 0.292040 0.200000
v 0.931307 0.293159 -0.200000
v 0.931307 0.293159 0.200000
v 0.932249 0.294340 -0.200000
v 0.932249 0.294340 0.200000
v 0.933118 0.295583 -0.200000
v 0.933118 0.295583 0.200000
v 0.933913 0.296888 -0.200000
v 0.933913 0.296888 0.200000
v 0.934634 0.298255 -0.200000
v 0.934634 0.298255 0.200000
v 0.935290 0.299767 -0.200000
v 0.935290 0.299767 0.200000
v 0.935889 0.301511 -0.200000
v 0.935889 0.301511 0.200000
v 0.936431 0.303484 -0.200000
v 0.936431 0.303484 0.200000
v 0.936915 0.305689 -0.200000
v 0.936915 0.305689 0.200000
v 0.937343 0.308123 -0.200000
v 0.937343 0.308123 0.200000
v 0.937714 0.310789 -0.200000
v 0.937714 0.310789 0.200000
v 0.938028 0.313685 -0.200000
v 0.938028 0.313685 0.200000
v 0.938284 0.316811 -0.200000
v 0.938284 0.316811 0.200000
v 0.938484 0.320168 -0.200000
v 0.938484 0.320168 0.200000
v 0.938626 0.323756 -0.200000
v 0.938626 0.323756 0.200000
v 0.938712 0.327574 -0.200000
v 0.938712 0.327574 0.200000
v 0.938741 0.331622 -0.200000
v 0.938741 0.331622 0.200000
v 0.938741 0.349760 -0.200000
v 0.938741 0.349760 0.200000
v 0.999658 0.349760 -0.200000
v 0.999658 0.349760 0.200000
v 0.999658 0.147844 -0.200000
v 0.999658 0.147844 0.200000
v 0.938741 0.147844 -0.200000
v 0.938741 0.147844 0.200000
v 0.938741 0.168378 -0.200000
v 0.938741 0.168378 0.200000
v 0.938706 0.171779 -0.200000
v 0.938706 0.171779 0.200000
v 0.938603 0.175023 -0.200000
v 0.938603 0.175023 0.200000
v 0.938430 0.178110 -0.200000
v 0.938430 0.178110 0.200000
v 0.938189 0.181040 -0.200000
v 0.938189 0.181040 0.200000
v 0.937879 0.183814 -0.200000
v 0.937879 0.183814 0.200000
v 0.937500 0.186431 -0.200000
v 0.937500 0.186431 0.200000
v 0.937052 0.188890 -0.200000
v 0.937052 0.188890 0.200000
v 0.936535 0.191193 -0.200000
v 0.936535 0.191193 0.200000
v 0.935949 0.193339 -0.200000
v 0.935949 0.193339 0.200000
v 0.935295 0.195329 -0.200000
v 0.935295 0.195329 0.200000
v 0.934571 0.197161 -0.200000
v 0.934571 0.197161 0.200000
v 0.933778 0.198836 -0.200000
v 0.933778 0.198836 0.200000
v 0.932926 0.200391 -0.200000
v 0.932926 0.200391 0.200000
v 0.932024 0.201859 -0.200000
v 0.932024 0.201859 0.200000
v 0.931072 0.203243 -0.200000
v 0.931072 0.203243 0.200000
v 0.930071 0.204540 -0.200000
v 0.930071 0.204540 0.200000
v 0.929019 0.205752 -0.200000
v 0.929019 0.205752 0.200000
v 0.927918 0.206879 -0.200000
v 0.927918 0.206879 0.200000
v 0.926766 0.207920 -0.200000
v 0.926766 0.207920 0.200000
v 0.925565 0.208875 -0.200000
v 0.925565 0.208875 0.200000
v 0.924313 0.209745 -0.200000
v 0.924313 0.209745 0.200000
v 0.923012 0.210529 -0.200000
v 0.923012 0.210529 0.200000
v 0.921661 0.211228 -0.200000
v 0.921661 0.211228 0.200000
v 0.920260 0.211841 -0.200000
v 0.920260 0.211841 0.200000
v 0.918689 0.212388 -0.200000
v 0.918689 0.212388 0.200000
v 0.916828 0.212887 -0.200000
v 0.916828 0.212887 0.200000
v 0.914677 0.213338 -0.200000
v 0.914677 0.213338 0.200000
v 0.912237 0.213743 -0.200000
v 0.912237 0.213742 0.200000
v 0.909506 0.214099 -0.200000
v 0.909506 0.214099 0.200000
v 0.906485 0.214408 -0.200000
v 0.906485 0.214408 0.200000
v 0.903175 0.214669 -0.200000
v 0.903175 0.214669 0.200000
v 0.899574 0.214883 -0.200000
v 0.899574 0.214883 0.200000
v 0.895684 0.215050 -0.200000
v 0.895684 0.215050 0.200000
v 0.891503 0.215168 -0.200000
v 0.891503 0.215168 0.200000
v 0.887033 0.215240 -0.200000
v 0.887033 0.215240 0.200000
v 0.882272 0.215264 -0.200000
v 0.882272 0.215264 0.200000
v 0.860712 0.215264 -0.200000
v 0.860712 0.215264 0.200000
v 0.860712 0.105749 -0.200000
v 0.860712 0.105749 0.200000
v 0.860724 0.102936 -0.200000
v 0.860724 0.102936 0.200000
v 0.860759 0.100312 -0.200000
v 0.860759 0.100312 0.200000
v 0.860819 0.097878 -0.200000
v 0.860819 0.097878 0.200000
v 0.860902 0.095635 -0.200000
v 0.860902 0.095635 0.200000
v 0.861009 0.093581 -0.200000
v 0.861009 0.093581 0.200000
v 0.861140 0.091718 -0.200000
v 0.861140 0.091718 0.200000
v 0.861294 0.090045 -0.200000
v 0.861294 0.090045 0.200000
v 0.861472 0.088562 -0.200000
v 0.861472 0.088562 0.200000
v 0.861674 0.087269 -0.200000
v 0.861674 0.087269 0.200000
v 0.861900 0.086166 -0.200000
v 0.861900 0.086166 0.200000
v 0.862150 0.085254 -0.200000
v 0.862150 0.085254 0.200000
v 0.862423 0.084531 -0.200000
v 0.862423 0.084531 0.200000
v 0.862731 0.083916 -0.200000
v 0.862731 0.083916 0.200000
v 0.863084 0.083324 -0.200000
v 0.863084 0.083324 0.200000
v 0.863482 0.082756 -0.200000
v 0.863482 0.082756 0.200000
v 0.863925 0.082212 -0.200000
v 0.863925 0.082212 0.200000
v 0.864413 0.081691 -0.200000
v 0.864413 0.081691 0.200000
v 0.864947 0.081194 -0.200000
v 0.864947 0.081194 0.200000
v 0.865526 0.080721 -0.200000
v 0.865526 0.080721 0.200000
v 0.866150 0.080272 -0.200000
v 0.866150 0.080272 0.200000
v 0.866819 0.079847 -0.200000
v 0.866819 0.079847 0.200000
v 0.867533 0.079445 -0.200000
v 0.867533 0.079445 0.200000
v 0.868292 0.079067 -0.200000
v 0.868292 0.079067 0.200000
v 0.869097 0.078713 -0.200000
v 0.869097 0.078713 0.200000
v 0.870003 0.078385 -0.200000
v 0.870003 0.078385 0.200000
v 0.871069 0.078086 -0.200000
v 0.871069 0.078086 0.200000
v 0.872294 0.077815 -0.200000
v 0.872294 0.077815 0.200000
v 0.873679 0.077572 -0.200000
v 0.873679 0.077572 0.200000
v 0.875222 0.077359 -0.200000
v 0.875222 0.077359 0.200000
v 0.876925 0.077173 -0.200000
v 0.876925 0.077173 0.200000
v 0.878787 0.077016 -0.200000
v 0.878787 0.077016 0.200000
v 0.880808 0.076888 -0.200000
v 0.880808 0.076888 0.200000
v 0.882989 0.076788 -0.200000
v 0.882989 0.076788 0.200000
v 0.885329 0.076717 -0.200000
v 0.885329 0.076717 0.200000
v 0.887828 0.076674 -0.200000
v 0.887828 0.076674 0.200000
v 0.890486 0.076660 -0.200000
v 0.890486 0.076660 0.200000
v 0.930527 0.076660 -0.200000
v 0.930527 0.076660 0.200000
v 0.937902 0.076749 -0.200000
v 0.937902 0.076749 0.200000
v 0.945081 0.077016 -0.200000
v 0.945081 0.077016 0.200000
v 0.952066 0.077462 -0.200000
v 0.952066 0.077462 0.200000
v 0.958856 0.078086 -0.200000
v 0.958856 0.078086 0.200000
v 0.965451 0.078888 -0.200000
v 0.965451 0.078888 0.200000
v 0.971852 0.079868 -0.200000
v 0.971852 0.079868 0.200000
v 0.978057 0.081027 -0.200000
v 0.978057 0.081027 0.200000
v 0.984067 0.082364 -0.200000
v 0.984067 0.082364 0.200000
v 0.989883 0.083879 -0.200000
v 0.989883 0.083879 0.200000
v 0.995504 0.085572 -0.200000
v 0.995504 0.085572 0.200000
v 1.000929 0.087444 -0.200000
v 1.000929 0.087444 0.200000
v 1.006160 0.089494 -0.200000
v 1.006160 0.089493 0.200000
v 1.011247 0.091742 -0.200000
v 1.011247 0.091742 0.200000
v 1.016242 0.094209 -0.200000
v 1.016242 0.094209 0.200000
v 1.021144 0.096894 -0.200000
v 1.021144 0.096894 0.200000
v 1.025953 0.099798 -0.200000
v 1.025953 0.099798 0.200000
v 1.030669 0.102921 -0.200000
v 1.030669 0.102921 0.200000
v 1.035293 0.106263 -0.200000
v 1.035293 0.106263 0.200000
v 1.039824 0.109823 -0.200000
v 1.039824 0.109823 0.200000
v 1.044262 0.113602 -0.200000
v 1.044262 0.113602 0.200000
v 1.048608 0.117599 -0.200000
v 1.048608 0.117599 0.200000
v 1.052860 0.121815 -0.200000
v 1.052860 0.121815 0.200000
v 1.057021 0.126250 -0.200000
v 1.057021 0.126250 0.200000
v 1.061088 0.130904 -0.200000
v 1.061088 0.130903 0.200000
v 1.065032 0.135741 -0.200000
v 1.065032 0.135741 0.200000
v 1.068822 0.140728 -0.200000
v 1.068822 0.140728 0.200000
v 1.072457 0.145865 -0.200000
v 1.072457 0.145865 0.200000
v 1.075938 0.151152 -0.200000
v 1.075938 0.151152 0.200000
v 1.079264 0.156589 -0.200000
v 1.079264 0.156589 0.200000
v 1.082435 0.162175 -0.200000
v 1.082435 0.162175 0.200000
v 1.085452 0.167911 -0.200000
v 1.085452 0.167911 0.200000
v 1.088315 0.173797 -0.200000
v 1.088315 0.173796 0.200000
v 1.091023 0.179832 -0.200000
v 1.091023 0.179832 0.200000
v 1.093577 0.186017 -0.200000
v 1.093577 0.186017 0.200000
v 1.095976 0.192352 -0.200000
v 1.095976 0.192352 0.200000
v 1.098220 0.198836 -0.200000
v 1.098220 0.198836 0.200000
v 1.160849 0.177276 -0.200000
v 1.160849 0.177276 0.200000
v 1.098220 0.000000 -0.200000
v 1.098220 -0.000000 0.200000
v 0.685489 0.000000 -0.200000
v 0.685489 -0.000000 0.200000
v 0.685489 0.066051 -0.200000
v 0.685489 0.066051 0.200000
v 0.697468 0.066051 -0.200000
v 0.697468 0.066051 0.200000
v 0.701351 0.066074 -0.200000
v 0.701351 0.066074 0.200000
v 0.705016 0.066146 -0.200000
v 0.705016 0.066146 0.200000
v 0.708462 0.066265 -0.200000
v 0.708462 0.066265 0.200000
v 0.711689 0.066431 -0.200000
v 0.711689 0.066431 0.200000
v 0.714698 0.066645 -0.200000
v 0.714698 0.066645 0.200000
v 0.717488 0.066906 -0.200000
v 0.717488 0.066906 0.200000
v 0.720060 0.067215 -0.200000
v 0.720060 0.067215 0.200000
v 0.722412 0.067572 -0.200000
v 0.722412 0.067572 0.200000
v 0.724547 0.067976 -0.200000
v 0.724547 0.067976 0.200000
v 0.726462 0.068427 -0.200000
v 0.726462 0.068427 0.200000
v 0.728159 0.068926 -0.200000
v 0.728159 0.068926 0.200000
v 0.729637 0.069473 -0.200000
v 0.729637 0.069473 0.200000
v 0.730973 0.070079 -0.200000
v 0.730973 0.070079 0.200000
v 0.732242 0.070756 -0.200000
v 0.732242 0.070756 0.200000
v 0.733445 0.071505 -0.200000
v 0.733445 0.071505 0.200000
v 0.734581 0.072325 -0.200000
v 0.734581 0.072325 0.200000
v 0.735650 0.073216 -0.200000
v 0.735650 0.073216 0.200000
v 0.736653 0.074179 -0.200000
v 0.736653 0.074179 0.200000
v 0.737589 0.075212 -0.200000
v 0.737589 0.075212 0.200000
v 0.738459 0.076318 -0.200000
v 0.738459 0.076318 0.200000
v 0.739263 0.077494 -0.200000
v 0.739263 0.077494 0.200000
v 0.739999 0.078742 -0.200000
v 0.739999 0.078742 0.200000
v 0.740669 0.080061 -0.200000
v 0.740669 0.080061 0.200000
v 0.741273 0.081451 -0.200000
v 0.741273 0.081451 0.200000
v 0.741546 0.082437 -0.200000
v 0.741546 0.082437 0.200000
v 0.741796 0.083685 -0.200000
v 0.741796 0.083685 0.200000
v 0.742022 0.085194 -0.200000
v 0.742022 0.085194 0.200000
v 0.742224 0.086965 -0.200000
v 0.742224 0.086965 0.200000
v 0.742402 0.088997 -0.200000
v 0.742402 0.088997 0.200000
v 0.742557 0.091290 -0.200000
v 0.742557 0.091290 0.200000
v 0.742687 0.093845 -0.200000
v 0.742687 0.093845 0.200000
v 0.742794 0.096661 -0.200000
v 0.742794 0.096661 0.200000
v 0.742877 0.099739 -0.200000
v 0.742877 0.099739 0.200000
v 0.742937 0.103078 -0.200000
v 0.742937 0.103078 0.200000
v 0.742972 0.106679 -0.200000
v 0.742972 0.106679 0.200000
v 0.742984 0.110541 -0.200000
v 0.742984 0.110541 0.200000
v 0.742984 0.370637 -0.200000
v 0.742984 0.370637 0.200000
v 0.742964 0.374071 -0.200000
v 0.742964 0.374071 0.200000
v 0.742903 0.377301 -0.200000
v 0.742903 0.377301 0.200000
v 0.742802 0.380326 -0.200000
v 0.742802 0.380326 0.200000
v 0.742661 0.383147 -0.200000
v 0.742661 0.383147 0.200000
v 0.742479 0.385764 -0.200000
v 0.742479 0.385764 0.200000
v 0.742257 0.388176 -0.200000
v 0.742257 0.388176 0.200000
v 0.741994 0.390384 -0.200000
v 0.741994 0.390384 0.200000
v 0.741691 0.392387 -0.200000
v 0.741691 0.392387 0.200000
v 0.741348 0.394186 -0.200000
v 0.741348 0.394186 0.200000
v 0.740964 0.395781 -0.200000
v 0.740964 0.395781 0.200000
v 0.740540 0.397171 -0.200000
v 0.740540 0.397171 0.200000
v 0.740075 0.398357 -0.200000
v 0.740075 0.398357 0.200000
v 0.739568 0.399418 -0.200000
v 0.739568 0.399418 0.200000
v 0.739015 0.400434 -0.200000
v 0.739015 0.400434 0.200000
v 0.738418 0.401405 -0.200000
v 0.738418 0.401405 0.200000
v 0.737775 0.402331 -0.200000
v 0.737775 0.402331 0.200000
v 0.737087 0.403212 -0.200000
v 0.737087 0.403212 0.200000
v 0.736354 0.404047 -0.200000
v 0.736354 0.404047 0.200000
v 0.735575 0.404837 -0.200000
v 0.735575 0.404837 0.200000
v 0.734752 0.405582 -0.200000
v 0.734752 0.405582 0.200000
v 0.733883 0.406282 -0.200000
v 0.733883 0.406282 0.200000
v 0.732969 0.406937 -0.200000
v 0.732969 0.406937 0.200000
v 0.732010 0.407546 -0.200000
v 0.732010 0.407546 0.200000
v 0.731006 0.408111 -0.200000
v 0.731006 0.408111 0.200000
v 0.729896 0.408630 -0.200000
v 0.729896 0.408630 0.200000
v 0.728620 0.409104 -0.200000
v 0.728620 0.409104 0.200000
v 0.727177 0.409533 -0.200000
v 0.727177 0.409533 0.200000
v 0.725568 0.409917 -0.200000
v 0.725568 0.409917 0.200000
v 0.723793 0.410256 -0.200000
v 0.723793 0.410256 0.200000
v 0.721851 0.410549 -0.200000
v 0.721851 0.410549 0.200000
v 0.719743 0.410798 -0.200000
v 0.719743 0.410798 0.200000
v 0.717469 0.411001 -0.200000
v 0.717469 0.411001 0.200000
v 0.715028 0.411159 -0.200000
v 0.715028 0.411159 0.200000
v 0.712421 0.411272 -0.200000
v 0.712421 0.411272 0.200000
v 0.709648 0.411339 -0.200000
v 0.709648 0.411339 0.200000
v 0.706708 0.411362 -0.200000
v 0.706708 0.411362 0.200000
v 1.164613 0.326146 -0.200000
v 1.164613 0.326146 0.200000
v 1.223477 0.493498 -0.200000
v 1.223477 0.493498 0.200000
v 1.268652 0.493498 -0.200000
v 1.268652 0.493498 0.200000
v 1.273443 0.477413 -0.200000
v 1.273443 0.477413 0.200000
v 1.542779 0.477413 -0.200000
v 1.542779 0.477413 0.200000
v 1.548597 0.493498 -0.200000
v 1.548597 0.493498 0.200000
v 1.594114 0.493498 -0.200000
v 1.594114 0.493498 0.200000
v 1.653320 0.326146 -0.200000
v 1.653320 0.326146 0.200000
v 1.589665 0.303901 -0.200000
v 1.589665 0.303901 0.200000
v 1.586211 0.310658 -0.200000
v 1.586211 0.310658 0.200000
v 1.582925 0.317011 -0.200000
v 1.582925 0.317011 0.200000
v 1.579804 0.322959 -0.200000
v 1.579804 0.322959 0.200000
v 1.576850 0.328504 -0.200000
v 1.576850 0.328504 0.200000
v 1.574062 0.333645 -0.200000
v 1.574062 0.333645 0.200000
v 1.571441 0.338381 -0.200000
v 1.571441 0.338381 0.200000
v 1.568986 0.342714 -0.200000
v 1.568986 0.342714 0.200000
v 1.566697 0.346642 -0.200000
v 1.566697 0.346642 0.200000
v 1.564575 0.350167 -0.200000
v 1.564575 0.350167 0.200000
v 1.562619 0.353287 -0.200000
v 1.562619 0.353287 0.200000
v 1.560829 0.356004 -0.200000
v 1.560829 0.356004 0.200000
v 1.559206 0.358316 -0.200000
v 1.559206 0.358316 0.200000
v 1.556145 0.362406 -0.200000
v 1.556145 0.362406 0.200000
v 1.553008 0.366349 -0.200000
v 1.553008 0.366349 0.200000
v 1.549795 0.370145 -0.200000
v 1.549795 0.370145 0.200000
v 1.546505 0.373793 -0.200000
v 1.546505 0.373793 0.200000
v 1.543140 0.377293 -0.200000
v 1.543140 0.377293 0.200000
v 1.539699 0.380647 -0.200000
v 1.539699 0.380647 0.200000
v 1.536181 0.383853 -0.200000
v 1.536181 0.383853 0.200000
v 1.532588 0.386912 -0.200000
v 1.532588 0.386912 0.200000
v 1.528919 0.389823 -0.200000
v 1.528919 0.389823 0.200000
v 1.525173 0.392587 -0.200000
v 1.525173 0.392587 0.200000
v 1.521351 0.395204 -0.200000
v 1.521351 0.395204 0.200000
v 1.517454 0.397673 -0.200000
v 1.517454 0.397673 0.200000
v 1.514490 0.399422 -0.200000
v 1.514490 0.399422 0.200000
v 1.511531 0.401019 -0.200000
v 1.511531 0.401019 0.200000
v 1.508577 0.402464 -0.200000
v 1.508577 0.402464 0.200000
v 1.505628 0.403757 -0.200000
v 1.505628 0.403757 0.200000
v 1.502683 0.404898 -0.200000
v 1.502683 0.404898 0.200000
v 1.499743 0.405886 -0.200000
v 1.499743 0.405886 0.200000
v 1.496808 0.406723 -0.200000
v 1.496808 0.406723 0.200000
v 1.493878 0.407407 -0.200000
v 1.493878 0.407407 0.200000
v 1.490952 0.407940 -0.200000
v 1.490952 0.407940 0.200000
v 1.488031 0.408320 -0.200000
v 1.488031 0.408320 0.200000
v 1.485115 0.408548 -0.200000
v 1.485115 0.408548 0.200000
v 1.482204 0.408624 -0.200000
v 1.482204 0.408624 0.200000
v 1.480871 0.408597 -0.200000
v 1.480871 0.408597 0.200000
v 1.479609 0.408515 -0.200000
v 1.479609 0.408515 0.200000
v 1.478418 0.408378 -0.200000
v 1.478418 0.408378 0.200000
v 1.477299 0.408187 -0.200000
v 1.477299 0.408187 0.200000
v 1.476251 0.407941 -0.200000
v 1.476251 0.407941 0.200000
v 1.475274 0.407640 -0.200000
v 1.475274 0.407640 0.200000
v 1.474368 0.407285 -0.200000
v 1.474368 0.407285 0.200000
v 1.473534 0.406875 -0.200000
v 1.473534 0.406875 0.200000
v 1.472771 0.406410 -0.200000
v 1.472771 0.406410 0.200000
v 1.472080 0.405891 -0.200000
v 1.472080 0.405891 0.200000
v 1.471459 0.405317 -0.200000
v 1.471459 0.405317 0.200000
v 1.470910 0.404689 -0.200000
v 1.470910 0.404689 0.200000
v 1.470418 0.403963 -0.200000
v 1.470418 0.403963 0.200000
v 1.469969 0.403096 -0.200000
v 1.469969 0.403096 0.200000
v 1.469563 0.402090 -0.200000
v 1.469563 0.402090 0.200000
v 1.469199 0.400943 -0.200000
v 1.469199 0.400943 0.200000
v 1.468878 0.399656 -0.200000
v 1.468878 0.399656 0.200000
v 1.468600 0.398229 -0.200000
v 1.468600 0.398229 0.200000
v 1.468365 0.396662 -0.200000
v 1.468365 0.396662 0.200000
v 1.468172 0.394954 -0.200000
v 1.468172 0.394954 0.200000
v 1.468023 0.393106 -0.200000
v 1.468023 0.393106 0.200000
v 1.467916 0.391118 -0.200000
v 1.467916 0.391118 0.200000
v 1.467852 0.388990 -0.200000
v 1.467852 0.388990 0.200000
v 1.467830 0.386721 -0.200000
v 1.467830 0.386721 0.200000
v 1.467830 0.112252 -0.200000
v 1.467830 0.112252 0.200000
v 1.467842 0.108328 -0.200000
v 1.467842 0.108328 0.200000
v 1.467878 0.104656 -0.200000
v 1.467878 0.104656 0.200000
v 1.467937 0.101236 -0.200000
v 1.467937 0.101236 0.200000
v 1.468020 0.098068 -0.200000
v 1.468020 0.098068 0.200000
v 1.468127 0.095152 -0.200000
v 1.468127 0.095152 0.200000
v 1.468258 0.092488 -0.200000
v 1.468258 0.092488 0.200000
v 1.468413 0.090076 -0.200000
v 1.468413 0.090076 0.200000
v 1.468591 0.087915 -0.200000
v 1.468591 0.087915 0.200000
v 1.468793 0.086007 -0.200000
v 1.468793 0.086007 0.200000
v 1.469019 0.084351 -0.200000
v 1.469019 0.084351 0.200000
v 1.469268 0.082946 -0.200000
v 1.469268 0.082946 0.200000
v 1.469541 0.081793 -0.200000
v 1.469541 0.081793 0.200000
v 1.469843 0.080784 -0.200000
v 1.469843 0.080784 0.200000
v 1.470178 0.079811 -0.200000
v 1.470178 0.079811 0.200000
v 1.470547 0.078874 -0.200000
v 1.470547 0.078874 0.200000
v 1.470948 0.077972 -0.200000
v 1.470948 0.077972 0.200000
v 1.471383 0.077105 -0.200000
v 1.471383 0.077105 0.200000
v 1.471851 0.076275 -0.200000
v 1.471851 0.076275 0.200000
v 1.472353 0.075480 -0.200000
v 1.472353 0.075480 0.200000
v 1.472888 0.074721 -0.200000
v 1.472888 0.074721 0.200000
v 1.473456 0.073997 -0.200000
v 1.473456 0.073997 0.200000
v 1.474057 0.073309 -0.200000
v 1.474057 0.073309 0.200000
v 1.474692 0.072656 -0.200000
v 1.474692 0.072656 0.200000
v 1.475359 0.072040 -0.200000
v 1.475359 0.072040 0.200000
v 1.476065 0.071457 -0.200000
v 1.476065 0.071457 0.200000
v 1.476814 0.070908 -0.200000
v 1.476814 0.070908 0.200000
v 1.477605 0.070393 -0.200000
v 1.477605 0.070393 0.200000
v 1.478440 0.069910 -0.200000
v 1.478440 0.069910 0.200000
v 1.479317 0.069461 -0.200000
v 1.479317 0.069461 0.200000
v 1.480236 0.069045 -0.200000
v 1.480236 0.069045 0.200000
v 1.481199 0.068663 -0.200000
v 1.481199 0.068663 0.200000
v 1.482204 0.068313 -0.200000
v 1.482204 0.068313 0.200000
v 1.483252 0.067997 -0.200000
v 1.483252 0.067997 0.200000
v 1.484343 0.067714 -0.200000
v 1.484343 0.067714 0.200000
v 1.485477 0.067465 -0.200000
v 1.485477 0.067465 0.200000
v 1.486653 0.067248 -0.200000
v 1.486653 0.067248 0.200000
v 1.488017 0.067057 -0.200000
v 1.488017 0.067057 0.200000
v 1.489714 0.066882 -0.200000
v 1.489714 0.066882 0.200000
v 1.491744 0.066724 -0.200000
v 1.491744 0.066724 0.200000
v 1.494106 0.066583 -0.200000
v 1.494106 0.066583 0.200000
v 1.496801 0.066458 -0.200000
v 1.496801 0.066458 0.200000
v 1.499829 0.066350 -0.200000
v 1.499829 0.066350 0.200000
v 1.503189 0.066259 -0.200000
v 1.503189 0.066259 0.200000
v 1.506883 0.066184 -0.200000
v 1.506883 0.066184 0.200000
v 1.510909 0.066126 -0.200000
v 1.510909 0.066126 0.200000
v 1.515267 0.066084 -0.200000
v 1.515267 0.066084 0.200000
v 1.519959 0.066059 -0.200000
v 1.519959 0.066059 0.200000
v 1.524983 0.066051 -0.200000
v 1.524983 0.066051 0.200000
v 1.524983 0.000000 -0.200000
v 1.524983 -0.000000 0.200000
v 1.292266 0.000000 -0.200000
v 1.292266 -0.000000 0.200000
v 1.292266 0.066051 -0.200000
v 1.292266 0.066051 0.200000
v 1.306297 0.066051 -0.200000
v 1.306297 0.066051 0.200000
v 1.310059 0.066071 -0.200000
v 1.310059 0.066071 0.200000
v 1.313589 0.066131 -0.200000
v 1.313589 0.066131 0.200000
v 1.316885 0.066232 -0.200000
v 1.316885 0.066232 0.200000
v 1.319948 0.066374 -0.200000
v 1.319948 0.066374 0.200000
v 1.322779 0.066556 -0.200000
v 1.322779 0.066556 0.200000
v 1.325377 0.066778 -0.200000
v 1.325377 0.066778 0.200000
v 1.327741 0.067041 -0.200000
v 1.327741 0.067040 0.200000
v 1.329873 0.067344 -0.200000
v 1.329873 0.067344 0.200000
v 1.331772 0.067687 -0.200000
v 1.331772 0.067687 0.200000
v 1.333438 0.068071 -0.200000
v 1.333438 0.068071 0.200000
v 1.334871 0.068495 -0.200000
v 1.334871 0.068495 0.200000
v 1.336071 0.068960 -0.200000
v 1.336071 0.068960 0.200000
v 1.337134 0.069475 -0.200000
v 1.337134 0.069475 0.200000
v 1.338153 0.070053 -0.200000
v 1.338153 0.070053 0.200000
v 1.339130 0.070692 -0.200000
v 1.339130 0.070692 0.200000
v 1.340064 0.071393 -0.200000
v 1.340064 0.071393 0.200000
v 1.340955 0.072156 -0.200000
v 1.340955 0.072156 0.200000
v 1.341804 0.072981 -0.200000
v 1.341804 0.072981 0.200000
v 1.342609 0.073867 -0.200000
v 1.342609 0.073867 0.200000
v 1.343372 0.074816 -0.200000
v 1.343372 0.074816 0.200000
v 1.344092 0.075826 -0.200000
v 1.344092 0.075826 0.200000
v 1.344770 0.076897 -0.200000
v 1.344770 0.076897 0.200000
v 1.345404 0.078031 -0.200000
v 1.345404 0.078031 0.200000
v 1.345996 0.079227 -0.200000
v 1.345996 0.079227 0.200000
v 1.346542 0.080563 -0.200000
v 1.346542 0.080563 0.200000
v 1.347042 0.082121 -0.200000
v 1.347042 0.082121 0.200000
v 1.347493 0.083900 -0.200000
v 1.347493 0.083900 0.200000
v 1.347897 0.085900 -0.200000
v 1.347897 0.085900 0.200000
v 1.348254 0.088121 -0.200000
v 1.348254 0.088121 0.200000
v 1.348563 0.090563 -0.200000
v 1.348563 0.090563 0.200000
v 1.348824 0.093226 -0.200000
v 1.348824 0.093226 0.200000
v 1.349038 0.096110 -0.200000
v 1.349038 0.096110 0.200000
v 1.349204 0.099215 -0.200000
v 1.349204 0.099215 0.200000
v 1.349323 0.102541 -0.200000
v 1.349323 0.102541 0.200000
v 1.349395 0.106088 -0.200000
v 1.349395 0.106088 0.200000
v 1.349418 0.109856 -0.200000
v 1.349418 0.109856 0.200000
v 1.349418 0.390486 -0.200000
v 1.349418 0.390486 0.200000
v 1.349399 0.392421 -0.200000
v 1.349399 0.392421 0.200000
v 1.349342 0.394231 -0.200000
v 1.349342 0.394231 0.200000
v 1.349247 0.395919 -0.200000
v 1.349247 0.395919 0.200000
v 1.349114 0.397483 -0.200000
v 1.349114 0.397483 0.200000
v 1.348943 0.398923 -0.200000
v 1.348943 0.398923 0.200000
v 1.348734 0.400240 -0.200000
v 1.348734 0.400240 0.200000
v 1.348487 0.401433 -0.200000
v 1.348487 0.401433 0.200000
v 1.348202 0.402502 -0.200000
v 1.348202 0.402502 0.200000
v 1.347879 0.403448 -0.200000
v 1.347879 0.403448 0.200000
v 1.347517 0.404270 -0.200000
v 1.347517 0.404270 0.200000
v 1.347118 0.404969 -0.200000
v 1.347118 0.404969 0.200000
v 1.346680 0.405544 -0.200000
v 1.346680 0.405544 0.200000
v 1.346181 0.406036 -0.200000
v 1.346181 0.406036 0.200000
v 1.345597 0.406485 -0.200000
v 1.345597 0.406485 0.200000
v 1.344926 0.406892 -0.200000
v 1.344926 0.406892 0.200000
v 1.344171 0.407255 -0.200000
v 1.344171 0.407255 0.200000
v 1.343329 0.407576 -0.200000
v 1.343329 0.407576 0.200000
v 1.342402 0.407854 -0.200000
v 1.342402 0.407854 0.200000
v 1.341390 0.408090 -0.200000
v 1.341390 0.408090 0.200000
v 1.340292 0.408282 -0.200000
v 1.340292 0.408282 0.200000
v 1.339108 0.408432 -0.200000
v 1.339108 0.408432 0.200000
v 1.337839 0.408539 -0.200000
v 1.337839 0.408539 0.200000
v 1.336485 0.408603 -0.200000
v 1.336485 0.408603 0.200000
v 1.335045 0.408624 -0.200000
v 1.335045 0.408624 0.200000
v 1.332050 0.408532 -0.200000
v 1.332050 0.408532 0.200000
v 1.328998 0.408253 -0.200000
v 1.328998 0.408253 0.200000
v 1.325890 0.407790 -0.200000
v 1.325890 0.407790 0.200000
v 1.322724 0.407141 -0.200000
v 1.322724 0.407141 0.200000
v 1.319502 0.406307 -0.200000
v 1.319502 0.406307 0.200000
v 1.316222 0.405288 -0.200000
v 1.316222 0.405288 0.200000
v 1.312885 0.404083 -0.200000
v 1.312885 0.404083 0.200000
v 1.309491 0.402692 -0.200000
v 1.309491 0.402692 0.200000
v 1.306040 0.401117 -0.200000
v 1.306040 0.401117 0.200000
v 1.302533 0.399356 -0.200000
v 1.302533 0.399356 0.200000
v 1.298968 0.397409 -0.200000
v 1.298968 0.397409 0.200000
v 1.295346 0.395277 -0.200000
v 1.295346 0.395277 0.200000
v 1.291728 0.392977 -0.200000
v 1.291728 0.392977 0.200000
v 1.288178 0.390524 -0.200000
v 1.288178 0.390524 0.200000
v 1.284694 0.387919 -0.200000
v 1.284694 0.387919 0.200000
v 1.281276 0.385162 -0.200000
v 1.281276 0.385162 0.200000
v 1.277925 0.382253 -0.200000
v 1.277925 0.382253 0.200000
v 1.274641 0.379192 -0.200000
v 1.274641 0.379192 0.200000
v 1.271423 0.375979 -0.200000
v 1.271423 0.375979 0.200000
v 1.268271 0.372614 -0.200000
v 1.268271 0.372614 0.200000
v 1.265187 0.369096 -0.200000
v 1.265187 0.369096 0.200000
v 1.262168 0.365427 -0.200000
v 1.262168 0.365427 0.200000
v 1.259217 0.361605 -0.200000
v 1.259217 0.361605 0.200000
v 1.256331 0.357632 -0.200000
v 1.256331 0.357632 0.200000
v 1.255084 0.355795 -0.200000
v 1.255084 0.355795 0.200000
v 1.253622 0.353477 -0.200000
v 1.253622 0.353477 0.200000
v 1.251946 0.350680 -0.200000
v 1.251946 0.350680 0.200000
v 1.250057 0.347403 -0.200000
v 1.250057 0.347403 0.200000
v 1.247954 0.343645 -0.200000
v 1.247954 0.343645 0.200000
v 1.245637 0.339408 -0.200000
v 1.245637 0.339408 0.200000
v 1.243106 0.334690 -0.200000
v 1.243106 0.334690 0.200000
v 1.240360 0.329493 -0.200000
v 1.240360 0.329493 0.200000
v 1.237402 0.323815 -0.200000
v 1.237402 0.323815 0.200000
v 1.234229 0.317657 -0.200000
v 1.234229 0.317657 0.200000
v 1.230842 0.311019 -0.200000
v 1.230842 0.311019 0.200000
v 1.227242 0.303901 -0.200000
v 1.227242 0.303901 0.200000
v 1.706365 0.101300 -0.200000
v 1.706365 0.101300 0.200000
v 1.853867 0.477413 -0.200000
v 1.853867 0.477413 0.200000
v 1.960986 0.477413 -0.200000
v 1.960986 0.477413 0.200000
v 2.104381 0.108830 -0.200000
v 2.104381 0.108830 0.200000
v 2.106302 0.104081 -0.200000
v 2.106302 0.104081 0.200000
v 2.108188 0.099646 -0.200000
v 2.108188 0.099646 0.200000
v 2.110038 0.095525 -0.200000
v 2.110038 0.095525 0.200000
v 2.111853 0.091718 -0.200000
v 2.111853 0.091718 0.200000
v 2.113631 0.088224 -0.200000
v 2.113631 0.088224 0.200000
v 2.115375 0.085044 -0.200000
v 2.115375 0.085044 0.200000
v 2.117082 0.082178 -0.200000
v 2.117082 0.082178 0.200000
v 2.118754 0.079626 -0.200000
v 2.118754 0.079626 0.200000
v 2.120391 0.077387 -0.200000
v 2.120391 0.077387 0.200000
v 2.121991 0.075462 -0.200000
v 2.121991 0.075462 0.200000
v 2.123556 0.073851 -0.200000
v 2.123556 0.073851 0.200000
v 2.125086 0.072553 -0.200000
v 2.125086 0.072553 0.200000
v 2.126703 0.071462 -0.200000
v 2.126703 0.071462 0.200000
v 2.128532 0.070471 -0.200000
v 2.128532 0.070471 0.200000
v 2.130572 0.069580 -0.200000
v 2.130572 0.069580 0.200000
v 2.132824 0.068789 -0.200000
v 2.132824 0.068788 0.200000
v 2.135287 0.068097 -0.200000
v 2.135287 0.068097 0.200000
v 2.137962 0.067505 -0.200000
v 2.137962 0.067505 0.200000
v 2.140848 0.067013 -0.200000
v 2.140848 0.067013 0.200000
v 2.143946 0.066621 -0.200000
v 2.143946 0.066621 0.200000
v 2.147256 0.066329 -0.200000
v 2.147256 0.066329 0.200000
v 2.150777 0.066136 -0.200000
v 2.150777 0.066136 0.200000
v 2.154509 0.066044 -0.200000
v 2.154509 0.066044 0.200000
v 2.158453 0.066051 -0.200000
v 2.158453 0.066051 0.200000
v 2.158453 0.000000 -0.200000
v 2.158453 -0.000000 0.200000
v 1.932580 0.000000 -0.200000
v 1.932580 -0.000000 0.200000
v 1.932580 0.066051 -0.200000
v 1.932580 0.066051 0.200000
v 1.946270 0.066393 -0.200000
v 1.946270 0.066393 0.200000
v 1.949328 0.066427 -0.200000
v 1.949328 0.066427 0.200000
v 1.952230 0.066531 -0.200000
v 1.952230 0.066531 0.200000
v 1.954975 0.066703 -0.200000
v 1.954975 0.066703 0.200000
v 1.957563 0.066944 -0.200000
v 1.957563 0.066944 0.200000
v 1.959995 0.067254 -0.200000
v 1.959995 0.067254 0.200000
v 1.962269 0.067633 -0.200000
v 1.962269 0.067633 0.200000
v 1.964387 0.068081 -0.200000
v 1.964387 0.068081 0.200000
v 1.966347 0.068598 -0.200000
v 1.966347 0.068598 0.200000
v 1.968151 0.069184 -0.200000
v 1.968151 0.069184 0.200000
v 1.969798 0.069839 -0.200000
v 1.969798 0.069839 0.200000
v 1.971288 0.070563 -0.200000
v 1.971288 0.070563 0.200000
v 1.972621 0.071355 -0.200000
v 1.972621 0.071355 0.200000
v 1.973824 0.072198 -0.200000
v 1.973824 0.072198 0.200000
v 1.974922 0.073071 -0.200000
v 1.974922 0.073071 0.200000
v 1.975915 0.073975 -0.200000
v 1.975915 0.073975 0.200000
v 1.976804 0.074911 -0.200000
v 1.976804 0.074911 0.200000
v 1.977589 0.075877 -0.200000
v 1.977589 0.075877 0.200000
v 1.978268 0.076874 -0.200000
v 1.978268 0.076874 0.200000
v 1.978843 0.077902 -0.200000
v 1.978843 0.077902 0.200000
v 1.979314 0.078960 -0.200000
v 1.979314 0.078960 0.200000
v 1.979680 0.080050 -0.200000
v 1.979680 0.080050 0.200000
v 1.979941 0.081171 -0.200000
v 1.979941 0.081171 0.200000
v 1.980098 0.082322 -0.200000
v 1.980098 0.082322 0.200000
v 1.980151 0.083504 -0.200000
v 1.980151 0.083504 0.200000
v 1.980105 0.084621 -0.200000
v 1.980105 0.084621 0.200000
v 1.979970 0.085919 -0.200000
v 1.979970 0.085919 0.200000
v 1.979744 0.087397 -0.200000
v 1.979744 0.087397 0.200000
v 1.979428 0.089056 -0.200000
v 1.979428 0.089056 0.200000
v 1.979022 0.090896 -0.200000
v 1.979022 0.090896 0.200000
v 1.978525 0.092916 -0.200000
v 1.978525 0.092916 0.200000
v 1.977938 0.095117 -0.200000
v 1.977938 0.095117 0.200000
v 1.977261 0.097498 -0.200000
v 1.977261 0.097498 0.200000
v 1.976493 0.100060 -0.200000
v 1.976493 0.100060 0.200000
v 1.975635 0.102803 -0.200000
v 1.975635 0.102802 0.200000
v 1.974687 0.105726 -0.200000
v 1.974687 0.105726 0.200000
v 1.973648 0.108830 -0.200000
v 1.973648 0.108830 0.200000
v 1.959617 0.152293 -0.200000
v 1.959617 0.152293 0.200000
v 1.814168 0.152293 -0.200000
v 1.814168 0.152293 0.200000
v 1.796372 0.104038 -0.200000
v 1.796372 0.104038 0.200000
v 1.795498 0.101545 -0.200000
v 1.795498 0.101545 0.200000
v 1.794699 0.099200 -0.200000
v 1.794699 0.099200 0.200000
v 1.793977 0.097001 -0.200000
v 1.793977 0.097001 0.200000
v 1.793330 0.094950 -0.200000
v 1.793330 0.094950 0.200000
v 1.792760 0.093047 -0.200000
v 1.792760 0.093047 0.200000
v 1.792265 0.091290 -0.200000
v 1.792265 0.091290 0.200000
v 1.791847 0.089681 -0.200000
v 1.791847 0.089681 0.200000
v 1.791505 0.088220 -0.200000
v 1.791505 0.088220 0.200000
v 1.791239 0.086905 -0.200000
v 1.791239 0.086905 0.200000
v 1.791049 0.085738 -0.200000
v 1.791049 0.085738 0.200000
v 1.790934 0.084719 -0.200000
v 1.790934 0.084719 0.200000
v 1.790897 0.083847 -0.200000
v 1.790897 0.083847 0.200000
v 1.790924 0.082941 -0.200000
v 1.790924 0.082941 0.200000
v 1.791006 0.082050 -0.200000
v 1.791006 0.082050 0.200000
v 1.791143 0.081173 -0.200000
v 1.791143 0.081173 0.200000
v 1.791334 0.080310 -0.200000
v 1.791334 0.080310 0.200000
v 1.791580 0.079462 -0.200000
v 1.791580 0.079462 0.200000
v 1.791880 0.078628 -0.200000
v 1.791880 0.078628 0.200000
v 1.792236 0.077808 -0.200000
v 1.792236 0.077808 0.200000
v 1.792646 0.077002 -0.200000
v 1.792646 0.077002 0.200000
v 1.793110 0.076211 -0.200000
v 1.793110 0.076211 0.200000
v 1.793630 0.075434 -0.200000
v 1.793630 0.075433 0.200000
v 1.794204 0.074671 -0.200000
v 1.794204 0.074671 0.200000
v 1.794832 0.073922 -0.200000
v 1.794832 0.073922 0.200000
v 1.795523 0.073197 -0.200000
v 1.795523 0.073197 0.200000
v 1.796282 0.072506 -0.200000
v 1.796282 0.072506 0.200000
v 1.797110 0.071847 -0.200000
v 1.797110 0.071847 0.200000
v 1.798008 0.071222 -0.200000
v 1.798008 0.071222 0.200000
v 1.798974 0.070630 -0.200000
v 1.798974 0.070630 0.200000
v 1.800009 0.070072 -0.200000
v 1.800009 0.070072 0.200000
v 1.801113 0.069547 -0.200000
v 1.801113 0.069547 0.200000
v 1.802285 0.069055 -0.200000
v 1.802285 0.069055 0.200000
v 1.803527 0.068596 -0.200000
v 1.803527 0.068596 0.200000
v 1.804838 0.068171 -0.200000
v 1.804838 0.068171 0.200000
v 1.806218 0.067778 -0.200000
v 1.806218 0.067778 0.200000
v 1.807666 0.067420 -0.200000
v 1.807666 0.067420 0.200000
v 1.808778 0.067201 -0.200000
v 1.808778 0.067201 0.200000
v 1.810176 0.067001 -0.200000
v 1.810176 0.067001 0.200000
v 1.811858 0.066821 -0.200000
v 1.811858 0.066821 0.200000
v 1.813826 0.066659 -0.200000
v 1.813826 0.066659 0.200000
v 1.816079 0.066516 -0.200000
v 1.816079 0.066516 0.200000
v 1.818617 0.066393 -0.200000
v 1.818617 0.066393 0.200000
v 1.821441 0.066288 -0.200000
v 1.821441 0.066288 0.200000
v 1.824549 0.066203 -0.200000
v 1.824549 0.066203 0.200000
v 1.827943 0.066136 -0.200000
v 1.827943 0.066136 0.200000
v 1.831622 0.066089 -0.200000
v 1.831622 0.066089 0.200000
v 1.835586 0.066060 -0.200000
v 1.835586 0.066060 0.200000
v 1.839836 0.066051 -0.200000
v 1.839836 0.066051 0.200000
v 1.839836 0.000000 -0.200000
v 1.839836 -0.000000 0.200000
v 1.655031 0.000000 -0.200000
v 1.655031 -0.000000 0.200000
v 1.655031 0.066051 -0.200000
v 1.655031 0.066051 0.200000
v 1.657930 0.066072 -0.200000
v 1.657930 0.066072 0.200000
v 1.660697 0.066136 -0.200000
v 1.660697 0.066136 0.200000
v 1.663330 0.066243 -0.200000
v 1.663330 0.066243 0.200000
v 1.665830 0.066393 -0.200000
v 1.665830 0.066393 0.200000
v 1.668197 0.066585 -0.200000
v 1.668197 0.066585 0.200000
v 1.670431 0.066821 -0.200000
v 1.670431 0.066821 0.200000
v 1.672532 0.067099 -0.200000
v 1.672532 0.067099 0.200000
v 1.674500 0.067420 -0.200000
v 1.674500 0.067420 0.200000
v 1.676335 0.067783 -0.200000
v 1.676335 0.067783 0.200000
v 1.678036 0.068190 -0.200000
v 1.678036 0.068190 0.200000
v 1.679605 0.068639 -0.200000
v 1.679605 0.068639 0.200000
v 1.681040 0.069131 -0.200000
v 1.681040 0.069131 0.200000
v 1.682389 0.069665 -0.200000
v 1.682389 0.069665 0.200000
v 1.683697 0.070243 -0.200000
v 1.683697 0.070243 0.200000
v 1.684965 0.070863 -0.200000
v 1.684965 0.070863 0.200000
v 1.686193 0.071526 -0.200000
v 1.686193 0.071526 0.200000
v 1.687380 0.072232 -0.200000
v 1.687380 0.072232 0.200000
v 1.688527 0.072981 -0.200000
v 1.688527 0.072981 0.200000
v 1.689633 0.073772 -0.200000
v 1.689633 0.073772 0.200000
v 1.690699 0.074606 -0.200000
v 1.690699 0.074606 0.200000
v 1.691724 0.075483 -0.200000
v 1.691724 0.075483 0.200000
v 1.692709 0.076403 -0.200000
v 1.692709 0.076403 0.200000
v 1.693654 0.077366 -0.200000
v 1.693654 0.077366 0.200000
v 1.694559 0.078371 -0.200000
v 1.694559 0.078371 0.200000
v 1.695451 0.079471 -0.200000
v 1.695451 0.079471 0.200000
v 1.696360 0.080719 -0.200000
v 1.696360 0.080719 0.200000
v 1.697286 0.082114 -0.200000
v 1.697286 0.082114 0.200000
v 1.698228 0.083657 -0.200000
v 1.698228 0.083657 0.200000
v 1.699187 0.085346 -0.200000
v 1.699187 0.085346 0.200000
v 1.700163 0.087183 -0.200000
v 1.700163 0.087183 0.200000
v 1.701155 0.089168 -0.200000
v 1.701155 0.089168 0.200000
v 1.702164 0.091300 -0.200000
v 1.702164 0.091300 0.200000
v 1.703189 0.093579 -0.200000
v 1.703189 0.093579 0.200000
v 1.704231 0.096005 -0.200000
v 1.704231 0.096005 0.200000
v 1.705290 0.098579 -0.200000
v 1.705290 0.098579 0.200000
v 1.888090 0.351814 -0.200000
v 1.888090 0.351814 0.200000
v 1.839151 0.220397 -0.200000
v 1.839151 0.220397 0.200000
v 1.934634 0.220397 -0.200000
v 1.934634 0.220397 0.200000
v 2.233573 0.330767 -0.200000
v 2.233573 0.330767 0.200000
v 2.236787 0.333800 -0.200000
v 2.236787 0.333800 0.200000
v 2.240099 0.336570 -0.200000
v 2.240099 0.336570 0.200000
v 2.243508 0.339076 -0.200000
v 2.243508 0.339076 0.200000
v 2.247015 0.341319 -0.200000
v 2.247015 0.341319 0.200000
v 2.250619 0.343297 -0.200000
v 2.250619 0.343297 0.200000
v 2.254321 0.345012 -0.200000
v 2.254321 0.345012 0.200000
v 2.258120 0.346463 -0.200000
v 2.258120 0.346463 0.200000
v 2.262016 0.347650 -0.200000
v 2.262016 0.347650 0.200000
v 2.266010 0.348573 -0.200000
v 2.266010 0.348573 0.200000
v 2.270101 0.349233 -0.200000
v 2.270101 0.349233 0.200000
v 2.274290 0.349629 -0.200000
v 2.274290 0.349629 0.200000
v 2.278576 0.349760 -0.200000
v 2.278576 0.349760 0.200000
v 2.282861 0.349630 -0.200000
v 2.282861 0.349630 0.200000
v 2.287047 0.349238 -0.200000
v 2.287047 0.349238 0.200000
v 2.291132 0.348584 -0.200000
v 2.291132 0.348584 0.200000
v 2.295118 0.347669 -0.200000
v 2.295118 0.347669 0.200000
v 2.299003 0.346493 -0.200000
v 2.299003 0.346493 0.200000
v 2.302789 0.345055 -0.200000
v 2.302789 0.345055 0.200000
v 2.306475 0.343356 -0.200000
v 2.306475 0.343356 0.200000
v 2.310062 0.341395 -0.200000
v 2.310062 0.341395 0.200000
v 2.313548 0.339173 -0.200000
v 2.313548 0.339173 0.200000
v 2.316935 0.336689 -0.200000
v 2.316935 0.336689 0.200000
v 2.320222 0.333944 -0.200000
v 2.320222 0.333944 0.200000
v 2.323409 0.330938 -0.200000
v 2.323409 0.330938 0.200000
v 2.326415 0.327748 -0.200000
v 2.326415 0.327748 0.200000
v 2.329160 0.324454 -0.200000
v 2.329160 0.324454 0.200000
v 2.331644 0.321056 -0.200000
v 2.331644 0.321056 0.200000
v 2.333866 0.317553 -0.200000
v 2.333866 0.317553 0.200000
v 2.335827 0.313945 -0.200000
v 2.335827 0.313945 0.200000
v 2.337526 0.310233 -0.200000
v 2.337526 0.310233 0.200000
v 2.338964 0.306416 -0.200000
v 2.338964 0.306416 0.200000
v 2.340140 0.302495 -0.200000
v 2.340140 0.302495 0.200000
v 2.341055 0.298469 -0.200000
v 2.341055 0.298469 0.200000
v 2.341709 0.294338 -0.200000
v 2.341709 0.294338 0.200000
v 2.342101 0.290103 -0.200000
v 2.342101 0.290103 0.200000
v 2.342232 0.285763 -0.200000
v 2.342232 0.285763 0.200000
v 2.342102 0.281369 -0.200000
v 2.342102 0.281369 0.200000
v 2.341713 0.277084 -0.200000
v 2.341713 0.277084 0.200000
v 2.341066 0.272908 -0.200000
v 2.341066 0.272908 0.200000
v 2.340159 0.268842 -0.200000
v 2.340159 0.268842 0.200000
v 2.338994 0.264885 -0.200000
v 2.338994 0.264885 0.200000
v 2.337569 0.261037 -0.200000
v 2.337569 0.261037 0.200000
v 2.335885 0.257299 -0.200000
v 2.335885 0.257299 0.200000
v 2.333942 0.253669 -0.200000
v 2.333942 0.253669 0.200000
v 2.331740 0.250150 -0.200000
v 2.331740 0.250150 0.200000
v 2.329279 0.246739 -0.200000
v 2.329279 0.246739 0.200000
v 2.326559 0.243438 -0.200000
v 2.326559 0.243438 0.200000
v 2.323580 0.240246 -0.200000
v 2.323580 0.240246 0.200000
v 2.320415 0.237240 -0.200000
v 2.320415 0.237240 0.200000
v 2.317139 0.234495 -0.200000
v 2.317139 0.234495 0.200000
v 2.313751 0.232011 -0.200000
v 2.313751 0.232011 0.200000
v 2.310252 0.229789 -0.200000
v 2.310252 0.229789 0.200000
v 2.306640 0.227829 -0.200000
v 2.306640 0.227829 0.200000
v 2.302917 0.226129 -0.200000
v 2.302917 0.226129 0.200000
v 2.299083 0.224692 -0.200000
v 2.299083 0.224692 0.200000
v 2.295136 0.223515 -0.200000
v 2.295136 0.223515 0.200000
v 2.291078 0.222600 -0.200000
v 2.291078 0.222600 0.200000
v 2.286909 0.221947 -0.200000
v 2.286909 0.221947 0.200000
v 2.282627 0.221554 -0.200000
v 2.282627 0.221554 0.200000
v 2.278234 0.221424 -0.200000
v 2.278234 0.221424 0.200000
v 2.273896 0.221554 -0.200000
v 2.273896 0.221554 0.200000
v 2.269664 0.221947 -0.200000
v 2.269664 0.221947 0.200000
v 2.265540 0.222600 -0.200000
v 2.265540 0.222600 0.200000
v 2.261522 0.223515 -0.200000
v 2.261522 0.223515 0.200000
v 2.257611 0.224692 -0.200000
v 2.257611 0.224691 0.200000
v 2.253808 0.226129 -0.200000
v 2.253808 0.226129 0.200000
v 2.250111 0.227829 -0.200000
v 2.250111 0.227829 0.200000
v 2.246521 0.229789 -0.200000
v 2.246521 0.229789 0.200000
v 2.243038 0.232011 -0.200000
v 2.243038 0.232011 0.200000
v 2.239662 0.234495 -0.200000
v 2.239662 0.234495 0.200000
v 2.236393 0.237240 -0.200000
v 2.236393 0.237240 0.200000
v 2.233231 0.240246 -0.200000
v 2.233231 0.240246 0.200000
v 2.230252 0.243436 -0.200000
v 2.230252 0.243436 0.200000
v 2.227532 0.246730 -0.200000
v 2.227532 0.246730 0.200000
v 2.225071 0.250128 -0.200000
v 2.225071 0.250128 0.200000
v 2.222869 0.253631 -0.200000
v 2.222869 0.253631 0.200000
v 2.220926 0.257239 -0.200000
v 2.220926 0.257239 0.200000
v 2.219242 0.260951 -0.200000
v 2.219242 0.260951 0.200000
v 2.217817 0.264768 -0.200000
v 2.217817 0.264768 0.200000
v 2.216651 0.268690 -0.200000
v 2.216651 0.268690 0.200000
v 2.215745 0.272716 -0.200000
v 2.215745 0.272716 0.200000
v 2.215097 0.276846 -0.200000
v 2.215097 0.276846 0.200000
v 2.214709 0.281081 -0.200000
v 2.214709 0.281081 0.200000
v 2.214579 0.285421 -0.200000
v 2.214579 0.285421 0.200000
v 2.214711 0.289762 -0.200000
v 2.214711 0.289762 0.200000
v 2.215107 0.294000 -0.200000
v 2.215107 0.294000 0.200000
v 2.215766 0.298137 -0.200000
v 2.215766 0.298137 0.200000
v 2.216690 0.302171 -0.200000
v 2.216690 0.302171 0.200000
v 2.217877 0.306103 -0.200000
v 2.217877 0.306103 0.200000
v 2.219328 0.309933 -0.200000
v 2.219328 0.309933 0.200000
v 2.221042 0.313661 -0.200000
v 2.221042 0.313661 0.200000
v 2.223021 0.317286 -0.200000
v 2.223021 0.317286 0.200000
v 2.225263 0.320810 -0.200000
v 2.225263 0.320810 0.200000
v 2.227769 0.324231 -0.200000
v 2.227769 0.324231 0.200000
v 2.230539 0.327550 -0.200000
v 2.230539 0.327550 0.200000
v 2.233231 0.103183 -0.200000
v 2.233231 0.103183 0.200000
v 2.236395 0.106162 -0.200000
v 2.236395 0.106162 0.200000
v 2.239671 0.108882 -0.200000
v 2.239671 0.108882 0.200000
v 2.243059 0.111343 -0.200000
v 2.243059 0.111343 0.200000
v 2.246559 0.113545 -0.200000
v 2.246559 0.113545 0.200000
v 2.250170 0.115488 -0.200000
v 2.250170 0.115488 0.200000
v 2.253893 0.117171 -0.200000
v 2.253893 0.117171 0.200000
v 2.257728 0.118596 -0.200000
v 2.257728 0.118596 0.200000
v 2.261674 0.119762 -0.200000
v 2.261674 0.119762 0.200000
v 2.265732 0.120669 -0.200000
v 2.265732 0.120669 0.200000
v 2.269902 0.121316 -0.200000
v 2.269902 0.121316 0.200000
v 2.274184 0.121705 -0.200000
v 2.274184 0.121705 0.200000
v 2.278576 0.121834 -0.200000
v 2.278576 0.121834 0.200000
v 2.282915 0.121705 -0.200000
v 2.282915 0.121705 0.200000
v 2.287146 0.121316 -0.200000
v 2.287146 0.121316 0.200000
v 2.291271 0.120669 -0.200000
v 2.291271 0.120669 0.200000
v 2.295289 0.119762 -0.200000
v 2.295289 0.119762 0.200000
v 2.299199 0.118596 -0.200000
v 2.299199 0.118596 0.200000
v 2.303003 0.117171 -0.200000
v 2.303003 0.117171 0.200000
v 2.306700 0.115488 -0.200000
v 2.306700 0.115488 0.200000
v 2.310290 0.113545 -0.200000
v 2.310290 0.113545 0.200000
v 2.313773 0.111343 -0.200000
v 2.313773 0.111343 0.200000
v 2.317149 0.108882 -0.200000
v 2.317149 0.108882 0.200000
v 2.320418 0.106162 -0.200000
v 2.320418 0.106162 0.200000
v 2.323580 0.103183 -0.200000
v 2.323580 0.103183 0.200000
v 2.326559 0.100021 -0.200000
v 2.326559 0.100021 0.200000
v 2.329279 0.096752 -0.200000
v 2.329279 0.096752 0.200000
v 2.331740 0.093376 -0.200000
v 2.331740 0.093376 0.200000
v 2.333942 0.089893 -0.200000
v 2.333942 0.089893 0.200000
v 2.335885 0.086303 -0.200000
v 2.335885 0.086303 0.200000
v 2.337569 0.082606 -0.200000
v 2.337569 0.082606 0.200000
v 2.338994 0.078802 -0.200000
v 2.338994 0.078802 0.200000
v 2.340159 0.074892 -0.200000
v 2.340159 0.074892 0.200000
v 2.341066 0.070874 -0.200000
v 2.341066 0.070874 0.200000
v 2.341713 0.066749 -0.200000
v 2.341713 0.066749 0.200000
v 2.342102 0.062518 -0.200000
v 2.342102 0.062518 0.200000
v 2.342232 0.058179 -0.200000
v 2.342232 0.058179 0.200000
v 2.342102 0.053841 -0.200000
v 2.342102 0.053841 0.200000
v 2.341713 0.049609 -0.200000
v 2.341713 0.049609 0.200000
v 2.341066 0.045485 -0.200000
v 2.341066 0.045485 0.200000
v 2.340159 0.041467 -0.200000
v 2.340159 0.041467 0.200000
v 2.338994 0.037556 -0.200000
v 2.338994 0.037556 0.200000
v 2.337569 0.033753 -0.200000
v 2.337569 0.033753 0.200000
v 2.335885 0.030056 -0.200000
v 2.335885 0.030056 0.200000
v 2.333942 0.026466 -0.200000
v 2.333942 0.026466 0.200000
v 2.331740 0.022983 -0.200000
v 2.331740 0.022983 0.200000
v 2.329279 0.019607 -0.200000
v 2.329279 0.019607 0.200000
v 2.326559 0.016338 -0.200000
v 2.326559 0.016338 0.200000
v 2.323580 0.013176 -0.200000
v 2.323580 0.013176 0.200000
v 2.320418 0.010197 -0.200000
v 2.320418 0.010197 0.200000
v 2.317149 0.007477 -0.200000
v 2.317149 0.007477 0.200000
v 2.313773 0.005016 -0.200000
v 2.313773 0.005016 0.200000
v 2.310290 0.002814 -0.200000
v 2.310290 0.002814 0.200000
v 2.306700 0.000871 -0.200000
v 2.306700 0.000871 0.200000
v 2.303003 -0.000813 -0.200000
v 2.303003 -0.000813 0.200000
v 2.299199 -0.002238 -0.200000
v 2.299199 -0.002238 0.200000
v 2.295289 -0.003403 -0.200000
v 2.295289 -0.003403 0.200000
v 2.291271 -0.004310 -0.200000
v 2.291271 -0.004310 0.200000
v 2.287146 -0.004958 -0.200000
v 2.287146 -0.004958 0.200000
v 2.282915 -0.005346 -0.200000
v 2.282915 -0.005346 0.200000
v 2.278576 -0.005476 -0.200000
v 2.278576 -0.005476 0.200000
v 2.274183 -0.005346 -0.200000
v 2.274183 -0.005346 0.200000
v 2.269902 -0.004958 -0.200000
v 2.269902 -0.004958 0.200000
v 2.265732 -0.004310 -0.200000
v 2.265732 -0.004310 0.200000
v 2.261674 -0.003403 -0.200000
v 2.261674 -0.003403 0.200000
v 2.257728 -0.002238 -0.200000
v 2.257728 -0.002238 0.200000
v 2.253893 -0.000813 -0.200000
v 2.253893 -0.000813 0.200000
v 2.250170 0.000871 -0.200000
v 2.250170 0.000871 0.200000
v 2.246559 0.002814 -0.200000
v 2.246559 0.002814 0.200000
v 2.243059 0.005016 -0.200000
v 2.243059 0.005016 0.200000
v 2.239671 0.007477 -0.200000
v 2.239671 0.007477 0.200000
v 2.236395 0.010197 -0.200000
v 2.236395 0.010197 0.200000
v 2.233231 0.013176 -0.200000
v 2.233231 0.013176 0.200000
v 2.230252 0.016338 -0.200000
v 2.230252 0.016338 0.200000
v 2.227532 0.019607 -0.200000
v 2.227532 0.019607 0.200000
v 2.225071 0.022983 -0.200000
v 2.225071 0.022983 0.200000
v 2.222869 0.026466 -0.200000
v 2.222869 0.026466 0.200000
v 2.220926 0.030056 -0.200000
v 2.220926 0.030056 0.200000
v 2.219242 0.033753 -0.200000
v 2.219242 0.033753 0.200000
v 2.217817 0.037556 -0.200000
v 2.217817 0.037556 0.200000
v 2.216651 0.041467 -0.200000
v 2.216651 0.041467 0.200000
v 2.215745 0.045485 -0.200000
v 2.215745 0.045485 0.200000
v 2.215097 0.049609 -0.200000
v 2.215097 0.049609 0.200000
v 2.214709 0.053841 -0.200000
v 2.214709 0.053841 0.200000
v 2.214579 0.058179 -0.200000
v 2.214579 0.058179 0.200000
v 2.214709 0.062518 -0.200000
v 2.214709 0.062518 0.200000
v 2.215097 0.066749 -0.200000
v 2.215097 0.066749 0.200000
v 2.215745 0.070874 -0.200000
v 2.215745 0.070874 0.200000
v 2.216651 0.074892 -0.200000
v 2.216651 0.074892 0.200000
v 2.217817 0.078802 -0.200000
v 2.217817 0.078802 0.200000
v 2.219242 0.082606 -0.200000
v 2.219242 0.082606 0.200000
v 2.220926 0.086303 -0.200000
v 2.220926 0.086303 0.200000
v 2.222869 0.089893 -0.200000
v 2.222869 0.089893 0.200000
v 2.225071 0.093376 -0.200000
v 2.225071 0.093376 0.200000
v 2.227532 0.096752 -0.200000
v 2.227532 0.096752 0.200000
v 2.230252 0.100021 -0.200000
v 2.230252 0.100021 0.200000
vn -0.0000 -0.0000 1.0000
vn 0.0004 -0.0000 1.0000
vn 0.0002 -0.0000 1.0000
vn -0.0001 -0.0000 1.0000
vn 0.0005 -0.0000 1.0000
vn -0.0000 -0.0000 -1.0000
vn 0.0004 -0.0000 -1.0000
vn 0.0002 -0.0000 -1.0000
vn -0.0001 -0.0000 -1.0000
vn 0.0005 -0.0000 -1.0000
vn -0.7071 -0.7071 -0.0000
vn -0.7071 0.7071 -0.0000
vn 0.6024 0.7982 -0.0000
vn 0.0049 1.0000 -0.0000
vn -0.5985 0.8011 -0.0000
vn 0.7071 0.7071 -0.0000
vn 0.7071 -0.7071 -0.0000
vn 0.0090 -1.0000 -0.0000
vn 0.0373 -0.9993 -0.0000
vn 0.0783 -0.9969 -0.0000
vn 0.1237 -0.9923 -0.0000
vn 0.1741 -0.9847 -0.0000
vn 0.2298 -0.9732 -0.0000
vn 0.2910 -0.9567 -0.0000
vn 0.3578 -0.9338 -0.0000
vn 0.4298 -0.9029 -0.0000
vn 0.5058 -0.8627 -0.0000
vn 0.5843 -0.8116 -0.0000
vn 0.6627 -0.7489 -0.0000
vn 0.7387 -0.6741 -0.0000
vn 0.8065 -0.5913 -0.0000
vn 0.8609 -0.5087 -0.0000
vn 0.9024 -0.4310 -0.0000
vn 0.9331 -0.3595 -0.0000
vn 0.9555 -0.2949 -0.0000
vn 0.9715 -0.2369 -0.0000
vn 0.9827 -0.1853 -0.0000
vn 0.9902 -0.1394 -0.0000
vn 0.9951 -0.0985 -0.0000
vn 0.9981 -0.0621 -0.0000
vn 0.9996 -0.0295 -0.0000
vn 1.0000 -0.0071 -0.0000
vn 1.0000 0.0025 -0.0000
vn 0.9999 0.0104 -0.0000
vn 0.9998 0.0222 -0.0000
vn 0.9994 0.0358 -0.0000
vn 0.9987 0.0516 -0.0000
vn 0.9975 0.0702 -0.0000
vn 0.9957 0.0925 -0.0000
vn 0.9928 0.1196 -0.0000
vn 0.9882 0.1532 -0.0000
vn 0.9807 0.1956 -0.0000
vn 0.9681 0.2507 -0.0000
vn 0.9460 0.3241 -0.0000
vn 0.9173 0.3982 -0.0000
vn 0.8927 0.4507 -0.0000
vn 0.8705 0.4921 -0.0000
vn 0.8450 0.5347 -0.0000
vn 0.8158 0.5783 -0.0000
vn 0.7828 0.6223 -0.0000
vn 0.7458 0.6662 -0.0000
vn 0.7047 0.7095 -0.0000
vn 0.6597 0.7516 -0.0000
vn 0.6110 0.7917 -0.0000
vn 0.5589 0.8292 -0.0000
vn 0.5042 0.8636 -0.0000
vn 0.4649 0.8854 -0.0000
vn 0.4292 0.9032 -0.0000
vn 0.3804 0.9248 -0.0000
vn 0.3332 0.9429 -0.0000
vn 0.2877 0.9577 -0.0000
vn 0.2442 0.9697 -0.0000
vn 0.2029 0.9792 -0.0000
vn 0.1638 0.9865 -0.0000
vn 0.1269 0.9919 -0.0000
vn 0.0922 0.9957 -0.0000
vn 0.0596 0.9982 -0.0000
vn 0.0289 0.9996 -0.0000
vn 0.0071 1.0000 -0.0000
vn -0.0034 1.0000 -0.0000
vn -0.0141 0.9999 -0.0000
vn -0.0297 0.9996 -0.0000
vn -0.0474 0.9989 -0.0000
vn -0.0674 0.9977 -0.0000
vn -0.0903 0.9959 -0.0000
vn -0.1166 0.9932 -0.0000
vn -0.1473 0.9891 -0.0000
vn -0.1833 0.9831 -0.0000
vn -0.2260 0.9741 -0.0000
vn -0.2769 0.9609 -0.0000
vn -0.3384 0.9410 -0.0000
vn -0.4026 0.9154 -0.0000
vn -0.4559 0.8900 -0.0000
vn -0.5019 0.8650 -0.0000
vn -0.5479 0.8365 -0.0000
vn -0.5936 0.8048 -0.0000
vn -0.6385 0.7697 -0.0000
vn -0.6819 0.7314 -0.0000
vn -0.7235 0.6903 -0.0000
vn -0.7627 0.6467 -0.0000
vn -0.7992 0.6011 -0.0000
vn -0.8326 0.5539 -0.0000
vn -0.8627 0.5057 -0.0000
vn -0.8932 0.4496 -0.0000
vn -0.9239 0.3827 -0.0000
vn -0.9482 0.3176 -0.0000
vn -0.9651 0.2619 -0.0000
vn -0.9768 0.2142 -0.0000
vn -0.9849 0.1733 -0.0000
vn -0.9904 0.1380 -0.0000
vn -0.9942 0.1072 -0.0000
vn -0.9968 0.0803 -0.0000
vn -0.9984 0.0566 -0.0000
vn -0.9994 0.0356 -0.0000
vn -0.9999 0.0170 -0.0000
vn -1.0000 0.0041 -0.0000
vn -0.1425 -0.9898 -0.0000
vn 0.5991 -0.8007 -0.0000
vn -0.5991 -0.8006 -0.0000
vn 0.1425 -0.9898 -0.0000
vn 1.0000 0.0077 -0.0000
vn 0.9995 0.0316 -0.0000
vn 0.9979 0.0654 -0.0000
vn 0.9948 0.1018 -0.0000
vn 0.9900 0.1409 -0.0000
vn 0.9831 0.1828 -0.0000
vn 0.9737 0.2277 -0.0000
vn 0.9613 0.2754 -0.0000
vn 0.9454 0.3260 -0.0000
vn 0.9254 0.3791 -0.0000
vn 0.9007 0.4344 -0.0000
vn 0.8710 0.4912 -0.0000
vn 0.8385 0.5450 -0.0000
vn 0.8070 0.5905 -0.0000
vn 0.7757 0.6311 -0.0000
vn 0.7423 0.6700 -0.0000
vn 0.6705 0.7419 -0.0000
vn 0.6326 0.7745 -0.0000
vn 0.5940 0.8045 -0.0000
vn 0.5548 0.8320 -0.0000
vn 0.5156 0.8569 -0.0000
vn 0.4765 0.8792 -0.0000
vn 0.4378 0.8991 -0.0000
vn 0.3942 0.9190 -0.0000
vn 0.3423 0.9396 -0.0000
vn 0.2904 0.9569 -0.0000
vn 0.2444 0.9697 -0.0000
vn 0.2036 0.9791 -0.0000
vn 0.1674 0.9859 -0.0000
vn 0.1352 0.9908 -0.0000
vn 0.1064 0.9943 -0.0000
vn 0.0806 0.9967 -0.0000
vn 0.0574 0.9983 -0.0000
vn 0.0365 0.9993 -0.0000
vn 0.0175 0.9998 -0.0000
vn 0.0042 1.0000 -0.0000
vn -0.0038 1.0000 -0.0000
vn -0.0160 0.9999 -0.0000
vn -0.0336 0.9994 -0.0000
vn -0.0535 0.9986 -0.0000
vn -0.0759 0.9971 -0.0000
vn -0.1013 0.9949 -0.0000
vn -0.1305 0.9914 -0.0000
vn -0.1641 0.9864 -0.0000
vn -0.2031 0.9792 -0.0000
vn -0.2487 0.9686 -0.0000
vn -0.3023 0.9532 -0.0000
vn -0.3655 0.9308 -0.0000
vn -0.4313 0.9022 -0.0000
vn -0.4875 0.8731 -0.0000
vn -0.5365 0.8439 -0.0000
vn -0.5847 0.8113 -0.0000
vn -0.6315 0.7753 -0.0000
vn -0.6764 0.7365 -0.0000
vn -0.7189 0.6951 -0.0000
vn -0.7586 0.6515 -0.0000
vn -0.7952 0.6064 -0.0000
vn -0.8283 0.5602 -0.0000
vn -0.8581 0.5136 -0.0000
vn -0.8843 0.4669 -0.0000
vn -0.9104 0.4136 -0.0000
vn -0.9365 0.3507 -0.0000
vn -0.9570 0.2900 -0.0000
vn -0.9711 0.2387 -0.0000
vn -0.9808 0.1950 -0.0000
vn -0.9875 0.1576 -0.0000
vn -0.9921 0.1254 -0.0000
vn -0.9952 0.0974 -0.0000
vn -0.9973 0.0730 -0.0000
vn -0.9987 0.0515 -0.0000
vn -0.9995 0.0324 -0.0000
vn -0.9999 0.0154 -0.0000
vn -1.0000 0.0037 -0.0000
vn -1.0000 -0.0028 -0.0000
vn -0.9999 -0.0117 -0.0000
vn -0.9997 -0.0247 -0.0000
vn -0.9992 -0.0396 -0.0000
vn -0.9984 -0.0567 -0.0000
vn -0.9971 -0.0766 -0.0000
vn -0.9950 -0.1001 -0.0000
vn -0.9918 -0.1280 -0.0000
vn -0.9868 -0.1616 -0.0000
vn -0.9792 -0.2030 -0.0000
vn -0.9671 -0.2545 -0.0000
vn -0.9474 -0.3200 -0.0000
vn -0.9257 -0.3782 -0.0000
vn -0.9069 -0.4214 -0.0000
vn -0.8853 -0.4651 -0.0000
vn -0.8603 -0.5097 -0.0000
vn -0.8319 -0.5549 -0.0000
vn -0.7999 -0.6002 -0.0000
vn -0.7642 -0.6450 -0.0000
vn -0.7249 -0.6889 -0.0000
vn -0.6822 -0.7311 -0.0000
vn -0.6365 -0.7712 -0.0000
vn -0.5882 -0.8087 -0.0000
vn -0.5377 -0.8431 -0.0000
vn -0.4825 -0.8759 -0.0000
vn -0.4219 -0.9066 -0.0000
vn -0.3622 -0.9321 -0.0000
vn -0.3078 -0.9515 -0.0000
vn -0.2583 -0.9661 -0.0000
vn -0.2137 -0.9769 -0.0000
vn -0.1733 -0.9849 -0.0000
vn -0.1369 -0.9906 -0.0000
vn -0.1040 -0.9946 -0.0000
vn -0.0742 -0.9972 -0.0000
vn -0.0472 -0.9989 -0.0000
vn -0.0226 -0.9997 -0.0000
vn -0.0055 -1.0000 -0.0000
vn 0.5748 0.8183 -0.0000
vn 0.9048 -0.4259 -0.0000
vn -0.3951 -0.9186 -0.0000
vn -0.9110 -0.4124 -0.0000
vn -0.9011 -0.4336 -0.0000
vn -0.8902 -0.4555 -0.0000
vn -0.8782 -0.4782 -0.0000
vn -0.8651 -0.5016 -0.0000
vn -0.8506 -0.5257 -0.0000
vn -0.8348 -0.5505 -0.0000
vn -0.8175 -0.5759 -0.0000
vn -0.7986 -0.6018 -0.0000
vn -0.7781 -0.6282 -0.0000
vn -0.7557 -0.6549 -0.0000
vn -0.7315 -0.6818 -0.0000
vn -0.7053 -0.7089 -0.0000
vn -0.6770 -0.7360 -0.0000
vn -0.6464 -0.7630 -0.0000
vn -0.6135 -0.7897 -0.0000
vn -0.5784 -0.8158 -0.0000
vn -0.5409 -0.8411 -0.0000
vn -0.5013 -0.8652 -0.0000
vn -0.4597 -0.8881 -0.0000
vn -0.4162 -0.9093 -0.0000
vn -0.3712 -0.9286 -0.0000
vn -0.3247 -0.9458 -0.0000
vn -0.2822 -0.9594 -0.0000
vn -0.2495 -0.9684 -0.0000
vn -0.2224 -0.9750 -0.0000
vn -0.1962 -0.9806 -0.0000
vn -0.1710 -0.9853 -0.0000
vn -0.1466 -0.9892 -0.0000
vn -0.1231 -0.9924 -0.0000
vn -0.1005 -0.9949 -0.0000
vn -0.0788 -0.9969 -0.0000
vn -0.0579 -0.9983 -0.0000
vn -0.0378 -0.9993 -0.0000
vn -0.0186 -0.9998 -0.0000
vn -0.0046 -1.0000 -0.0000
vn -0.0031 1.0000 -0.0000
vn -0.0130 0.9999 -0.0000
vn -0.0274 0.9996 -0.0000
vn -0.0437 0.9990 -0.0000
vn -0.0622 0.9981 -0.0000
vn -0.0834 0.9965 -0.0000
vn -0.1079 0.9942 -0.0000
vn -0.1364 0.9907 -0.0000
vn -0.1700 0.9854 -0.0000
vn -0.2100 0.9777 -0.0000
vn -0.2581 0.9661 -0.0000
vn -0.3166 0.9486 -0.0000
vn -0.3790 0.9254 -0.0000
vn -0.4331 0.9013 -0.0000
vn -0.4812 0.8766 -0.0000
vn -0.5298 0.8481 -0.0000
vn -0.5785 0.8156 -0.0000
vn -0.6267 0.7792 -0.0000
vn -0.6737 0.7390 -0.0000
vn -0.7188 0.6952 -0.0000
vn -0.7615 0.6482 -0.0000
vn -0.8011 0.5985 -0.0000
vn -0.8372 0.5468 -0.0000
vn -0.8696 0.4938 -0.0000
vn -0.9016 0.4326 -0.0000
vn -0.9323 0.3617 -0.0000
vn -0.9555 0.2950 -0.0000
vn -0.9708 0.2399 -0.0000
vn -0.9810 0.1940 -0.0000
vn -0.9878 0.1554 -0.0000
vn -0.9924 0.1228 -0.0000
vn -0.9955 0.0948 -0.0000
vn -0.9975 0.0706 -0.0000
vn -0.9988 0.0495 -0.0000
vn -0.9995 0.0310 -0.0000
vn -0.9999 0.0147 -0.0000
vn -1.0000 0.0035 -0.0000
vn -1.0000 -0.0051 -0.0000
vn -0.9998 -0.0210 -0.0000
vn -0.9990 -0.0438 -0.0000
vn -0.9976 -0.0689 -0.0000
vn -0.9953 -0.0966 -0.0000
vn -0.9919 -0.1273 -0.0000
vn -0.9869 -0.1613 -0.0000
vn -0.9800 -0.1991 -0.0000
vn -0.9705 -0.2412 -0.0000
vn -0.9576 -0.2881 -0.0000
vn -0.9404 -0.3401 -0.0000
vn -0.9175 -0.3977 -0.0000
vn -0.8908 -0.4544 -0.0000
vn -0.8648 -0.5021 -0.0000
vn -0.8383 -0.5453 -0.0000
vn -0.8080 -0.5892 -0.0000
vn -0.7738 -0.6335 -0.0000
vn -0.7355 -0.6776 -0.0000
vn -0.6931 -0.7208 -0.0000
vn -0.6468 -0.7626 -0.0000
vn -0.5969 -0.8023 -0.0000
vn -0.5438 -0.8392 -0.0000
vn -0.4880 -0.8728 -0.0000
vn -0.4304 -0.9026 -0.0000
vn -0.3651 -0.9310 -0.0000
vn -0.2940 -0.9558 -0.0000
vn -0.2323 -0.9726 -0.0000
vn -0.1844 -0.9828 -0.0000
vn -0.1464 -0.9892 -0.0000
vn -0.1156 -0.9933 -0.0000
vn -0.0902 -0.9959 -0.0000
vn -0.0690 -0.9976 -0.0000
vn -0.0510 -0.9987 -0.0000
vn -0.0356 -0.9994 -0.0000
vn -0.0222 -0.9998 -0.0000
vn -0.0105 -0.9999 -0.0000
vn -0.0025 -1.0000 -0.0000
vn 1.0000 0.0021 -0.0000
vn 1.0000 0.0089 -0.0000
vn 0.9998 0.0190 -0.0000
vn 0.9995 0.0307 -0.0000
vn 0.9990 0.0445 -0.0000
vn 0.9981 0.0610 -0.0000
vn 0.9967 0.0810 -0.0000
vn 0.9944 0.1057 -0.0000
vn 0.9906 0.1369 -0.0000
vn 0.9841 0.1775 -0.0000
vn 0.9726 0.2323 -0.0000
vn 0.9510 0.3091 -0.0000
vn 0.9161 0.4010 -0.0000
vn 0.8772 0.4801 -0.0000
vn 0.8394 0.5434 -0.0000
vn 0.7977 0.6031 -0.0000
vn 0.7528 0.6583 -0.0000
vn 0.7057 0.7085 -0.0000
vn 0.6574 0.7535 -0.0000
vn 0.6088 0.7933 -0.0000
vn 0.5607 0.8280 -0.0000
vn 0.5136 0.8580 -0.0000
vn 0.4680 0.8837 -0.0000
vn 0.4243 0.9055 -0.0000
vn 0.3717 0.9283 -0.0000
vn 0.3055 0.9522 -0.0000
vn 0.2433 0.9700 -0.0000
vn 0.1943 0.9810 -0.0000
vn 0.1549 0.9879 -0.0000
vn 0.1228 0.9924 -0.0000
vn 0.0961 0.9954 -0.0000
vn 0.0737 0.9973 -0.0000
vn 0.0545 0.9985 -0.0000
vn 0.0381 0.9993 -0.0000
vn 0.0238 0.9997 -0.0000
vn 0.0112 0.9999 -0.0000
vn 0.0027 1.0000 -0.0000
vn -0.0060 1.0000 -0.0000
vn -0.0247 0.9997 -0.0000
vn -0.0504 0.9987 -0.0000
vn -0.0776 0.9970 -0.0000
vn -0.1061 0.9944 -0.0000
vn -0.1361 0.9907 -0.0000
vn -0.1675 0.9859 -0.0000
vn -0.2004 0.9797 -0.0000
vn -0.2346 0.9721 -0.0000
vn -0.2703 0.9628 -0.0000
vn -0.3073 0.9516 -0.0000
vn -0.3455 0.9384 -0.0000
vn -0.3846 0.9231 -0.0000
vn -0.4236 0.9058 -0.0000
vn -0.4618 0.8870 -0.0000
vn -0.4988 0.8667 -0.0000
vn -0.5346 0.8451 -0.0000
vn -0.5690 0.8223 -0.0000
vn -0.6019 0.7986 -0.0000
vn -0.6332 0.7740 -0.0000
vn -0.6628 0.7488 -0.0000
vn -0.6906 0.7232 -0.0000
vn -0.7168 0.6973 -0.0000
vn -0.7412 0.6713 -0.0000
vn -0.7641 0.6451 -0.0000
vn -0.7858 0.6185 -0.0000
vn -0.8064 0.5914 -0.0000
vn -0.8259 0.5638 -0.0000
vn -0.8442 0.5360 -0.0000
vn -0.8614 0.5079 -0.0000
vn -0.8774 0.4797 -0.0000
vn -0.8923 0.4515 -0.0000
vn -0.9059 0.4234 -0.0000
vn -0.9184 0.3956 -0.0000
vn -0.9298 0.3679 -0.0000
vn -0.9402 0.3407 -0.0000
vn -0.4377 0.8991 -0.0000
vn 0.9005 0.4348 -0.0000
vn 0.5774 -0.8164 -0.0000
vn -0.0128 0.9999 -0.0000
vn -0.0270 0.9996 -0.0000
vn -0.0430 0.9991 -0.0000
vn -0.0612 0.9981 -0.0000
vn -0.0821 0.9966 -0.0000
vn -0.1063 0.9943 -0.0000
vn -0.1346 0.9909 -0.0000
vn -0.1679 0.9858 -0.0000
vn -0.2078 0.9782 -0.0000
vn -0.2559 0.9667 -0.0000
vn -0.3147 0.9492 -0.0000
vn -0.3802 0.9249 -0.0000
vn -0.4422 0.8969 -0.0000
vn -0.4999 0.8661 -0.0000
vn -0.5572 0.8304 -0.0000
vn -0.6131 0.7900 -0.0000
vn -0.6667 0.7453 -0.0000
vn -0.7172 0.6968 -0.0000
vn -0.7639 0.6453 -0.0000
vn -0.8063 0.5915 -0.0000
vn -0.8439 0.5365 -0.0000
vn -0.8767 0.4810 -0.0000
vn -0.9048 0.4258 -0.0000
vn -0.9428 0.3334 -0.0000
vn -0.9728 0.2317 -0.0000
vn -0.9851 0.1721 -0.0000
vn -0.9914 0.1307 -0.0000
vn -0.9949 0.1004 -0.0000
vn -0.9970 0.0773 -0.0000
vn -0.9982 0.0592 -0.0000
vn -0.9990 0.0445 -0.0000
vn -0.9995 0.0325 -0.0000
vn -0.9997 0.0224 -0.0000
vn -0.9999 0.0138 -0.0000
vn -1.0000 0.0065 -0.0000
vn -1.0000 0.0015 -0.0000
vn -1.0000 -0.0030 -0.0000
vn -0.9999 -0.0123 -0.0000
vn -0.9997 -0.0261 -0.0000
vn -0.9991 -0.0417 -0.0000
vn -0.9982 -0.0597 -0.0000
vn -0.9968 -0.0805 -0.0000
vn -0.9945 -0.1049 -0.0000
vn -0.9910 -0.1338 -0.0000
vn -0.9857 -0.1686 -0.0000
vn -0.9775 -0.2108 -0.0000
vn -0.9648 -0.2630 -0.0000
vn -0.9445 -0.3285 -0.0000
vn -0.9172 -0.3984 -0.0000
vn -0.8906 -0.4547 -0.0000
vn -0.8653 -0.5012 -0.0000
vn -0.8368 -0.5476 -0.0000
vn -0.8050 -0.5933 -0.0000
vn -0.7701 -0.6379 -0.0000
vn -0.7323 -0.6810 -0.0000
vn -0.6920 -0.7219 -0.0000
vn -0.6494 -0.7604 -0.0000
vn -0.6052 -0.7961 -0.0000
vn -0.5597 -0.8287 -0.0000
vn -0.5134 -0.8581 -0.0000
vn -0.4572 -0.8893 -0.0000
vn -0.3863 -0.9224 -0.0000
vn -0.3168 -0.9485 -0.0000
vn -0.2586 -0.9660 -0.0000
vn -0.2098 -0.9778 -0.0000
vn -0.1685 -0.9857 -0.0000
vn -0.1333 -0.9911 -0.0000
vn -0.1030 -0.9947 -0.0000
vn -0.0768 -0.9970 -0.0000
vn -0.0539 -0.9985 -0.0000
vn -0.0338 -0.9994 -0.0000
vn -0.0161 -0.9999 -0.0000
vn -0.0038 -1.0000 -0.0000
vn -0.9023 -0.4310 -0.0000
vn -0.5780 0.8160 -0.0000
vn 0.5977 0.8017 -0.0000
vn -0.5744 0.8186 -0.0000
vn 0.5773 0.8166 -0.0000
vn 0.9016 -0.4325 -0.0000
vn -0.3719 -0.9283 -0.0000
vn -0.8893 -0.4573 -0.0000
vn -0.8869 -0.4620 -0.0000
vn -0.8841 -0.4674 -0.0000
vn -0.8808 -0.4735 -0.0000
vn -0.8770 -0.4805 -0.0000
vn -0.8725 -0.4886 -0.0000
vn -0.8671 -0.4982 -0.0000
vn -0.8604 -0.5096 -0.0000
vn -0.8520 -0.5235 -0.0000
vn -0.8412 -0.5407 -0.0000
vn -0.8269 -0.5624 -0.0000
vn -0.8096 -0.5869 -0.0000
vn -0.7916 -0.6110 -0.0000
vn -0.7730 -0.6345 -0.0000
vn -0.7531 -0.6580 -0.0000
vn -0.7319 -0.6814 -0.0000
vn -0.7095 -0.7047 -0.0000
vn -0.6859 -0.7277 -0.0000
vn -0.6610 -0.7504 -0.0000
vn -0.6350 -0.7726 -0.0000
vn -0.6077 -0.7941 -0.0000
vn -0.5794 -0.8150 -0.0000
vn -0.5502 -0.8351 -0.0000
vn -0.5218 -0.8531 -0.0000
vn -0.4917 -0.8708 -0.0000
vn -0.4573 -0.8893 -0.0000
vn -0.4205 -0.9073 -0.0000
vn -0.3815 -0.9244 -0.0000
vn -0.3401 -0.9404 -0.0000
vn -0.2965 -0.9550 -0.0000
vn -0.2509 -0.9680 -0.0000
vn -0.2033 -0.9791 -0.0000
vn -0.1541 -0.9881 -0.0000
vn -0.1036 -0.9946 -0.0000
vn -0.0521 -0.9986 -0.0000
vn -0.0028 -1.0000 -0.0000
vn 0.0427 -0.9991 -0.0000
vn 0.0894 -0.9960 -0.0000
vn 0.1413 -0.9900 -0.0000
vn 0.1986 -0.9801 -0.0000
vn 0.2615 -0.9652 -0.0000
vn 0.3300 -0.9440 -0.0000
vn 0.4035 -0.9150 -0.0000
vn 0.4811 -0.8767 -0.0000
vn 0.5609 -0.8279 -0.0000
vn 0.6406 -0.7679 -0.0000
vn 0.7172 -0.6969 -0.0000
vn 0.7921 -0.6104 -0.0000
vn 0.8593 -0.5115 -0.0000
vn 0.9085 -0.4179 -0.0000
vn 0.9409 -0.3386 -0.0000
vn 0.9622 -0.2722 -0.0000
vn 0.9763 -0.2166 -0.0000
vn 0.9855 -0.1699 -0.0000
vn 0.9915 -0.1303 -0.0000
vn 0.9953 -0.0964 -0.0000
vn 0.9977 -0.0673 -0.0000
vn 0.9991 -0.0419 -0.0000
vn 0.9998 -0.0197 -0.0000
vn 1.0000 -0.0047 -0.0000
vn 1.0000 0.0015 -0.0000
vn 1.0000 0.0064 -0.0000
vn 0.9999 0.0135 -0.0000
vn 0.9998 0.0218 -0.0000
vn 0.9995 0.0314 -0.0000
vn 0.9991 0.0428 -0.0000
vn 0.9984 0.0565 -0.0000
vn 0.9973 0.0731 -0.0000
vn 0.9956 0.0938 -0.0000
vn 0.9928 0.1202 -0.0000
vn 0.9879 0.1550 -0.0000
vn 0.9792 0.2029 -0.0000
vn 0.9659 0.2587 -0.0000
vn 0.9520 0.3061 -0.0000
vn 0.9383 0.3457 -0.0000
vn 0.9224 0.3863 -0.0000
vn 0.9038 0.4279 -0.0000
vn 0.8827 0.4700 -0.0000
vn 0.8587 0.5125 -0.0000
vn 0.8319 0.5549 -0.0000
vn 0.8024 0.5968 -0.0000
vn 0.7701 0.6380 -0.0000
vn 0.7352 0.6779 -0.0000
vn 0.6979 0.7162 -0.0000
vn 0.6576 0.7533 -0.0000
vn 0.6141 0.7892 -0.0000
vn 0.5689 0.8224 -0.0000
vn 0.5235 0.8520 -0.0000
vn 0.4784 0.8781 -0.0000
vn 0.4341 0.9009 -0.0000
vn 0.3908 0.9205 -0.0000
vn 0.3489 0.9371 -0.0000
vn 0.3086 0.9512 -0.0000
vn 0.2699 0.9629 -0.0000
vn 0.2330 0.9725 -0.0000
vn 0.1979 0.9802 -0.0000
vn 0.1599 0.9871 -0.0000
vn 0.1207 0.9927 -0.0000
vn 0.0900 0.9959 -0.0000
vn 0.0687 0.9976 -0.0000
vn 0.0530 0.9986 -0.0000
vn 0.0410 0.9992 -0.0000
vn 0.0315 0.9995 -0.0000
vn 0.0237 0.9997 -0.0000
vn 0.0174 0.9998 -0.0000
vn 0.0120 0.9999 -0.0000
vn 0.0074 1.0000 -0.0000
vn 0.0035 1.0000 -0.0000
vn 0.7077 0.7065 -0.0000
vn -0.0027 1.0000 -0.0000
vn -0.0113 0.9999 -0.0000
vn -0.0239 0.9997 -0.0000
vn -0.0384 0.9993 -0.0000
vn -0.0551 0.9985 -0.0000
vn -0.0747 0.9972 -0.0000
vn -0.0978 0.9952 -0.0000
vn -0.1256 0.9921 -0.0000
vn -0.1594 0.9872 -0.0000
vn -0.2013 0.9795 -0.0000
vn -0.2543 0.9671 -0.0000
vn -0.3227 0.9465 -0.0000
vn -0.3992 0.9169 -0.0000
vn -0.4650 0.8853 -0.0000
vn -0.5205 0.8539 -0.0000
vn -0.5743 0.8187 -0.0000
vn -0.6256 0.7801 -0.0000
vn -0.6740 0.7387 -0.0000
vn -0.7599 0.6500 -0.0000
vn -0.7970 0.6039 -0.0000
vn -0.8301 0.5576 -0.0000
vn -0.8593 0.5115 -0.0000
vn -0.8847 0.4662 -0.0000
vn -0.9115 0.4113 -0.0000
vn -0.9397 0.3420 -0.0000
vn -0.9612 0.2757 -0.0000
vn -0.9750 0.2221 -0.0000
vn -0.9840 0.1783 -0.0000
vn -0.9899 0.1420 -0.0000
vn -0.9938 0.1116 -0.0000
vn -0.9963 0.0858 -0.0000
vn -0.9980 0.0637 -0.0000
vn -0.9990 0.0446 -0.0000
vn -0.9996 0.0279 -0.0000
vn -0.9999 0.0132 -0.0000
vn -1.0000 0.0031 -0.0000
vn -1.0000 -0.0049 -0.0000
vn -0.9998 -0.0206 -0.0000
vn -0.9975 -0.0705 -0.0000
vn -0.9948 -0.1014 -0.0000
vn -0.9905 -0.1374 -0.0000
vn -0.9837 -0.1799 -0.0000
vn -0.9731 -0.2303 -0.0000
vn -0.9568 -0.2906 -0.0000
vn -0.9318 -0.3631 -0.0000
vn -0.8932 -0.4497 -0.0000
vn -0.8337 -0.5522 -0.0000
vn -0.7507 -0.6606 -0.0000
vn -0.6569 -0.7540 -0.0000
vn -0.5647 -0.8253 -0.0000
vn -0.4766 -0.8791 -0.0000
vn -0.3953 -0.9186 -0.0000
vn -0.3221 -0.9467 -0.0000
vn -0.2570 -0.9664 -0.0000
vn -0.1996 -0.9799 -0.0000
vn -0.1491 -0.9888 -0.0000
vn -0.1048 -0.9945 -0.0000
vn -0.0656 -0.9978 -0.0000
vn -0.0311 -0.9995 -0.0000
vn 0.0080 -1.0000 -0.0000
vn 0.0609 -0.9981 -0.0000
vn 0.1191 -0.9929 -0.0000
vn 0.1742 -0.9847 -0.0000
vn 0.2258 -0.9742 -0.0000
vn 0.2738 -0.9618 -0.0000
vn 0.3183 -0.9480 -0.0000
vn 0.3594 -0.9332 -0.0000
vn 0.3973 -0.9177 -0.0000
vn 0.4321 -0.9018 -0.0000
vn 0.4640 -0.8858 -0.0000
vn 0.4933 -0.8699 -0.0000
vn 0.5220 -0.8529 -0.0000
vn 0.5526 -0.8334 -0.0000
vn 0.5837 -0.8120 -0.0000
vn 0.6134 -0.7898 -0.0000
vn 0.6418 -0.7669 -0.0000
vn 0.6688 -0.7435 -0.0000
vn 0.6943 -0.7197 -0.0000
vn 0.7184 -0.6957 -0.0000
vn 0.7410 -0.6715 -0.0000
vn 0.7622 -0.6474 -0.0000
vn 0.7820 -0.6233 -0.0000
vn 0.8004 -0.5995 -0.0000
vn 0.8183 -0.5748 -0.0000
vn 0.8366 -0.5478 -0.0000
vn 0.8519 -0.5237 -0.0000
vn 0.8621 -0.5067 -0.0000
vn 0.8695 -0.4940 -0.0000
vn 0.8750 -0.4841 -0.0000
vn 0.8793 -0.4763 -0.0000
vn 0.8827 -0.4699 -0.0000
vn 0.8855 -0.4646 -0.0000
vn 0.8879 -0.4601 -0.0000
vn 0.8899 -0.4562 -0.0000
vn 0.8916 -0.4529 -0.0000
vn 0.3715 -0.9284 -0.0000
vn -0.9305 0.3663 -0.0000
vn -0.5634 0.8262 -0.0000
vn 0.5645 0.8254 -0.0000
vn 0.9295 0.3688 -0.0000
vn 0.9236 0.3832 -0.0000
vn 0.9163 0.4005 -0.0000
vn 0.9076 0.4199 -0.0000
vn 0.8970 0.4420 -0.0000
vn 0.8841 0.4673 -0.0000
vn 0.8681 0.4963 -0.0000
vn 0.8480 0.5300 -0.0000
vn 0.8222 0.5692 -0.0000
vn 0.7885 0.6150 -0.0000
vn 0.7437 0.6685 -0.0000
vn 0.6830 0.7304 -0.0000
vn 0.6040 0.7970 -0.0000
vn 0.5184 0.8551 -0.0000
vn 0.4387 0.8986 -0.0000
vn 0.3662 0.9305 -0.0000
vn 0.3011 0.9536 -0.0000
vn 0.1921 0.9814 -0.0000
vn 0.1468 0.9892 -0.0000
vn 0.1068 0.9943 -0.0000
vn 0.0713 0.9975 -0.0000
vn 0.0397 0.9992 -0.0000
vn 0.0115 0.9999 -0.0000
vn 0.7065 0.7077 -0.0000
vn -0.7159 0.6982 -0.0000
vn -0.0181 0.9998 -0.0000
vn -0.0234 0.9997 -0.0000
vn -0.0491 0.9988 -0.0000
vn -0.0777 0.9970 -0.0000
vn -0.1097 0.9940 -0.0000
vn -0.1455 0.9894 -0.0000
vn -0.1857 0.9826 -0.0000
vn -0.2310 0.9729 -0.0000
vn -0.2820 0.9594 -0.0000
vn -0.3393 0.9407 -0.0000
vn -0.4034 0.9150 -0.0000
vn -0.4743 0.8803 -0.0000
vn -0.5428 0.8399 -0.0000
vn -0.5984 0.8012 -0.0000
vn -0.6482 0.7615 -0.0000
vn -0.6995 0.7147 -0.0000
vn -0.7512 0.6601 -0.0000
vn -0.8020 0.5973 -0.0000
vn -0.8503 0.5264 -0.0000
vn -0.8942 0.4477 -0.0000
vn -0.9319 0.3626 -0.0000
vn -0.9620 0.2731 -0.0000
vn -0.9834 0.1813 -0.0000
vn -0.9960 0.0897 -0.0000
vn -1.0000 0.0019 -0.0000
vn -0.9974 -0.0721 -0.0000
vn -0.9918 -0.1274 -0.0000
vn -0.9856 -0.1691 -0.0000
vn -0.9795 -0.2015 -0.0000
vn -0.9738 -0.2273 -0.0000
vn -0.9687 -0.2483 -0.0000
vn -0.9641 -0.2657 -0.0000
vn -0.9599 -0.2803 -0.0000
vn -0.9562 -0.2928 -0.0000
vn -0.9528 -0.3036 -0.0000
vn -0.9498 -0.3130 -0.0000
vn -0.9500 -0.3123 -0.0000
vn -0.5885 -0.8085 -0.0000
vn 0.5718 -0.8204 -0.0000
vn 0.9410 -0.3385 -0.0000
vn 0.9451 -0.3266 -0.0000
vn 0.9483 -0.3173 -0.0000
vn 0.9519 -0.3065 -0.0000
vn 0.9559 -0.2939 -0.0000
vn 0.9603 -0.2790 -0.0000
vn 0.9653 -0.2613 -0.0000
vn 0.9708 -0.2398 -0.0000
vn 0.9770 -0.2133 -0.0000
vn 0.9837 -0.1797 -0.0000
vn 0.9907 -0.1360 -0.0000
vn 0.9970 -0.0773 -0.0000
vn 1.0000 -0.0066 -0.0000
vn 0.9981 0.0609 -0.0000
vn 0.9924 0.1229 -0.0000
vn 0.9827 0.1853 -0.0000
vn 0.9689 0.2476 -0.0000
vn 0.9511 0.3089 -0.0000
vn 0.9296 0.3685 -0.0000
vn 0.9048 0.4258 -0.0000
vn 0.8772 0.4802 -0.0000
vn 0.8473 0.5312 -0.0000
vn 0.8156 0.5786 -0.0000
vn 0.7453 0.6667 -0.0000
vn 0.6991 0.7150 -0.0000
vn 0.6482 0.7615 -0.0000
vn 0.5972 0.8021 -0.0000
vn 0.5472 0.8370 -0.0000
vn 0.4988 0.8667 -0.0000
vn 0.4524 0.8918 -0.0000
vn 0.4083 0.9128 -0.0000
vn 0.3667 0.9303 -0.0000
vn 0.3277 0.9448 -0.0000
vn 0.2911 0.9567 -0.0000
vn 0.2570 0.9664 -0.0000
vn 0.2167 0.9762 -0.0000
vn 0.1672 0.9859 -0.0000
vn 0.1241 0.9923 -0.0000
vn 0.0943 0.9955 -0.0000
vn 0.0725 0.9974 -0.0000
vn 0.0559 0.9984 -0.0000
vn 0.0428 0.9991 -0.0000
vn 0.0323 0.9995 -0.0000
vn 0.0236 0.9997 -0.0000
vn 0.0163 0.9999 -0.0000
vn 0.0101 0.9999 -0.0000
vn 0.0047 1.0000 -0.0000
vn 0.7079 0.7063 -0.0000
vn -0.7097 0.7045 -0.0000
vn -0.0153 0.9999 -0.0000
vn -0.0319 0.9995 -0.0000
vn -0.0502 0.9987 -0.0000
vn -0.0704 0.9975 -0.0000
vn -0.0929 0.9957 -0.0000
vn -0.1180 0.9930 -0.0000
vn -0.1461 0.9893 -0.0000
vn -0.1777 0.9841 -0.0000
vn -0.2134 0.9770 -0.0000
vn -0.2538 0.9672 -0.0000
vn -0.2998 0.9540 -0.0000
vn -0.3465 0.9381 -0.0000
vn -0.3863 0.9224 -0.0000
vn -0.4217 0.9067 -0.0000
vn -0.4575 0.8892 -0.0000
vn -0.4933 0.8699 -0.0000
vn -0.5290 0.8486 -0.0000
vn -0.5644 0.8255 -0.0000
vn -0.5992 0.8006 -0.0000
vn -0.6333 0.7739 -0.0000
vn -0.6663 0.7457 -0.0000
vn -0.6982 0.7159 -0.0000
vn -0.7287 0.6848 -0.0000
vn -0.7603 0.6496 -0.0000
vn -0.7927 0.6096 -0.0000
vn -0.8210 0.5710 -0.0000
vn -0.8434 0.5372 -0.0000
vn -0.8616 0.5075 -0.0000
vn -0.8765 0.4814 -0.0000
vn -0.8889 0.4581 -0.0000
vn -0.8992 0.4375 -0.0000
vn -0.9080 0.4191 -0.0000
vn -0.9154 0.4025 -0.0000
vn -0.9219 0.3875 -0.0000
vn -0.9274 0.3740 -0.0000
vn -0.0081 -1.0000 -0.0000
vn 0.8213 0.5705 -0.0000
vn -0.8167 0.5771 -0.0000
vn -0.7072 0.7070 -0.0000
vn -0.6643 0.7475 -0.0000
vn -0.6172 0.7868 -0.0000
vn -0.5658 0.8245 -0.0000
vn -0.5103 0.8600 -0.0000
vn -0.4510 0.8925 -0.0000
vn -0.3888 0.9213 -0.0000
vn -0.3243 0.9460 -0.0000
vn -0.2585 0.9660 -0.0000
vn -0.1923 0.9813 -0.0000
vn -0.1267 0.9919 -0.0000
vn -0.0624 0.9980 -0.0000
vn -0.0001 1.0000 -0.0000
vn 0.0619 0.9981 -0.0000
vn 0.1257 0.9921 -0.0000
vn 0.1910 0.9816 -0.0000
vn 0.2569 0.9664 -0.0000
vn 0.3226 0.9465 -0.0000
vn 0.3871 0.9220 -0.0000
vn 0.4494 0.8933 -0.0000
vn 0.5089 0.8608 -0.0000
vn 0.5647 0.8253 -0.0000
vn 0.6165 0.7874 -0.0000
vn 0.6639 0.7478 -0.0000
vn 0.7072 0.7070 -0.0000
vn 0.7483 0.6634 -0.0000
vn 0.7882 0.6154 -0.0000
vn 0.8264 0.5631 -0.0000
vn 0.8620 0.5069 -0.0000
vn 0.8945 0.4471 -0.0000
vn 0.9231 0.3846 -0.0000
vn 0.9474 0.3201 -0.0000
vn 0.9670 0.2546 -0.0000
vn 0.9820 0.1890 -0.0000
vn 0.9922 0.1243 -0.0000
vn 0.9981 0.0612 -0.0000
vn 1.0000 0.0003 -0.0000
vn 0.9982 -0.0599 -0.0000
vn 0.9925 -0.1219 -0.0000
vn 0.9826 -0.1855 -0.0000
vn 0.9682 -0.2502 -0.0000
vn 0.9491 -0.3151 -0.0000
vn 0.9253 -0.3792 -0.0000
vn 0.8972 -0.4416 -0.0000
vn 0.8652 -0.5015 -0.0000
vn 0.8298 -0.5581 -0.0000
vn 0.7917 -0.6109 -0.0000
vn 0.7518 -0.6594 -0.0000
vn 0.7102 -0.7040 -0.0000
vn 0.6658 -0.7461 -0.0000
vn 0.6171 -0.7869 -0.0000
vn 0.5639 -0.8258 -0.0000
vn 0.5069 -0.8620 -0.0000
vn 0.4465 -0.8948 -0.0000
vn 0.3834 -0.9236 -0.0000
vn 0.3186 -0.9479 -0.0000
vn 0.2530 -0.9675 -0.0000
vn 0.1875 -0.9823 -0.0000
vn 0.1231 -0.9924 -0.0000
vn 0.0605 -0.9982 -0.0000
vn -0.0002 -1.0000 -0.0000
vn -0.0612 -0.9981 -0.0000
vn -0.1245 -0.9922 -0.0000
vn -0.1894 -0.9819 -0.0000
vn -0.2552 -0.9669 -0.0000
vn -0.3210 -0.9471 -0.0000
vn -0.3858 -0.9226 -0.0000
vn -0.4488 -0.8937 -0.0000
vn -0.5089 -0.8608 -0.0000
vn -0.5655 -0.8247 -0.0000
vn -0.6181 -0.7861 -0.0000
vn -0.6664 -0.7456 -0.0000
vn -0.7102 -0.7040 -0.0000
vn -0.7513 -0.6600 -0.0000
vn -0.7909 -0.6119 -0.0000
vn -0.8287 -0.5596 -0.0000
vn -0.8640 -0.5035 -0.0000
vn -0.8961 -0.4439 -0.0000
vn -0.9243 -0.3816 -0.0000
vn -0.9483 -0.3175 -0.0000
vn -0.9676 -0.2525 -0.0000
vn -0.9823 -0.1874 -0.0000
vn -0.9924 -0.1232 -0.0000
vn -0.9982 -0.0606 -0.0000
vn -1.0000 0.0003 -0.0000
vn -0.9981 0.0617 -0.0000
vn -0.9921 0.1253 -0.0000
vn -0.9817 0.1904 -0.0000
vn -0.9666 0.2562 -0.0000
vn -0.9468 0.3218 -0.0000
vn -0.9224 0.3863 -0.0000
vn -0.8937 0.4487 -0.0000
vn -0.8612 0.5083 -0.0000
vn -0.8256 0.5642 -0.0000
vn -0.7876 0.6161 -0.0000
vn -0.7480 0.6637 -0.0000
vn -0.7070 0.7072 -0.0000
vn -0.6624 0.7491 -0.0000
vn -0.6136 0.7896 -0.0000
vn -0.5604 0.8282 -0.0000
vn -0.5035 0.8640 -0.0000
vn -0.4432 0.8964 -0.0000
vn -0.3804 0.9248 -0.0000
vn -0.3160 0.9488 -0.0000
vn -0.2508 0.9680 -0.0000
vn -0.1859 0.9826 -0.0000
vn -0.1220 0.9925 -0.0000
vn -0.0600 0.9982 -0.0000
vn 0.0002 1.0000 -0.0000
vn 0.0607 0.9982 -0.0000
vn 0.1233 0.9924 -0.0000
vn 0.1877 0.9822 -0.0000
vn 0.2530 0.9675 -0.0000
vn 0.3184 0.9480 -0.0000
vn 0.3829 0.9238 -0.0000
vn 0.4455 0.8953 -0.0000
vn 0.5055 0.8628 -0.0000
vn 0.5620 0.8271 -0.0000
vn 0.6147 0.7888 -0.0000
vn 0.6630 0.7486 -0.0000
vn 0.7486 0.6630 -0.0000
vn 0.7888 0.6147 -0.0000
vn 0.8271 0.5620 -0.0000
vn 0.8628 0.5055 -0.0000
vn 0.8953 0.4455 -0.0000
vn 0.9238 0.3829 -0.0000
vn 0.9480 0.3184 -0.0000
vn 0.9675 0.2530 -0.0000
vn 0.9822 0.1877 -0.0000
vn 0.9924 0.1233 -0.0000
vn 0.9982 0.0607 -0.0000
vn 1.0000 -0.0000 -0.0000
vn 0.9982 -0.0607 -0.0000
vn 0.9924 -0.1233 -0.0000
vn 0.9822 -0.1877 -0.0000
vn 0.9675 -0.2530 -0.0000
vn 0.9480 -0.3184 -0.0000
vn 0.9238 -0.3829 -0.0000
vn 0.8953 -0.4455 -0.0000
vn 0.8628 -0.5055 -0.0000
vn 0.8271 -0.5620 -0.0000
vn 0.7888 -0.6147 -0.0000
vn 0.7486 -0.6630 -0.0000
vn 0.6630 -0.7486 -0.0000
vn 0.6147 -0.7888 -0.0000
vn 0.5620 -0.8271 -0.0000
vn 0.5055 -0.8628 -0.0000
vn 0.4455 -0.8953 -0.0000
vn 0.3829 -0.9238 -0.0000
vn 0.3184 -0.9480 -0.0000
vn 0.1877 -0.9822 -0.0000
vn 0.1233 -0.9924 -0.0000
vn 0.0607 -0.9982 -0.0000
vn 0.0002 -1.0000 -0.0000
vn -0.0600 -0.9982 -0.0000
vn -0.1220 -0.9925 -0.0000
vn -0.1859 -0.9826 -0.0000
vn -0.2508 -0.9680 -0.0000
vn -0.3160 -0.9488 -0.0000
vn -0.3804 -0.9248 -0.0000
vn -0.4432 -0.8964 -0.0000
vn -0.5035 -0.8640 -0.0000
vn -0.5604 -0.8282 -0.0000
vn -0.6136 -0.7896 -0.0000
vn -0.6625 -0.7491 -0.0000
vn -0.7070 -0.7072 -0.0000
vn -0.7486 -0.6630 -0.0000
vn -0.7888 -0.6147 -0.0000
vn -0.8271 -0.5620 -0.0000
vn -0.8628 -0.5055 -0.0000
vn -0.8953 -0.4455 -0.0000
vn -0.9238 -0.3829 -0.0000
vn -0.9480 -0.3184 -0.0000
vn -0.9675 -0.2531 -0.0000
vn -0.9822 -0.1877 -0.0000
vn -0.9924 -0.1233 -0.0000
vn -0.9982 -0.0607 -0.0000
vn -1.0000 -0.0000 -0.0000
vn -0.9982 0.0607 -0.0000
vn -0.9924 0.1233 -0.0000
vn -0.9822 0.1877 -0.0000
vn -0.9675 0.2531 -0.0000
vn -0.9480 0.3184 -0.0000
vn -0.9238 0.3829 -0.0000
vn -0.8953 0.4455 -0.0000
vn -0.8628 0.5055 -0.0000
vn -0.8271 0.5620 -0.0000
vn -0.7888 0.6147 -0.0000
vn -0.7486 0.6630 -0.0000
vt 0.560209 0.000000
vt 0.570681 0.000000
vt 0.565445 0.000000
vt 0.575916 0.000000
vt 0.554974 0.000000
vt 0.581152 0.000000
vt 0.549738 0.000000
vt 0.586387 0.000000
vt 0.544503 0.000000
vt 0.591623 0.000000
vt 0.539267 0.000000
vt 0.596859 0.000000
vt 0.534031 0.000000
vt 0.602094 0.000000
vt 0.528796 0.000000
vt 0.607330 0.000000
vt 0.523560 0.000000
vt 0.612565 0.000000
vt 0.518325 0.000000
vt 0.617801 0.000000
vt 0.513089 0.000000
vt 0.623037 0.000000
vt 0.507853 0.000000
vt 0.628272 0.000000
vt 0.502618 0.000000
vt 0.633508 0.000000
vt 1.000000 0.000000
vt 0.638743 0.000000
vt 0.994764 0.000000
vt 0.643979 0.000000
vt 0.989529 0.000000
vt 0.649215 0.000000
vt 0.984293 0.000000
vt 0.654450 0.000000
vt 0.979058 0.000000
vt 0.659686 0.000000
vt 0.973822 0.000000
vt 0.664921 0.000000
vt 0.968586 0.000000
vt 0.670157 0.000000
vt 0.963351 0.000000
vt 0.675393 0.000000
vt 0.958115 0.000000
vt 0.680628 0.000000
vt 0.952880 0.000000
vt 0.685864 0.000000
vt 0.947644 0.000000
vt 0.691099 0.000000
vt 0.942408 0.000000
vt 0.696335 0.000000
vt 0.937173 0.000000
vt 0.701571 0.000000
vt 0.931937 0.000000
vt 0.706806 0.000000
vt 0.926702 0.000000
vt 0.712042 0.000000
vt 0.921466 0.000000
vt 0.717277 0.000000
vt 0.916230 0.000000
vt 0.722513 0.000000
vt 0.910995 0.000000
vt 0.727749 0.000000
vt 0.905759 0.000000
vt 0.732984 0.000000
vt 0.900524 0.000000
vt 0.738220 0.000000
vt 0.895288 0.000000
vt 0.743455 0.000000
vt 0.890052 0.000000
vt 0.748691 0.000000
vt 0.884817 0.000000
vt 0.753927 0.000000
vt 0.879581 0.000000
vt 0.874346 0.000000
vt 0.759162 0.000000
vt 0.764398 0.000000
vt 0.869110 0.000000
vt 0.769634 0.000000
vt 0.863874 0.000000
vt 0.774869 0.000000
vt 0.858639 0.000000
vt 0.780105 0.000000
vt 0.853403 0.000000
vt 0.785340 0.000000
vt 0.848168 0.000000
vt 0.790576 0.000000
vt 0.842932 0.000000
vt 0.795812 0.000000
vt 0.837696 0.000000
vt 0.801047 0.000000
vt 0.832461 0.000000
vt 0.806283 0.000000
vt 0.827225 0.000000
vt 0.811518 0.000000
vt 0.821990 0.000000
vt 0.816754 0.000000
vt 0.057592 0.000000
vt 0.068063 0.000000
vt 0.062827 0.000000
vt 0.073298 0.000000
vt 0.052356 0.000000
vt 0.078534 0.000000
vt 0.047120 0.000000
vt 0.041885 0.000000
vt 0.083770 0.000000
vt 0.036649 0.000000
vt 0.089005 0.000000
vt 0.031414 0.000000
vt 0.094241 0.000000
vt 0.026178 0.000000
vt 0.099476 0.000000
vt 0.020942 0.000000
vt 0.104712 0.000000
vt 0.015707 0.000000
vt 0.109948 0.000000
vt 0.010471 0.000000
vt 0.115183 0.000000
vt 0.005236 0.000000
vt 0.120419 0.000000
vt 0.000000 0.000000
vt 0.125654 0.000000
vt 0.497382 0.000000
vt 0.130890 0.000000
vt 0.492147 0.000000
vt 0.136126 0.000000
vt 0.486911 0.000000
vt 0.141361 0.000000
vt 0.481675 0.000000
vt 0.146597 0.000000
vt 0.476440 0.000000
vt 0.151832 0.000000
vt 0.471204 0.000000
vt 0.157068 0.000000
vt 0.465969 0.000000
vt 0.162304 0.000000
vt 0.460733 0.000000
vt 0.167539 0.000000
vt 0.455497 0.000000
vt 0.172775 0.000000
vt 0.450262 0.000000
vt 0.178010 0.000000
vt 0.445026 0.000000
vt 0.183246 0.000000
vt 0.439791 0.000000
vt 0.188482 0.000000
vt 0.434555 0.000000
vt 0.193717 0.000000
vt 0.429319 0.000000
vt 0.198953 0.000000
vt 0.424084 0.000000
vt 0.204188 0.000000
vt 0.418848 0.000000
vt 0.209424 0.000000
vt 0.413613 0.000000
vt 0.214660 0.000000
vt 0.408377 0.000000
vt 0.219895 0.000000
vt 0.403141 0.000000
vt 0.225131 0.000000
vt 0.397906 0.000000
vt 0.230366 0.000000
vt 0.392670 0.000000
vt 0.235602 0.000000
vt 0.387435 0.000000
vt 0.240838 0.000000
vt 0.382199 0.000000
vt 0.246073 0.000000
vt 0.376963 0.000000
vt 0.251309 0.000000
vt 0.371728 0.000000
vt 0.256545 0.000000
vt 0.366492 0.000000
vt 0.261780 0.000000
vt 0.361257 0.000000
vt 0.267016 0.000000
vt 0.356021 0.000000
vt 0.272251 0.000000
vt 0.277487 0.000000
vt 0.350785 0.000000
vt 0.282723 0.000000
vt 0.345550 0.000000
vt 0.287958 0.000000
vt 0.340314 0.000000
vt 0.293194 0.000000
vt 0.335079 0.000000
vt 0.298429 0.000000
vt 0.329843 0.000000
vt 0.303665 0.000000
vt 0.324607 0.000000
vt 0.308901 0.000000
vt 0.319372 0.000000
vt 0.314136 0.000000
vt 0.012579 0.000000
vt 0.006289 0.000000
vt 0.987421 0.000000
vt 0.018868 0.000000
vt 0.993711 0.000000
vt 0.433962 0.000000
vt 0.427673 0.000000
vt 0.440252 0.000000
vt 0.421384 0.000000
vt 0.415094 0.000000
vt 0.025157 0.000000
vt 0.408805 0.000000
vt 0.031447 0.000000
vt 0.446541 0.000000
vt 0.402516 0.000000
vt 0.452830 0.000000
vt 0.981132 0.000000
vt 0.396226 0.000000
vt 0.037736 0.000000
vt 0.459119 0.000000
vt 0.974843 0.000000
vt 0.389937 0.000000
vt 0.465409 0.000000
vt 0.968553 0.000000
vt 0.044025 0.000000
vt 0.383648 0.000000
vt 0.471698 0.000000
vt 0.962264 0.000000
vt 0.477987 0.000000
vt 0.377358 0.000000
vt 0.050314 0.000000
vt 0.955975 0.000000
vt 0.484277 0.000000
vt 0.371069 0.000000
vt 0.490566 0.000000
vt 0.949686 0.000000
vt 0.364780 0.000000
vt 0.056604 0.000000
vt 0.496855 0.000000
vt 0.358491 0.000000
vt 0.943396 0.000000
vt 0.503145 0.000000
vt 0.352201 0.000000
vt 0.509434 0.000000
vt 0.937107 0.000000
vt 0.062893 0.000000
vt 0.515723 0.000000
vt 0.345912 0.000000
vt 0.522013 0.000000
vt 0.930818 0.000000
vt 0.339623 0.000000
vt 0.528302 0.000000
vt 0.333333 0.000000
vt 0.069182 0.000000
vt 0.924528 0.000000
vt 0.534591 0.000000
vt 0.540881 0.000000
vt 0.327044 0.000000
vt 0.918239 0.000000
vt 0.547170 0.000000
vt 0.320755 0.000000
vt 0.075472 0.000000
vt 0.911950 0.000000
vt 0.553459 0.000000
vt 0.314465 0.000000
vt 0.559748 0.000000
vt 0.905660 0.000000
vt 0.308176 0.000000
vt 0.566038 0.000000
vt 0.081761 0.000000
vt 0.899371 0.000000
vt 0.572327 0.000000
vt 0.301887 0.000000
vt 0.893082 0.000000
vt 0.578616 0.000000
vt 0.295597 0.000000
vt 0.886792 0.000000
vt 0.088050 0.000000
vt 0.584906 0.000000
vt 0.289308 0.000000
vt 0.591195 0.000000
vt 0.880503 0.000000
vt 0.283019 0.000000
vt 0.597484 0.000000
vt 0.094340 0.000000
vt 0.874214 0.000000
vt 0.603774 0.000000
vt 0.276730 0.000000
vt 0.867925 0.000000
vt 0.100629 0.000000
vt 0.610063 0.000000
vt 0.861635 0.000000
vt 0.270440 0.000000
vt 0.616352 0.000000
vt 0.855346 0.000000
vt 0.106918 0.000000
vt 0.264151 0.000000
vt 0.622642 0.000000
vt 0.849057 0.000000
vt 0.628931 0.000000
vt 0.257862 0.000000
vt 0.113208 0.000000
vt 0.842767 0.000000
vt 0.635220 0.000000
vt 0.251572 0.000000
vt 0.836478 0.000000
vt 0.119497 0.000000
vt 0.641509 0.000000
vt 0.245283 0.000000
vt 0.830189 0.000000
vt 0.647799 0.000000
vt 0.125786 0.000000
vt 0.823899 0.000000
vt 0.238994 0.000000
vt 0.654088 0.000000
vt 0.817610 0.000000
vt 0.660377 0.000000
vt 0.132075 0.000000
vt 0.232704 0.000000
vt 0.811321 0.000000
vt 0.666667 0.000000
vt 0.226415 0.000000
vt 0.138365 0.000000
vt 0.805031 0.000000
vt 0.672956 0.000000
vt 0.220126 0.000000
vt 0.679245 0.000000
vt 0.798742 0.000000
vt 0.144654 0.000000
vt 0.685535 0.000000
vt 0.213836 0.000000
vt 0.792453 0.000000
vt 0.691824 0.000000
vt 0.207547 0.000000
vt 0.698113 0.000000
vt 0.150943 0.000000
vt 0.786164 0.000000
vt 0.201258 0.000000
vt 0.704403 0.000000
vt 0.194969 0.000000
vt 0.779874 0.000000
vt 0.188679 0.000000
vt 0.710692 0.000000
vt 0.157233 0.000000
vt 0.716981 0.000000
vt 0.773585 0.000000
vt 0.723270 0.000000
vt 0.767296 0.000000
vt 0.729560 0.000000
vt 0.163522 0.000000
vt 0.735849 0.000000
vt 0.761006 0.000000
vt 0.742138 0.000000
vt 0.754717 0.000000
vt 0.748428 0.000000
vt 0.182390 0.000000
vt 0.176101 0.000000
vt 0.169811 0.000000
vt 0.009174 0.000000
vt 0.004587 0.000000
vt 0.013761 0.000000
vt 0.018349 0.000000
vt 0.027523 0.000000
vt 0.022936 0.000000
vt 0.032110 0.000000
vt 0.880734 0.000000
vt 0.876147 0.000000
vt 0.871560 0.000000
vt 0.866973 0.000000
vt 0.862385 0.000000
vt 0.857798 0.000000
vt 0.853211 0.000000
vt 0.848624 0.000000
vt 0.844037 0.000000
vt 0.839450 0.000000
vt 0.834862 0.000000
vt 0.201835 0.000000
vt 0.197248 0.000000
vt 0.192661 0.000000
vt 0.188073 0.000000
vt 0.183486 0.000000
vt 0.178899 0.000000
vt 0.174312 0.000000
vt 0.169725 0.000000
vt 0.165138 0.000000
vt 0.160550 0.000000
vt 0.155963 0.000000
vt 0.830275 0.000000
vt 0.206422 0.000000
vt 0.825688 0.000000
vt 0.211009 0.000000
vt 0.821101 0.000000
vt 0.215596 0.000000
vt 0.816514 0.000000
vt 0.220183 0.000000
vt 0.811927 0.000000
vt 0.224771 0.000000
vt 0.807339 0.000000
vt 0.229358 0.000000
vt 0.802752 0.000000
vt 0.233945 0.000000
vt 0.798165 0.000000
vt 0.238532 0.000000
vt 0.793578 0.000000
vt 0.788991 0.000000
vt 0.243119 0.000000
vt 0.784404 0.000000
vt 0.247706 0.000000
vt 0.779817 0.000000
vt 0.252294 0.000000
vt 0.775229 0.000000
vt 0.256881 0.000000
vt 0.770642 0.000000
vt 0.261468 0.000000
vt 0.766055 0.000000
vt 0.266055 0.000000
vt 0.761468 0.000000
vt 0.270642 0.000000
vt 0.756881 0.000000
vt 0.275229 0.000000
vt 0.752294 0.000000
vt 0.151376 0.000000
vt 0.279817 0.000000
vt 0.747706 0.000000
vt 0.284404 0.000000
vt 0.146789 0.000000
vt 0.885321 0.000000
vt 0.743119 0.000000
vt 0.288991 0.000000
vt 0.142202 0.000000
vt 0.738532 0.000000
vt 0.889908 0.000000
vt 0.293578 0.000000
vt 0.733945 0.000000
vt 0.894495 0.000000
vt 0.137615 0.000000
vt 0.298165 0.000000
vt 0.729358 0.000000
vt 0.302752 0.000000
vt 0.899083 0.000000
vt 0.133028 0.000000
vt 0.724771 0.000000
vt 0.307339 0.000000
vt 0.903670 0.000000
vt 0.720183 0.000000
vt 0.128440 0.000000
vt 0.311927 0.000000
vt 0.908257 0.000000
vt 0.123853 0.000000
vt 0.316514 0.000000
vt 0.912844 0.000000
vt 0.119266 0.000000
vt 0.917431 0.000000
vt 0.114679 0.000000
vt 0.922018 0.000000
vt 0.110092 0.000000
vt 0.926606 0.000000
vt 0.105505 0.000000
vt 0.931193 0.000000
vt 0.100917 0.000000
vt 0.935780 0.000000
vt 0.096330 0.000000
vt 0.940367 0.000000
vt 0.091743 0.000000
vt 0.944954 0.000000
vt 0.087156 0.000000
vt 0.949541 0.000000
vt 0.082569 0.000000
vt 0.954128 0.000000
vt 0.958716 0.000000
vt 0.077982 0.000000
vt 0.963303 0.000000
vt 0.073394 0.000000
vt 0.967890 0.000000
vt 0.068807 0.000000
vt 0.972477 0.000000
vt 0.064220 0.000000
vt 0.977064 0.000000
vt 0.059633 0.000000
vt 0.981651 0.000000
vt 0.055046 0.000000
vt 0.986239 0.000000
vt 0.050459 0.000000
vt 0.995413 0.000000
vt 0.990826 0.000000
vt 0.045872 0.000000
vt 0.041284 0.000000
vt 0.036697 0.000000
vt 0.321101 0.000000
vt 0.715596 0.000000
vt 0.325688 0.000000
vt 0.711009 0.000000
vt 0.330275 0.000000
vt 0.706422 0.000000
vt 0.334862 0.000000
vt 0.701835 0.000000
vt 0.339450 0.000000
vt 0.697248 0.000000
vt 0.344037 0.000000
vt 0.692661 0.000000
vt 0.348624 0.000000
vt 0.688073 0.000000
vt 0.353211 0.000000
vt 0.683486 0.000000
vt 0.357798 0.000000
vt 0.362385 0.000000
vt 0.678899 0.000000
vt 0.366972 0.000000
vt 0.674312 0.000000
vt 0.371560 0.000000
vt 0.669725 0.000000
vt 0.376147 0.000000
vt 0.380734 0.000000
vt 0.665138 0.000000
vt 0.385321 0.000000
vt 0.660550 0.000000
vt 0.389908 0.000000
vt 0.655963 0.000000
vt 0.394495 0.000000
vt 0.399083 0.000000
vt 0.651376 0.000000
vt 0.403670 0.000000
vt 0.646789 0.000000
vt 0.408257 0.000000
vt 0.642202 0.000000
vt 0.412844 0.000000
vt 0.417431 0.000000
vt 0.637615 0.000000
vt 0.422018 0.000000
vt 0.633027 0.000000
vt 0.426605 0.000000
vt 0.628440 0.000000
vt 0.431193 0.000000
vt 0.435780 0.000000
vt 0.623853 0.000000
vt 0.440367 0.000000
vt 0.619266 0.000000
vt 0.444954 0.000000
vt 0.614679 0.000000
vt 0.449541 0.000000
vt 0.610092 0.000000
vt 0.454128 0.000000
vt 0.458716 0.000000
vt 0.605505 0.000000
vt 0.463303 0.000000
vt 0.600917 0.000000
vt 0.467890 0.000000
vt 0.596330 0.000000
vt 0.472477 0.000000
vt 0.477064 0.000000
vt 0.591743 0.000000
vt 0.481651 0.000000
vt 0.587156 0.000000
vt 0.486239 0.000000
vt 0.490826 0.000000
vt 0.582569 0.000000
vt 0.495413 0.000000
vt 0.577982 0.000000
vt 0.500000 0.000000
vt 0.504587 0.000000
vt 0.573394 0.000000
vt 0.509174 0.000000
vt 0.568807 0.000000
vt 0.513761 0.000000
vt 0.518349 0.000000
vt 0.564220 0.000000
vt 0.522936 0.000000
vt 0.559633 0.000000
vt 0.527523 0.000000
vt 0.532110 0.000000
vt 0.555046 0.000000
vt 0.536697 0.000000
vt 0.545872 0.000000
vt 0.550459 0.000000
vt 0.541284 0.000000
vt 0.007326 0.000000
vt 0.003663 0.000000
vt 0.996337 0.000000
vt 0.992674 0.000000
vt 0.989011 0.000000
vt 0.139194 0.000000
vt 0.135531 0.000000
vt 0.131868 0.000000
vt 0.128205 0.000000
vt 0.124542 0.000000
vt 0.120879 0.000000
vt 0.117216 0.000000
vt 0.113553 0.000000
vt 0.109890 0.000000
vt 0.106227 0.000000
vt 0.102564 0.000000
vt 0.098901 0.000000
vt 0.095238 0.000000
vt 0.091575 0.000000
vt 0.010989 0.000000
vt 0.985348 0.000000
vt 0.981685 0.000000
vt 0.978022 0.000000
vt 0.974359 0.000000
vt 0.970696 0.000000
vt 0.967033 0.000000
vt 0.963370 0.000000
vt 0.959707 0.000000
vt 0.956044 0.000000
vt 0.952381 0.000000
vt 0.948718 0.000000
vt 0.945055 0.000000
vt 0.142857 0.000000
vt 0.941392 0.000000
vt 0.937729 0.000000
vt 0.934066 0.000000
vt 0.930403 0.000000
vt 0.926740 0.000000
vt 0.146520 0.000000
vt 0.923077 0.000000
vt 0.919414 0.000000
vt 0.150183 0.000000
vt 0.153846 0.000000
vt 0.915751 0.000000
vt 0.912088 0.000000
vt 0.908425 0.000000
vt 0.904762 0.000000
vt 0.901099 0.000000
vt 0.897436 0.000000
vt 0.893773 0.000000
vt 0.890110 0.000000
vt 0.087912 0.000000
vt 0.886447 0.000000
vt 0.084249 0.000000
vt 0.882784 0.000000
vt 0.080586 0.000000
vt 0.879121 0.000000
vt 0.076923 0.000000
vt 0.875458 0.000000
vt 0.073260 0.000000
vt 0.871795 0.000000
vt 0.069597 0.000000
vt 0.065934 0.000000
vt 0.868132 0.000000
vt 0.062271 0.000000
vt 0.864469 0.000000
vt 0.058608 0.000000
vt 0.054945 0.000000
vt 0.051282 0.000000
vt 0.047619 0.000000
vt 0.043956 0.000000
vt 0.289377 0.000000
vt 0.296703 0.000000
vt 0.293040 0.000000
vt 0.300366 0.000000
vt 0.040293 0.000000
vt 0.036630 0.000000
vt 0.032967 0.000000
vt 0.029304 0.000000
vt 0.285714 0.000000
vt 0.282051 0.000000
vt 0.025641 0.000000
vt 0.021978 0.000000
vt 0.018315 0.000000
vt 0.014652 0.000000
vt 0.278388 0.000000
vt 0.274725 0.000000
vt 0.271062 0.000000
vt 0.267399 0.000000
vt 0.263736 0.000000
vt 0.260073 0.000000
vt 0.256410 0.000000
vt 0.252747 0.000000
vt 0.249084 0.000000
vt 0.245421 0.000000
vt 0.241758 0.000000
vt 0.238095 0.000000
vt 0.234432 0.000000
vt 0.230769 0.000000
vt 0.227106 0.000000
vt 0.223443 0.000000
vt 0.219780 0.000000
vt 0.216117 0.000000
vt 0.212454 0.000000
vt 0.208791 0.000000
vt 0.205128 0.000000
vt 0.201465 0.000000
vt 0.197802 0.000000
vt 0.194139 0.000000
vt 0.190476 0.000000
vt 0.186813 0.000000
vt 0.183150 0.000000
vt 0.179487 0.000000
vt 0.175824 0.000000
vt 0.172161 0.000000
vt 0.168498 0.000000
vt 0.164835 0.000000
vt 0.161172 0.000000
vt 0.157509 0.000000
vt 0.443223 0.000000
vt 0.439560 0.000000
vt 0.435897 0.000000
vt 0.432234 0.000000
vt 0.428571 0.000000
vt 0.424908 0.000000
vt 0.421245 0.000000
vt 0.417582 0.000000
vt 0.413919 0.000000
vt 0.410256 0.000000
vt 0.406593 0.000000
vt 0.402930 0.000000
vt 0.399267 0.000000
vt 0.395604 0.000000
vt 0.391941 0.000000
vt 0.388278 0.000000
vt 0.384615 0.000000
vt 0.380952 0.000000
vt 0.377289 0.000000
vt 0.446886 0.000000
vt 0.373626 0.000000
vt 0.369963 0.000000
vt 0.366300 0.000000
vt 0.362637 0.000000
vt 0.358974 0.000000
vt 0.355311 0.000000
vt 0.351648 0.000000
vt 0.347985 0.000000
vt 0.710623 0.000000
vt 0.717949 0.000000
vt 0.714286 0.000000
vt 0.344322 0.000000
vt 0.340659 0.000000
vt 0.336996 0.000000
vt 0.706960 0.000000
vt 0.329670 0.000000
vt 0.326007 0.000000
vt 0.703297 0.000000
vt 0.322344 0.000000
vt 0.318681 0.000000
vt 0.699634 0.000000
vt 0.315018 0.000000
vt 0.721612 0.000000
vt 0.311355 0.000000
vt 0.695971 0.000000
vt 0.307692 0.000000
vt 0.304029 0.000000
vt 0.692308 0.000000
vt 0.688645 0.000000
vt 0.684982 0.000000
vt 0.681319 0.000000
vt 0.677656 0.000000
vt 0.673993 0.000000
vt 0.670330 0.000000
vt 0.663004 0.000000
vt 0.659341 0.000000
vt 0.655678 0.000000
vt 0.652015 0.000000
vt 0.860806 0.000000
vt 0.648352 0.000000
vt 0.857143 0.000000
vt 0.644689 0.000000
vt 0.450549 0.000000
vt 0.853480 0.000000
vt 0.454212 0.000000
vt 0.641026 0.000000
vt 0.457875 0.000000
vt 0.637363 0.000000
vt 0.849817 0.000000
vt 0.461538 0.000000
vt 0.633700 0.000000
vt 0.846154 0.000000
vt 0.465201 0.000000
vt 0.630037 0.000000
vt 0.842491 0.000000
vt 0.468864 0.000000
vt 0.626374 0.000000
vt 0.472527 0.000000
vt 0.838828 0.000000
vt 0.476190 0.000000
vt 0.622711 0.000000
vt 0.835165 0.000000
vt 0.479853 0.000000
vt 0.619048 0.000000
vt 0.483516 0.000000
vt 0.831502 0.000000
vt 0.487179 0.000000
vt 0.615385 0.000000
vt 0.490842 0.000000
vt 0.827839 0.000000
vt 0.494505 0.000000
vt 0.498168 0.000000
vt 0.611722 0.000000
vt 0.824176 0.000000
vt 0.501832 0.000000
vt 0.505495 0.000000
vt 0.820513 0.000000
vt 0.608059 0.000000
vt 0.509158 0.000000
vt 0.512821 0.000000
vt 0.816850 0.000000
vt 0.516484 0.000000
vt 0.604396 0.000000
vt 0.520147 0.000000
vt 0.523810 0.000000
vt 0.813187 0.000000
vt 0.600733 0.000000
vt 0.527473 0.000000
vt 0.531136 0.000000
vt 0.534799 0.000000
vt 0.597070 0.000000
vt 0.809524 0.000000
vt 0.538462 0.000000
vt 0.542125 0.000000
vt 0.545788 0.000000
vt 0.593407 0.000000
vt 0.549451 0.000000
vt 0.553114 0.000000
vt 0.805861 0.000000
vt 0.589744 0.000000
vt 0.556777 0.000000
vt 0.560440 0.000000
vt 0.586081 0.000000
vt 0.564103 0.000000
vt 0.567766 0.000000
vt 0.571429 0.000000
vt 0.582418 0.000000
vt 0.575092 0.000000
vt 0.578755 0.000000
vt 0.802198 0.000000
vt 0.798535 0.000000
vt 0.794872 0.000000
vt 0.791209 0.000000
vt 0.787546 0.000000
vt 0.783883 0.000000
vt 0.780220 0.000000
vt 0.776557 0.000000
vt 0.772894 0.000000
vt 0.769231 0.000000
vt 0.765568 0.000000
vt 0.761905 0.000000
vt 0.758242 0.000000
vt 0.754579 0.000000
vt 0.750916 0.000000
vt 0.747253 0.000000
vt 0.743590 0.000000
vt 0.739927 0.000000
vt 0.736264 0.000000
vt 0.732601 0.000000
vt 0.725275 0.000000
vt 0.728938 0.000000
vt 0.008772 0.000000
vt 0.004386 0.000000
vt 0.995614 0.000000
vt 0.991228 0.000000
vt 0.986842 0.000000
vt 0.982456 0.000000
vt 0.978070 0.000000
vt 0.973684 0.000000
vt 0.969298 0.000000
vt 0.964912 0.000000
vt 0.495614 0.000000
vt 0.013158 0.000000
vt 0.482456 0.000000
vt 0.017544 0.000000
vt 0.021930 0.000000
vt 0.043860 0.000000
vt 0.039474 0.000000
vt 0.035088 0.000000
vt 0.030702 0.000000
vt 0.026316 0.000000
vt 0.048246 0.000000
vt 0.052632 0.000000
vt 0.057018 0.000000
vt 0.960526 0.000000
vt 0.956140 0.000000
vt 0.061404 0.000000
vt 0.951754 0.000000
vt 0.065789 0.000000
vt 0.947368 0.000000
vt 0.942982 0.000000
vt 0.070175 0.000000
vt 0.938596 0.000000
vt 0.074561 0.000000
vt 0.934211 0.000000
vt 0.929825 0.000000
vt 0.078947 0.000000
vt 0.925439 0.000000
vt 0.083333 0.000000
vt 0.921053 0.000000
vt 0.916667 0.000000
vt 0.087719 0.000000
vt 0.912281 0.000000
vt 0.092105 0.000000
vt 0.907895 0.000000
vt 0.903509 0.000000
vt 0.096491 0.000000
vt 0.899123 0.000000
vt 0.100877 0.000000
vt 0.894737 0.000000
vt 0.890351 0.000000
vt 0.105263 0.000000
vt 0.885965 0.000000
vt 0.486842 0.000000
vt 0.478070 0.000000
vt 0.881579 0.000000
vt 0.109649 0.000000
vt 0.877193 0.000000
vt 0.872807 0.000000
vt 0.114035 0.000000
vt 0.868421 0.000000
vt 0.118421 0.000000
vt 0.864035 0.000000
vt 0.122807 0.000000
vt 0.859649 0.000000
vt 0.855263 0.000000
vt 0.127193 0.000000
vt 0.491228 0.000000
vt 0.850877 0.000000
vt 0.131579 0.000000
vt 0.846491 0.000000
vt 0.135965 0.000000
vt 0.842105 0.000000
vt 0.837719 0.000000
vt 0.140351 0.000000
vt 0.833333 0.000000
vt 0.828947 0.000000
vt 0.473684 0.000000
vt 0.144737 0.000000
vt 0.824561 0.000000
vt 0.469298 0.000000
vt 0.149123 0.000000
vt 0.820175 0.000000
vt 0.464912 0.000000
vt 0.153509 0.000000
vt 0.815789 0.000000
vt 0.460526 0.000000
vt 0.157895 0.000000
vt 0.504386 0.000000
vt 0.456140 0.000000
vt 0.811404 0.000000
vt 0.162281 0.000000
vt 0.508772 0.000000
vt 0.451754 0.000000
vt 0.513158 0.000000
vt 0.807018 0.000000
vt 0.166667 0.000000
vt 0.517544 0.000000
vt 0.447368 0.000000
vt 0.171053 0.000000
vt 0.802632 0.000000
vt 0.521930 0.000000
vt 0.175439 0.000000
vt 0.442982 0.000000
vt 0.798246 0.000000
vt 0.526316 0.000000
vt 0.179825 0.000000
vt 0.438596 0.000000
vt 0.530702 0.000000
vt 0.793860 0.000000
vt 0.184211 0.000000
vt 0.535088 0.000000
vt 0.434211 0.000000
vt 0.789474 0.000000
vt 0.188596 0.000000
vt 0.539474 0.000000
vt 0.429825 0.000000
vt 0.785088 0.000000
vt 0.192982 0.000000
vt 0.543860 0.000000
vt 0.197368 0.000000
vt 0.425439 0.000000
vt 0.780702 0.000000
vt 0.548246 0.000000
vt 0.201754 0.000000
vt 0.421053 0.000000
vt 0.776316 0.000000
vt 0.552632 0.000000
vt 0.206140 0.000000
vt 0.416667 0.000000
vt 0.557018 0.000000
vt 0.771930 0.000000
vt 0.210526 0.000000
vt 0.412281 0.000000
vt 0.561404 0.000000
vt 0.767544 0.000000
vt 0.214912 0.000000
vt 0.565789 0.000000
vt 0.407895 0.000000
vt 0.763158 0.000000
vt 0.570175 0.000000
vt 0.219298 0.000000
vt 0.403509 0.000000
vt 0.758772 0.000000
vt 0.574561 0.000000
vt 0.223684 0.000000
vt 0.399123 0.000000
vt 0.754386 0.000000
vt 0.578947 0.000000
vt 0.228070 0.000000
vt 0.394737 0.000000
vt 0.750000 0.000000
vt 0.583333 0.000000
vt 0.232456 0.000000
vt 0.390351 0.000000
vt 0.745614 0.000000
vt 0.587719 0.000000
vt 0.236842 0.000000
vt 0.385965 0.000000
vt 0.592105 0.000000
vt 0.241228 0.000000
vt 0.741228 0.000000
vt 0.381579 0.000000
vt 0.245614 0.000000
vt 0.596491 0.000000
vt 0.736842 0.000000
vt 0.377193 0.000000
vt 0.250000 0.000000
vt 0.600877 0.000000
vt 0.732456 0.000000
vt 0.372807 0.000000
vt 0.254386 0.000000
vt 0.605263 0.000000
vt 0.728070 0.000000
vt 0.368421 0.000000
vt 0.609649 0.000000
vt 0.258772 0.000000
vt 0.723684 0.000000
vt 0.364035 0.000000
vt 0.614035 0.000000
vt 0.263158 0.000000
vt 0.719298 0.000000
vt 0.359649 0.000000
vt 0.618421 0.000000
vt 0.714912 0.000000
vt 0.267544 0.000000
vt 0.355263 0.000000
vt 0.622807 0.000000
vt 0.710526 0.000000
vt 0.271930 0.000000
vt 0.350877 0.000000
vt 0.627193 0.000000
vt 0.706140 0.000000
vt 0.346491 0.000000
vt 0.276316 0.000000
vt 0.631579 0.000000
vt 0.701754 0.000000
vt 0.342105 0.000000
vt 0.635965 0.000000
vt 0.280702 0.000000
vt 0.697368 0.000000
vt 0.337719 0.000000
vt 0.640351 0.000000
vt 0.285088 0.000000
vt 0.692982 0.000000
vt 0.644737 0.000000
vt 0.289474 0.000000
vt 0.688596 0.000000
vt 0.328947 0.000000
vt 0.649123 0.000000
vt 0.293860 0.000000
vt 0.684211 0.000000
vt 0.324561 0.000000
vt 0.653509 0.000000
vt 0.298246 0.000000
vt 0.679825 0.000000
vt 0.320175 0.000000
vt 0.657895 0.000000
vt 0.671053 0.000000
vt 0.675439 0.000000
vt 0.662281 0.000000
vt 0.311404 0.000000
vt 0.315789 0.000000
vt 0.302632 0.000000
vt 0.307018 0.000000
vt 0.000000 1.000000
vt 0.004367 1.000000
vt 0.004367 0.000000
vt 0.008734 1.000000
vt 0.008734 0.000000
vt 0.013100 1.000000
vt 0.013100 0.000000
vt 0.017467 1.000000
vt 0.017467 0.000000
vt 0.021834 1.000000
vt 0.021834 0.000000
vt 0.026201 1.000000
vt 0.026201 0.000000
vt 0.030568 1.000000
vt 0.030568 0.000000
vt 0.034934 1.000000
vt 0.034934 0.000000
vt 0.039301 1.000000
vt 0.039301 0.000000
vt 0.043668 1.000000
vt 0.043668 0.000000
vt 0.048035 1.000000
vt 0.048035 0.000000
vt 0.052402 1.000000
vt 0.052402 0.000000
vt 0.056769 1.000000
vt 0.056769 0.000000
vt 0.061135 1.000000
vt 0.061135 0.000000
vt 0.065502 1.000000
vt 0.065502 0.000000
vt 0.069869 1.000000
vt 0.069869 0.000000
vt 0.074236 1.000000
vt 0.074236 0.000000
vt 0.078603 1.000000
vt 0.078603 0.000000
vt 0.082969 1.000000
vt 0.082969 0.000000
vt 0.087336 1.000000
vt 0.087336 0.000000
vt 0.091703 1.000000
vt 0.091703 0.000000
vt 0.096070 1.000000
vt 0.096070 0.000000
vt 0.100437 1.000000
vt 0.100437 0.000000
vt 0.104803 1.000000
vt 0.104803 0.000000
vt 0.109170 1.000000
vt 0.109170 0.000000
vt 0.113537 1.000000
vt 0.113537 0.000000
vt 0.117904 1.000000
vt 0.117904 0.000000
vt 0.122271 1.000000
vt 0.122271 0.000000
vt 0.126638 1.000000
vt 0.126638 0.000000
vt 0.131004 1.000000
vt 0.131004 0.000000
vt 0.135371 1.000000
vt 0.135371 0.000000
vt 0.139738 1.000000
vt 0.139738 0.000000
vt 0.144105 1.000000
vt 0.144105 0.000000
vt 0.148472 1.000000
vt 0.148472 0.000000
vt 0.152838 1.000000
vt 0.152838 0.000000
vt 0.157205 1.000000
vt 0.157205 0.000000
vt 0.161572 1.000000
vt 0.161572 0.000000
vt 0.165939 1.000000
vt 0.165939 0.000000
vt 0.170306 1.000000
vt 0.170306 0.000000
vt 0.174672 1.000000
vt 0.174672 0.000000
vt 0.179039 1.000000
vt 0.179039 0.000000
vt 0.183406 1.000000
vt 0.183406 0.000000
vt 0.187773 1.000000
vt 0.187773 0.000000
vt 0.192140 1.000000
vt 0.192140 0.000000
vt 0.196507 1.000000
vt 0.196507 0.000000
vt 0.200873 1.000000
vt 0.200873 0.000000
vt 0.205240 1.000000
vt 0.205240 0.000000
vt 0.209607 1.000000
vt 0.209607 0.000000
vt 0.213974 1.000000
vt 0.213974 0.000000
vt 0.218341 1.000000
vt 0.218341 0.000000
vt 0.222707 1.000000
vt 0.222707 0.000000
vt 0.227074 1.000000
vt 0.227074 0.000000
vt 0.231441 1.000000
vt 0.231441 0.000000
vt 0.235808 1.000000
vt 0.235808 0.000000
vt 0.240175 1.000000
vt 0.240175 0.000000
vt 0.244541 1.000000
vt 0.244541 0.000000
vt 0.248908 1.000000
vt 0.248908 0.000000
vt 0.253275 1.000000
vt 0.253275 0.000000
vt 0.257642 1.000000
vt 0.257642 0.000000
vt 0.262009 1.000000
vt 0.262009 0.000000
vt 0.266376 1.000000
vt 0.266376 0.000000
vt 0.270742 1.000000
vt 0.270742 0.000000
vt 0.275109 1.000000
vt 0.275109 0.000000
vt 0.279476 1.000000
vt 0.279476 0.000000
vt 0.283843 1.000000
vt 0.283843 0.000000
vt 0.288210 1.000000
vt 0.288210 0.000000
vt 0.292576 1.000000
vt 0.292576 0.000000
vt 0.296943 1.000000
vt 0.296943 0.000000
vt 0.301310 1.000000
vt 0.301310 0.000000
vt 0.305677 1.000000
vt 0.305677 0.000000
vt 0.310044 1.000000
vt 0.310044 0.000000
vt 0.314410 1.000000
vt 0.314410 0.000000
vt 0.318777 1.000000
vt 0.318777 0.000000
vt 0.323144 1.000000
vt 0.323144 0.000000
vt 0.327511 1.000000
vt 0.327511 0.000000
vt 0.331878 1.000000
vt 0.331878 0.000000
vt 0.336245 1.000000
vt 0.336245 0.000000
vt 0.340611 1.000000
vt 0.340611 0.000000
vt 0.344978 1.000000
vt 0.344978 0.000000
vt 0.349345 1.000000
vt 0.349345 0.000000
vt 0.353712 1.000000
vt 0.353712 0.000000
vt 0.358079 1.000000
vt 0.358079 0.000000
vt 0.362445 1.000000
vt 0.362445 0.000000
vt 0.366812 1.000000
vt 0.366812 0.000000
vt 0.371179 1.000000
vt 0.371179 0.000000
vt 0.375546 1.000000
vt 0.375546 0.000000
vt 0.379913 1.000000
vt 0.379913 0.000000
vt 0.384279 1.000000
vt 0.384279 0.000000
vt 0.388646 1.000000
vt 0.388646 0.000000
vt 0.393013 1.000000
vt 0.393013 0.000000
vt 0.397380 1.000000
vt 0.397380 0.000000
vt 0.401747 1.000000
vt 0.401747 0.000000
vt 0.406114 1.000000
vt 0.406114 0.000000
vt 0.410480 1.000000
vt 0.410480 0.000000
vt 0.414847 1.000000
vt 0.414847 0.000000
vt 0.419214 1.000000
vt 0.419214 0.000000
vt 0.423581 1.000000
vt 0.423581 0.000000
vt 0.427948 1.000000
vt 0.427948 0.000000
vt 0.432314 1.000000
vt 0.432314 0.000000
vt 0.436681 1.000000
vt 0.436681 0.000000
vt 0.441048 1.000000
vt 0.441048 0.000000
vt 0.445415 1.000000
vt 0.445415 0.000000
vt 0.449782 1.000000
vt 0.449782 0.000000
vt 0.454148 1.000000
vt 0.454148 0.000000
vt 0.458515 1.000000
vt 0.458515 0.000000
vt 0.462882 1.000000
vt 0.462882 0.000000
vt 0.467249 1.000000
vt 0.467249 0.000000
vt 0.471616 1.000000
vt 0.471616 0.000000
vt 0.475983 1.000000
vt 0.475983 0.000000
vt 0.480349 1.000000
vt 0.480349 0.000000
vt 0.484716 1.000000
vt 0.484716 0.000000
vt 0.489083 1.000000
vt 0.489083 0.000000
vt 0.493450 1.000000
vt 0.493450 0.000000
vt 0.497817 1.000000
vt 0.497817 0.000000
vt 0.502183 1.000000
vt 0.502183 0.000000
vt 0.506550 1.000000
vt 0.506550 0.000000
vt 0.510917 1.000000
vt 0.510917 0.000000
vt 0.515284 1.000000
vt 0.515284 0.000000
vt 0.519651 1.000000
vt 0.519651 0.000000
vt 0.524017 1.000000
vt 0.524017 0.000000
vt 0.528384 1.000000
vt 0.528384 0.000000
vt 0.532751 1.000000
vt 0.532751 0.000000
vt 0.537118 1.000000
vt 0.537118 0.000000
vt 0.541485 1.000000
vt 0.541485 0.000000
vt 0.545852 1.000000
vt 0.545852 0.000000
vt 0.550218 1.000000
vt 0.550218 0.000000
vt 0.554585 1.000000
vt 0.554585 0.000000
vt 0.558952 1.000000
vt 0.558952 0.000000
vt 0.563319 1.000000
vt 0.563319 0.000000
vt 0.567686 1.000000
vt 0.567686 0.000000
vt 0.572052 1.000000
vt 0.572052 0.000000
vt 0.576419 1.000000
vt 0.576419 0.000000
vt 0.580786 1.000000
vt 0.580786 0.000000
vt 0.585153 1.000000
vt 0.585153 0.000000
vt 0.589520 1.000000
vt 0.589520 0.000000
vt 0.593886 1.000000
vt 0.593886 0.000000
vt 0.598253 1.000000
vt 0.598253 0.000000
vt 0.602620 1.000000
vt 0.602620 0.000000
vt 0.606987 1.000000
vt 0.606987 0.000000
vt 0.611354 1.000000
vt 0.611354 0.000000
vt 0.615721 1.000000
vt 0.615721 0.000000
vt 0.620087 1.000000
vt 0.620087 0.000000
vt 0.624454 1.000000
vt 0.624454 0.000000
vt 0.628821 1.000000
vt 0.628821 0.000000
vt 0.633188 1.000000
vt 0.633188 0.000000
vt 0.637555 1.000000
vt 0.637555 0.000000
vt 0.641921 1.000000
vt 0.641921 0.000000
vt 0.646288 1.000000
vt 0.646288 0.000000
vt 0.650655 1.000000
vt 0.650655 0.000000
vt 0.655022 1.000000
vt 0.655022 0.000000
vt 0.659389 1.000000
vt 0.659389 0.000000
vt 0.663755 1.000000
vt 0.663755 0.000000
vt 0.668122 1.000000
vt 0.668122 0.000000
vt 0.672489 1.000000
vt 0.672489 0.000000
vt 0.676856 1.000000
vt 0.676856 0.000000
vt 0.681223 1.000000
vt 0.681223 0.000000
vt 0.685589 1.000000
vt 0.685589 0.000000
vt 0.689956 1.000000
vt 0.689956 0.000000
vt 0.694323 1.000000
vt 0.694323 0.000000
vt 0.698690 1.000000
vt 0.698690 0.000000
vt 0.703057 1.000000
vt 0.703057 0.000000
vt 0.707424 1.000000
vt 0.707424 0.000000
vt 0.711790 1.000000
vt 0.711790 0.000000
vt 0.716157 1.000000
vt 0.716157 0.000000
vt 0.720524 1.000000
vt 0.720524 0.000000
vt 0.724891 1.000000
vt 0.724891 0.000000
vt 0.729258 1.000000
vt 0.729258 0.000000
vt 0.733624 1.000000
vt 0.733624 0.000000
vt 0.737991 1.000000
vt 0.737991 0.000000
vt 0.742358 1.000000
vt 0.742358 0.000000
vt 0.746725 1.000000
vt 0.746725 0.000000
vt 0.751092 1.000000
vt 0.751092 0.000000
vt 0.755459 1.000000
vt 0.755459 0.000000
vt 0.759825 1.000000
vt 0.759825 0.000000
vt 0.764192 1.000000
vt 0.764192 0.000000
vt 0.768559 1.000000
vt 0.768559 0.000000
vt 0.772926 1.000000
vt 0.772926 0.000000
vt 0.777293 1.000000
vt 0.777293 0.000000
vt 0.781659 1.000000
vt 0.781659 0.000000
vt 0.786026 1.000000
vt 0.786026 0.000000
vt 0.790393 1.000000
vt 0.790393 0.000000
vt 0.794760 1.000000
vt 0.794760 0.000000
vt 0.799127 1.000000
vt 0.799127 0.000000
vt 0.803493 1.000000
vt 0.803493 0.000000
vt 0.807860 1.000000
vt 0.807860 0.000000
vt 0.812227 1.000000
vt 0.812227 0.000000
vt 0.816594 1.000000
vt 0.816594 0.000000
vt 0.820961 1.000000
vt 0.820961 0.000000
vt 0.825328 1.000000
vt 0.825328 0.000000
vt 0.829694 1.000000
vt 0.829694 0.000000
vt 0.834061 1.000000
vt 0.834061 0.000000
vt 0.838428 1.000000
vt 0.838428 0.000000
vt 0.842795 1.000000
vt 0.842795 0.000000
vt 0.847162 1.000000
vt 0.847162 0.000000
vt 0.851528 1.000000
vt 0.851528 0.000000
vt 0.855895 1.000000
vt 0.855895 0.000000
vt 0.860262 1.000000
vt 0.860262 0.000000
vt 0.864629 1.000000
vt 0.864629 0.000000
vt 0.868996 1.000000
vt 0.868996 0.000000
vt 0.873362 1.000000
vt 0.873362 0.000000
vt 0.877729 1.000000
vt 0.877729 0.000000
vt 0.882096 1.000000
vt 0.882096 0.000000
vt 0.886463 1.000000
vt 0.886463 0.000000
vt 0.890830 1.000000
vt 0.890830 0.000000
vt 0.895196 1.000000
vt 0.895196 0.000000
vt 0.899563 1.000000
vt 0.899563 0.000000
vt 0.903930 1.000000
vt 0.903930 0.000000
vt 0.908297 1.000000
vt 0.908297 0.000000
vt 0.912664 1.000000
vt 0.912664 0.000000
vt 0.917031 1.000000
vt 0.917031 0.000000
vt 0.921397 1.000000
vt 0.921397 0.000000
vt 0.925764 1.000000
vt 0.925764 0.000000
vt 0.930131 1.000000
vt 0.930131 0.000000
vt 0.934498 1.000000
vt 0.934498 0.000000
vt 0.938865 1.000000
vt 0.938865 0.000000
vt 0.943231 1.000000
vt 0.943231 0.000000
vt 0.947598 1.000000
vt 0.947598 0.000000
vt 0.951965 1.000000
vt 0.951965 0.000000
vt 0.956332 1.000000
vt 0.956332 0.000000
vt 0.960699 1.000000
vt 0.960699 0.000000
vt 0.965065 1.000000
vt 0.965065 0.000000
vt 0.969432 1.000000
vt 0.969432 0.000000
vt 0.973799 1.000000
vt 0.973799 0.000000
vt 0.978166 1.000000
vt 0.978166 0.000000
vt 0.982533 1.000000
vt 0.982533 0.000000
vt 0.986900 1.000000
vt 0.986900 0.000000
vt 0.991266 1.000000
vt 0.991266 0.000000
vt 0.995633 1.000000
vt 0.995633 0.000000
vt 1.000000 1.000000
vt 0.003650 1.000000
vt 0.003650 0.000000
vt 0.007299 1.000000
vt 0.007299 0.000000
vt 0.010949 1.000000
vt 0.010949 0.000000
vt 0.014599 1.000000
vt 0.014599 0.000000
vt 0.018248 1.000000
vt 0.018248 0.000000
vt 0.021898 1.000000
vt 0.021898 0.000000
vt 0.025547 1.000000
vt 0.025547 0.000000
vt 0.029197 1.000000
vt 0.029197 0.000000
vt 0.032847 1.000000
vt 0.032847 0.000000
vt 0.036496 1.000000
vt 0.036496 0.000000
vt 0.040146 1.000000
vt 0.040146 0.000000
vt 0.043796 1.000000
vt 0.043796 0.000000
vt 0.047445 1.000000
vt 0.047445 0.000000
vt 0.051095 1.000000
vt 0.051095 0.000000
vt 0.054745 1.000000
vt 0.054745 0.000000
vt 0.058394 1.000000
vt 0.058394 0.000000
vt 0.062044 1.000000
vt 0.062044 0.000000
vt 0.065693 1.000000
vt 0.065693 0.000000
vt 0.069343 1.000000
vt 0.069343 0.000000
vt 0.072993 1.000000
vt 0.072993 0.000000
vt 0.076642 1.000000
vt 0.076642 0.000000
vt 0.080292 1.000000
vt 0.080292 0.000000
vt 0.083942 1.000000
vt 0.083942 0.000000
vt 0.087591 1.000000
vt 0.087591 0.000000
vt 0.091241 1.000000
vt 0.091241 0.000000
vt 0.094891 1.000000
vt 0.094891 0.000000
vt 0.098540 1.000000
vt 0.098540 0.000000
vt 0.102190 1.000000
vt 0.102190 0.000000
vt 0.105839 1.000000
vt 0.105839 0.000000
vt 0.109489 1.000000
vt 0.109489 0.000000
vt 0.113139 1.000000
vt 0.113139 0.000000
vt 0.116788 1.000000
vt 0.116788 0.000000
vt 0.120438 1.000000
vt 0.120438 0.000000
vt 0.124088 1.000000
vt 0.124088 0.000000
vt 0.127737 1.000000
vt 0.127737 0.000000
vt 0.131387 1.000000
vt 0.131387 0.000000
vt 0.135036 1.000000
vt 0.135036 0.000000
vt 0.138686 1.000000
vt 0.138686 0.000000
vt 0.142336 1.000000
vt 0.142336 0.000000
vt 0.145985 1.000000
vt 0.145985 0.000000
vt 0.149635 1.000000
vt 0.149635 0.000000
vt 0.153285 1.000000
vt 0.153285 0.000000
vt 0.156934 1.000000
vt 0.156934 0.000000
vt 0.160584 1.000000
vt 0.160584 0.000000
vt 0.164234 1.000000
vt 0.164234 0.000000
vt 0.167883 1.000000
vt 0.167883 0.000000
vt 0.171533 1.000000
vt 0.171533 0.000000
vt 0.175182 1.000000
vt 0.175182 0.000000
vt 0.178832 1.000000
vt 0.178832 0.000000
vt 0.182482 1.000000
vt 0.182482 0.000000
vt 0.186131 1.000000
vt 0.186131 0.000000
vt 0.189781 1.000000
vt 0.189781 0.000000
vt 0.193431 1.000000
vt 0.193431 0.000000
vt 0.197080 1.000000
vt 0.197080 0.000000
vt 0.200730 1.000000
vt 0.200730 0.000000
vt 0.204380 1.000000
vt 0.204380 0.000000
vt 0.208029 1.000000
vt 0.208029 0.000000
vt 0.211679 1.000000
vt 0.211679 0.000000
vt 0.215328 1.000000
vt 0.215328 0.000000
vt 0.218978 1.000000
vt 0.218978 0.000000
vt 0.222628 1.000000
vt 0.222628 0.000000
vt 0.226277 1.000000
vt 0.226277 0.000000
vt 0.229927 1.000000
vt 0.229927 0.000000
vt 0.233577 1.000000
vt 0.233577 0.000000
vt 0.237226 1.000000
vt 0.237226 0.000000
vt 0.240876 1.000000
vt 0.240876 0.000000
vt 0.244526 1.000000
vt 0.244526 0.000000
vt 0.248175 1.000000
vt 0.248175 0.000000
vt 0.251825 1.000000
vt 0.251825 0.000000
vt 0.255474 1.000000
vt 0.255474 0.000000
vt 0.259124 1.000000
vt 0.259124 0.000000
vt 0.262774 1.000000
vt 0.262774 0.000000
vt 0.266423 1.000000
vt 0.266423 0.000000
vt 0.270073 1.000000
vt 0.270073 0.000000
vt 0.273723 1.000000
vt 0.273723 0.000000
vt 0.277372 1.000000
vt 0.277372 0.000000
vt 0.281022 1.000000
vt 0.281022 0.000000
vt 0.284672 1.000000
vt 0.284672 0.000000
vt 0.288321 1.000000
vt 0.288321 0.000000
vt 0.291971 1.000000
vt 0.291971 0.000000
vt 0.295620 1.000000
vt 0.295620 0.000000
vt 0.299270 1.000000
vt 0.299270 0.000000
vt 0.302920 1.000000
vt 0.302920 0.000000
vt 0.306569 1.000000
vt 0.306569 0.000000
vt 0.310219 1.000000
vt 0.310219 0.000000
vt 0.313869 1.000000
vt 0.313869 0.000000
vt 0.317518 1.000000
vt 0.317518 0.000000
vt 0.321168 1.000000
vt 0.321168 0.000000
vt 0.324818 1.000000
vt 0.324818 0.000000
vt 0.328467 1.000000
vt 0.328467 0.000000
vt 0.332117 1.000000
vt 0.332117 0.000000
vt 0.335766 1.000000
vt 0.335766 0.000000
vt 0.339416 1.000000
vt 0.339416 0.000000
vt 0.343066 1.000000
vt 0.343066 0.000000
vt 0.346715 1.000000
vt 0.346715 0.000000
vt 0.350365 1.000000
vt 0.350365 0.000000
vt 0.354015 1.000000
vt 0.354015 0.000000
vt 0.357664 1.000000
vt 0.357664 0.000000
vt 0.361314 1.000000
vt 0.361314 0.000000
vt 0.364964 1.000000
vt 0.364964 0.000000
vt 0.368613 1.000000
vt 0.368613 0.000000
vt 0.372263 1.000000
vt 0.372263 0.000000
vt 0.375912 1.000000
vt 0.375912 0.000000
vt 0.379562 1.000000
vt 0.379562 0.000000
vt 0.383212 1.000000
vt 0.383212 0.000000
vt 0.386861 1.000000
vt 0.386861 0.000000
vt 0.390511 1.000000
vt 0.390511 0.000000
vt 0.394161 1.000000
vt 0.394161 0.000000
vt 0.397810 1.000000
vt 0.397810 0.000000
vt 0.401460 1.000000
vt 0.401460 0.000000
vt 0.405109 1.000000
vt 0.405109 0.000000
vt 0.408759 1.000000
vt 0.408759 0.000000
vt 0.412409 1.000000
vt 0.412409 0.000000
vt 0.416058 1.000000
vt 0.416058 0.000000
vt 0.419708 1.000000
vt 0.419708 0.000000
vt 0.423358 1.000000
vt 0.423358 0.000000
vt 0.427007 1.000000
vt 0.427007 0.000000
vt 0.430657 1.000000
vt 0.430657 0.000000
vt 0.434307 1.000000
vt 0.434307 0.000000
vt 0.437956 1.000000
vt 0.437956 0.000000
vt 0.441606 1.000000
vt 0.441606 0.000000
vt 0.445255 1.000000
vt 0.445255 0.000000
vt 0.448905 1.000000
vt 0.448905 0.000000
vt 0.452555 1.000000
vt 0.452555 0.000000
vt 0.456204 1.000000
vt 0.456204 0.000000
vt 0.459854 1.000000
vt 0.459854 0.000000
vt 0.463504 1.000000
vt 0.463504 0.000000
vt 0.467153 1.000000
vt 0.467153 0.000000
vt 0.470803 1.000000
vt 0.470803 0.000000
vt 0.474453 1.000000
vt 0.474453 0.000000
vt 0.478102 1.000000
vt 0.478102 0.000000
vt 0.481752 1.000000
vt 0.481752 0.000000
vt 0.485401 1.000000
vt 0.485401 0.000000
vt 0.489051 1.000000
vt 0.489051 0.000000
vt 0.492701 1.000000
vt 0.492701 0.000000
vt 0.496350 1.000000
vt 0.496350 0.000000
vt 0.500000 1.000000
vt 0.503650 1.000000
vt 0.503650 0.000000
vt 0.507299 1.000000
vt 0.507299 0.000000
vt 0.510949 1.000000
vt 0.510949 0.000000
vt 0.514599 1.000000
vt 0.514599 0.000000
vt 0.518248 1.000000
vt 0.518248 0.000000
vt 0.521898 1.000000
vt 0.521898 0.000000
vt 0.525547 1.000000
vt 0.525547 0.000000
vt 0.529197 1.000000
vt 0.529197 0.000000
vt 0.532847 1.000000
vt 0.532847 0.000000
vt 0.536496 1.000000
vt 0.536496 0.000000
vt 0.540146 1.000000
vt 0.540146 0.000000
vt 0.543796 1.000000
vt 0.543796 0.000000
vt 0.547445 1.000000
vt 0.547445 0.000000
vt 0.551095 1.000000
vt 0.551095 0.000000
vt 0.554745 1.000000
vt 0.554745 0.000000
vt 0.558394 1.000000
vt 0.558394 0.000000
vt 0.562044 1.000000
vt 0.562044 0.000000
vt 0.565693 1.000000
vt 0.565693 0.000000
vt 0.569343 1.000000
vt 0.569343 0.000000
vt 0.572993 1.000000
vt 0.572993 0.000000
vt 0.576642 1.000000
vt 0.576642 0.000000
vt 0.580292 1.000000
vt 0.580292 0.000000
vt 0.583942 1.000000
vt 0.583942 0.000000
vt 0.587591 1.000000
vt 0.587591 0.000000
vt 0.591241 1.000000
vt 0.591241 0.000000
vt 0.594891 1.000000
vt 0.594891 0.000000
vt 0.598540 1.000000
vt 0.598540 0.000000
vt 0.602190 1.000000
vt 0.602190 0.000000
vt 0.605839 1.000000
vt 0.605839 0.000000
vt 0.609489 1.000000
vt 0.609489 0.000000
vt 0.613139 1.000000
vt 0.613139 0.000000
vt 0.616788 1.000000
vt 0.616788 0.000000
vt 0.620438 1.000000
vt 0.620438 0.000000
vt 0.624088 1.000000
vt 0.624088 0.000000
vt 0.627737 1.000000
vt 0.627737 0.000000
vt 0.631387 1.000000
vt 0.631387 0.000000
vt 0.635036 1.000000
vt 0.635036 0.000000
vt 0.638686 1.000000
vt 0.638686 0.000000
vt 0.642336 1.000000
vt 0.642336 0.000000
vt 0.645985 1.000000
vt 0.645985 0.000000
vt 0.649635 1.000000
vt 0.649635 0.000000
vt 0.653285 1.000000
vt 0.653285 0.000000
vt 0.656934 1.000000
vt 0.656934 0.000000
vt 0.660584 1.000000
vt 0.660584 0.000000
vt 0.664234 1.000000
vt 0.664234 0.000000
vt 0.667883 1.000000
vt 0.667883 0.000000
vt 0.671533 1.000000
vt 0.671533 0.000000
vt 0.675182 1.000000
vt 0.675182 0.000000
vt 0.678832 1.000000
vt 0.678832 0.000000
vt 0.682482 1.000000
vt 0.682482 0.000000
vt 0.686131 1.000000
vt 0.686131 0.000000
vt 0.689781 1.000000
vt 0.689781 0.000000
vt 0.693431 1.000000
vt 0.693431 0.000000
vt 0.697080 1.000000
vt 0.697080 0.000000
vt 0.700730 1.000000
vt 0.700730 0.000000
vt 0.704380 1.000000
vt 0.704380 0.000000
vt 0.708029 1.000000
vt 0.708029 0.000000
vt 0.711679 1.000000
vt 0.711679 0.000000
vt 0.715328 1.000000
vt 0.715328 0.000000
vt 0.718978 1.000000
vt 0.718978 0.000000
vt 0.722628 1.000000
vt 0.722628 0.000000
vt 0.726277 1.000000
vt 0.726277 0.000000
vt 0.729927 1.000000
vt 0.729927 0.000000
vt 0.733577 1.000000
vt 0.733577 0.000000
vt 0.737226 1.000000
vt 0.737226 0.000000
vt 0.740876 1.000000
vt 0.740876 0.000000
vt 0.744526 1.000000
vt 0.744526 0.000000
vt 0.748175 1.000000
vt 0.748175 0.000000
vt 0.751825 1.000000
vt 0.751825 0.000000
vt 0.755474 1.000000
vt 0.755474 0.000000
vt 0.759124 1.000000
vt 0.759124 0.000000
vt 0.762774 1.000000
vt 0.762774 0.000000
vt 0.766423 1.000000
vt 0.766423 0.000000
vt 0.770073 1.000000
vt 0.770073 0.000000
vt 0.773723 1.000000
vt 0.773723 0.000000
vt 0.777372 1.000000
vt 0.777372 0.000000
vt 0.781022 1.000000
vt 0.781022 0.000000
vt 0.784672 1.000000
vt 0.784672 0.000000
vt 0.788321 1.000000
vt 0.788321 0.000000
vt 0.791971 1.000000
vt 0.791971 0.000000
vt 0.795620 1.000000
vt 0.795620 0.000000
vt 0.799270 1.000000
vt 0.799270 0.000000
vt 0.802920 1.000000
vt 0.802920 0.000000
vt 0.806569 1.000000
vt 0.806569 0.000000
vt 0.810219 1.000000
vt 0.810219 0.000000
vt 0.813869 1.000000
vt 0.813869 0.000000
vt 0.817518 1.000000
vt 0.817518 0.000000
vt 0.821168 1.000000
vt 0.821168 0.000000
vt 0.824818 1.000000
vt 0.824818 0.000000
vt 0.828467 1.000000
vt 0.828467 0.000000
vt 0.832117 1.000000
vt 0.832117 0.000000
vt 0.835766 1.000000
vt 0.835766 0.000000
vt 0.839416 1.000000
vt 0.839416 0.000000
vt 0.843066 1.000000
vt 0.843066 0.000000
vt 0.846715 1.000000
vt 0.846715 0.000000
vt 0.850365 1.000000
vt 0.850365 0.000000
vt 0.854015 1.000000
vt 0.854015 0.000000
vt 0.857664 1.000000
vt 0.857664 0.000000
vt 0.861314 1.000000
vt 0.861314 0.000000
vt 0.864964 1.000000
vt 0.864964 0.000000
vt 0.868613 1.000000
vt 0.868613 0.000000
vt 0.872263 1.000000
vt 0.872263 0.000000
vt 0.875912 1.000000
vt 0.875912 0.000000
vt 0.879562 1.000000
vt 0.879562 0.000000
vt 0.883212 1.000000
vt 0.883212 0.000000
vt 0.886861 1.000000
vt 0.886861 0.000000
vt 0.890511 1.000000
vt 0.890511 0.000000
vt 0.894161 1.000000
vt 0.894161 0.000000
vt 0.897810 1.000000
vt 0.897810 0.000000
vt 0.901460 1.000000
vt 0.901460 0.000000
vt 0.905109 1.000000
vt 0.905109 0.000000
vt 0.908759 1.000000
vt 0.908759 0.000000
vt 0.912409 1.000000
vt 0.912409 0.000000
vt 0.916058 1.000000
vt 0.916058 0.000000
vt 0.919708 1.000000
vt 0.919708 0.000000
vt 0.923358 1.000000
vt 0.923358 0.000000
vt 0.927007 1.000000
vt 0.927007 0.000000
vt 0.930657 1.000000
vt 0.930657 0.000000
vt 0.934307 1.000000
vt 0.934307 0.000000
vt 0.937956 1.000000
vt 0.937956 0.000000
vt 0.941606 1.000000
vt 0.941606 0.000000
vt 0.945255 1.000000
vt 0.945255 0.000000
vt 0.948905 1.000000
vt 0.948905 0.000000
vt 0.952555 1.000000
vt 0.952555 0.000000
vt 0.956204 1.000000
vt 0.956204 0.000000
vt 0.959854 1.000000
vt 0.959854 0.000000
vt 0.963504 1.000000
vt 0.963504 0.000000
vt 0.967153 1.000000
vt 0.967153 0.000000
vt 0.970803 1.000000
vt 0.970803 0.000000
vt 0.974453 1.000000
vt 0.974453 0.000000
vt 0.978102 1.000000
vt 0.978102 0.000000
vt 0.981752 1.000000
vt 0.981752 0.000000
vt 0.985401 1.000000
vt 0.985401 0.000000
vt 0.989051 1.000000
vt 0.989051 0.000000
vt 0.992701 1.000000
vt 0.992701 0.000000
vt 0.996350 1.000000
vt 0.996350 0.000000
vt 0.004566 1.000000
vt 0.004566 0.000000
vt 0.009132 1.000000
vt 0.009132 0.000000
vt 0.013699 1.000000
vt 0.013699 0.000000
vt 0.018265 1.000000
vt 0.018265 0.000000
vt 0.022831 1.000000
vt 0.022831 0.000000
vt 0.027397 1.000000
vt 0.027397 0.000000
vt 0.031963 1.000000
vt 0.031963 0.000000
vt 0.036530 1.000000
vt 0.036530 0.000000
vt 0.041096 1.000000
vt 0.041096 0.000000
vt 0.045662 1.000000
vt 0.045662 0.000000
vt 0.050228 1.000000
vt 0.050228 0.000000
vt 0.054795 1.000000
vt 0.054795 0.000000
vt 0.059361 1.000000
vt 0.059361 0.000000
vt 0.063927 1.000000
vt 0.063927 0.000000
vt 0.068493 1.000000
vt 0.068493 0.000000
vt 0.073059 1.000000
vt 0.073059 0.000000
vt 0.077626 1.000000
vt 0.077626 0.000000
vt 0.082192 1.000000
vt 0.082192 0.000000
vt 0.086758 1.000000
vt 0.086758 0.000000
vt 0.091324 1.000000
vt 0.091324 0.000000
vt 0.095890 1.000000
vt 0.095890 0.000000
vt 0.100457 1.000000
vt 0.100457 0.000000
vt 0.105023 1.000000
vt 0.105023 0.000000
vt 0.109589 1.000000
vt 0.109589 0.000000
vt 0.114155 1.000000
vt 0.114155 0.000000
vt 0.118721 1.000000
vt 0.118721 0.000000
vt 0.123288 1.000000
vt 0.123288 0.000000
vt 0.127854 1.000000
vt 0.127854 0.000000
vt 0.132420 1.000000
vt 0.132420 0.000000
vt 0.136986 1.000000
vt 0.136986 0.000000
vt 0.141553 1.000000
vt 0.141553 0.000000
vt 0.146119 1.000000
vt 0.146119 0.000000
vt 0.150685 1.000000
vt 0.150685 0.000000
vt 0.155251 1.000000
vt 0.155251 0.000000
vt 0.159817 1.000000
vt 0.159817 0.000000
vt 0.164384 1.000000
vt 0.164384 0.000000
vt 0.168950 1.000000
vt 0.168950 0.000000
vt 0.173516 1.000000
vt 0.173516 0.000000
vt 0.178082 1.000000
vt 0.178082 0.000000
vt 0.182648 1.000000
vt 0.182648 0.000000
vt 0.187215 1.000000
vt 0.187215 0.000000
vt 0.191781 1.000000
vt 0.191781 0.000000
vt 0.196347 1.000000
vt 0.196347 0.000000
vt 0.200913 1.000000
vt 0.200913 0.000000
vt 0.205479 1.000000
vt 0.205479 0.000000
vt 0.210046 1.000000
vt 0.210046 0.000000
vt 0.214612 1.000000
vt 0.214612 0.000000
vt 0.219178 1.000000
vt 0.219178 0.000000
vt 0.223744 1.000000
vt 0.223744 0.000000
vt 0.228310 1.000000
vt 0.228310 0.000000
vt 0.232877 1.000000
vt 0.232877 0.000000
vt 0.237443 1.000000
vt 0.237443 0.000000
vt 0.242009 1.000000
vt 0.242009 0.000000
vt 0.246575 1.000000
vt 0.246575 0.000000
vt 0.251142 1.000000
vt 0.251142 0.000000
vt 0.255708 1.000000
vt 0.255708 0.000000
vt 0.260274 1.000000
vt 0.260274 0.000000
vt 0.264840 1.000000
vt 0.264840 0.000000
vt 0.269406 1.000000
vt 0.269406 0.000000
vt 0.273973 1.000000
vt 0.273973 0.000000
vt 0.278539 1.000000
vt 0.278539 0.000000
vt 0.283105 1.000000
vt 0.283105 0.000000
vt 0.287671 1.000000
vt 0.287671 0.000000
vt 0.292237 1.000000
vt 0.292237 0.000000
vt 0.296804 1.000000
vt 0.296804 0.000000
vt 0.301370 1.000000
vt 0.301370 0.000000
vt 0.305936 1.000000
vt 0.305936 0.000000
vt 0.310502 1.000000
vt 0.310502 0.000000
vt 0.315068 1.000000
vt 0.315068 0.000000
vt 0.319635 1.000000
vt 0.319635 0.000000
vt 0.324201 1.000000
vt 0.324201 0.000000
vt 0.328767 1.000000
vt 0.328767 0.000000
vt 0.333333 1.000000
vt 0.337900 1.000000
vt 0.337900 0.000000
vt 0.342466 1.000000
vt 0.342466 0.000000
vt 0.347032 1.000000
vt 0.347032 0.000000
vt 0.351598 1.000000
vt 0.351598 0.000000
vt 0.356164 1.000000
vt 0.356164 0.000000
vt 0.360731 1.000000
vt 0.360731 0.000000
vt 0.365297 1.000000
vt 0.365297 0.000000
vt 0.369863 1.000000
vt 0.369863 0.000000
vt 0.374429 1.000000
vt 0.374429 0.000000
vt 0.378995 1.000000
vt 0.378995 0.000000
vt 0.383562 1.000000
vt 0.383562 0.000000
vt 0.388128 1.000000
vt 0.388128 0.000000
vt 0.392694 1.000000
vt 0.392694 0.000000
vt 0.397260 1.000000
vt 0.397260 0.000000
vt 0.401826 1.000000
vt 0.401826 0.000000
vt 0.406393 1.000000
vt 0.406393 0.000000
vt 0.410959 1.000000
vt 0.410959 0.000000
vt 0.415525 1.000000
vt 0.415525 0.000000
vt 0.420091 1.000000
vt 0.420091 0.000000
vt 0.424658 1.000000
vt 0.424658 0.000000
vt 0.429224 1.000000
vt 0.429224 0.000000
vt 0.433790 1.000000
vt 0.433790 0.000000
vt 0.438356 1.000000
vt 0.438356 0.000000
vt 0.442922 1.000000
vt 0.442922 0.000000
vt 0.447489 1.000000
vt 0.447489 0.000000
vt 0.452055 1.000000
vt 0.452055 0.000000
vt 0.456621 1.000000
vt 0.456621 0.000000
vt 0.461187 1.000000
vt 0.461187 0.000000
vt 0.465753 1.000000
vt 0.465753 0.000000
vt 0.470320 1.000000
vt 0.470320 0.000000
vt 0.474886 1.000000
vt 0.474886 0.000000
vt 0.479452 1.000000
vt 0.479452 0.000000
vt 0.484018 1.000000
vt 0.484018 0.000000
vt 0.488584 1.000000
vt 0.488584 0.000000
vt 0.493151 1.000000
vt 0.493151 0.000000
vt 0.497717 1.000000
vt 0.497717 0.000000
vt 0.502283 1.000000
vt 0.502283 0.000000
vt 0.506849 1.000000
vt 0.506849 0.000000
vt 0.511416 1.000000
vt 0.511416 0.000000
vt 0.515982 1.000000
vt 0.515982 0.000000
vt 0.520548 1.000000
vt 0.520548 0.000000
vt 0.525114 1.000000
vt 0.525114 0.000000
vt 0.529680 1.000000
vt 0.529680 0.000000
vt 0.534247 1.000000
vt 0.534247 0.000000
vt 0.538813 1.000000
vt 0.538813 0.000000
vt 0.543379 1.000000
vt 0.543379 0.000000
vt 0.547945 1.000000
vt 0.547945 0.000000
vt 0.552511 1.000000
vt 0.552511 0.000000
vt 0.557078 1.000000
vt 0.557078 0.000000
vt 0.561644 1.000000
vt 0.561644 0.000000
vt 0.566210 1.000000
vt 0.566210 0.000000
vt 0.570776 1.000000
vt 0.570776 0.000000
vt 0.575342 1.000000
vt 0.575342 0.000000
vt 0.579909 1.000000
vt 0.579909 0.000000
vt 0.584475 1.000000
vt 0.584475 0.000000
vt 0.589041 1.000000
vt 0.589041 0.000000
vt 0.593607 1.000000
vt 0.593607 0.000000
vt 0.598173 1.000000
vt 0.598173 0.000000
vt 0.602740 1.000000
vt 0.602740 0.000000
vt 0.607306 1.000000
vt 0.607306 0.000000
vt 0.611872 1.000000
vt 0.611872 0.000000
vt 0.616438 1.000000
vt 0.616438 0.000000
vt 0.621005 1.000000
vt 0.621005 0.000000
vt 0.625571 1.000000
vt 0.625571 0.000000
vt 0.630137 1.000000
vt 0.630137 0.000000
vt 0.634703 1.000000
vt 0.634703 0.000000
vt 0.639269 1.000000
vt 0.639269 0.000000
vt 0.643836 1.000000
vt 0.643836 0.000000
vt 0.648402 1.000000
vt 0.648402 0.000000
vt 0.652968 1.000000
vt 0.652968 0.000000
vt 0.657534 1.000000
vt 0.657534 0.000000
vt 0.662100 1.000000
vt 0.662100 0.000000
vt 0.666667 1.000000
vt 0.671233 1.000000
vt 0.671233 0.000000
vt 0.675799 1.000000
vt 0.675799 0.000000
vt 0.680365 1.000000
vt 0.680365 0.000000
vt 0.684932 1.000000
vt 0.684932 0.000000
vt 0.689498 1.000000
vt 0.689498 0.000000
vt 0.694064 1.000000
vt 0.694064 0.000000
vt 0.698630 1.000000
vt 0.698630 0.000000
vt 0.703196 1.000000
vt 0.703196 0.000000
vt 0.707763 1.000000
vt 0.707763 0.000000
vt 0.712329 1.000000
vt 0.712329 0.000000
vt 0.716895 1.000000
vt 0.716895 0.000000
vt 0.721461 1.000000
vt 0.721461 0.000000
vt 0.726027 1.000000
vt 0.726027 0.000000
vt 0.730594 1.000000
vt 0.730594 0.000000
vt 0.735160 1.000000
vt 0.735160 0.000000
vt 0.739726 1.000000
vt 0.739726 0.000000
vt 0.744292 1.000000
vt 0.744292 0.000000
vt 0.748858 1.000000
vt 0.748858 0.000000
vt 0.753425 1.000000
vt 0.753425 0.000000
vt 0.757991 1.000000
vt 0.757991 0.000000
vt 0.762557 1.000000
vt 0.762557 0.000000
vt 0.767123 1.000000
vt 0.767123 0.000000
vt 0.771689 1.000000
vt 0.771689 0.000000
vt 0.776256 1.000000
vt 0.776256 0.000000
vt 0.780822 1.000000
vt 0.780822 0.000000
vt 0.785388 1.000000
vt 0.785388 0.000000
vt 0.789954 1.000000
vt 0.789954 0.000000
vt 0.794521 1.000000
vt 0.794521 0.000000
vt 0.799087 1.000000
vt 0.799087 0.000000
vt 0.803653 1.000000
vt 0.803653 0.000000
vt 0.808219 1.000000
vt 0.808219 0.000000
vt 0.812785 1.000000
vt 0.812785 0.000000
vt 0.817352 1.000000
vt 0.817352 0.000000
vt 0.821918 1.000000
vt 0.821918 0.000000
vt 0.826484 1.000000
vt 0.826484 0.000000
vt 0.831050 1.000000
vt 0.831050 0.000000
vt 0.835616 1.000000
vt 0.835616 0.000000
vt 0.840183 1.000000
vt 0.840183 0.000000
vt 0.844749 1.000000
vt 0.844749 0.000000
vt 0.849315 1.000000
vt 0.849315 0.000000
vt 0.853881 1.000000
vt 0.853881 0.000000
vt 0.858447 1.000000
vt 0.858447 0.000000
vt 0.863014 1.000000
vt 0.863014 0.000000
vt 0.867580 1.000000
vt 0.867580 0.000000
vt 0.872146 1.000000
vt 0.872146 0.000000
vt 0.876712 1.000000
vt 0.876712 0.000000
vt 0.881279 1.000000
vt 0.881279 0.000000
vt 0.885845 1.000000
vt 0.885845 0.000000
vt 0.890411 1.000000
vt 0.890411 0.000000
vt 0.894977 1.000000
vt 0.894977 0.000000
vt 0.899543 1.000000
vt 0.899543 0.000000
vt 0.904110 1.000000
vt 0.904110 0.000000
vt 0.908676 1.000000
vt 0.908676 0.000000
vt 0.913242 1.000000
vt 0.913242 0.000000
vt 0.917808 1.000000
vt 0.917808 0.000000
vt 0.922374 1.000000
vt 0.922374 0.000000
vt 0.926941 1.000000
vt 0.926941 0.000000
vt 0.931507 1.000000
vt 0.931507 0.000000
vt 0.936073 1.000000
vt 0.936073 0.000000
vt 0.940639 1.000000
vt 0.940639 0.000000
vt 0.945205 1.000000
vt 0.945205 0.000000
vt 0.949772 1.000000
vt 0.949772 0.000000
vt 0.954338 1.000000
vt 0.954338 0.000000
vt 0.958904 1.000000
vt 0.958904 0.000000
vt 0.963470 1.000000
vt 0.963470 0.000000
vt 0.968037 1.000000
vt 0.968037 0.000000
vt 0.972603 1.000000
vt 0.972603 0.000000
vt 0.977169 1.000000
vt 0.977169 0.000000
vt 0.981735 1.000000
vt 0.981735 0.000000
vt 0.986301 1.000000
vt 0.986301 0.000000
vt 0.990868 1.000000
vt 0.990868 0.000000
vt 0.995434 1.000000
vt 0.995434 0.000000
vt 0.006369 1.000000
vt 0.006369 0.000000
vt 0.012739 1.000000
vt 0.012739 0.000000
vt 0.019108 1.000000
vt 0.019108 0.000000
vt 0.025478 1.000000
vt 0.025478 0.000000
vt 0.031847 1.000000
vt 0.031847 0.000000
vt 0.038217 1.000000
vt 0.038217 0.000000
vt 0.044586 1.000000
vt 0.044586 0.000000
vt 0.050955 1.000000
vt 0.050955 0.000000
vt 0.057325 1.000000
vt 0.057325 0.000000
vt 0.063694 1.000000
vt 0.063694 0.000000
vt 0.070064 1.000000
vt 0.070064 0.000000
vt 0.076433 1.000000
vt 0.076433 0.000000
vt 0.082803 1.000000
vt 0.082803 0.000000
vt 0.089172 1.000000
vt 0.089172 0.000000
vt 0.095541 1.000000
vt 0.095541 0.000000
vt 0.101911 1.000000
vt 0.101911 0.000000
vt 0.108280 1.000000
vt 0.108280 0.000000
vt 0.114650 1.000000
vt 0.114650 0.000000
vt 0.121019 1.000000
vt 0.121019 0.000000
vt 0.127389 1.000000
vt 0.127389 0.000000
vt 0.133758 1.000000
vt 0.133758 0.000000
vt 0.140127 1.000000
vt 0.140127 0.000000
vt 0.146497 1.000000
vt 0.146497 0.000000
vt 0.152866 1.000000
vt 0.152866 0.000000
vt 0.159236 1.000000
vt 0.159236 0.000000
vt 0.165605 1.000000
vt 0.165605 0.000000
vt 0.171975 1.000000
vt 0.171975 0.000000
vt 0.178344 1.000000
vt 0.178344 0.000000
vt 0.184713 1.000000
vt 0.184713 0.000000
vt 0.191083 1.000000
vt 0.191083 0.000000
vt 0.197452 1.000000
vt 0.197452 0.000000
vt 0.203822 1.000000
vt 0.203822 0.000000
vt 0.210191 1.000000
vt 0.210191 0.000000
vt 0.216561 1.000000
vt 0.216561 0.000000
vt 0.222930 1.000000
vt 0.222930 0.000000
vt 0.229299 1.000000
vt 0.229299 0.000000
vt 0.235669 1.000000
vt 0.235669 0.000000
vt 0.242038 1.000000
vt 0.242038 0.000000
vt 0.248408 1.000000
vt 0.248408 0.000000
vt 0.254777 1.000000
vt 0.254777 0.000000
vt 0.261146 1.000000
vt 0.261146 0.000000
vt 0.267516 1.000000
vt 0.267516 0.000000
vt 0.273885 1.000000
vt 0.273885 0.000000
vt 0.280255 1.000000
vt 0.280255 0.000000
vt 0.286624 1.000000
vt 0.286624 0.000000
vt 0.292994 1.000000
vt 0.292994 0.000000
vt 0.299363 1.000000
vt 0.299363 0.000000
vt 0.305732 1.000000
vt 0.305732 0.000000
vt 0.312102 1.000000
vt 0.312102 0.000000
vt 0.318471 1.000000
vt 0.318471 0.000000
vt 0.324841 1.000000
vt 0.324841 0.000000
vt 0.331210 1.000000
vt 0.331210 0.000000
vt 0.337580 1.000000
vt 0.337580 0.000000
vt 0.343949 1.000000
vt 0.343949 0.000000
vt 0.350318 1.000000
vt 0.350318 0.000000
vt 0.356688 1.000000
vt 0.356688 0.000000
vt 0.363057 1.000000
vt 0.363057 0.000000
vt 0.369427 1.000000
vt 0.369427 0.000000
vt 0.375796 1.000000
vt 0.375796 0.000000
vt 0.382166 1.000000
vt 0.382166 0.000000
vt 0.388535 1.000000
vt 0.388535 0.000000
vt 0.394904 1.000000
vt 0.394904 0.000000
vt 0.401274 1.000000
vt 0.401274 0.000000
vt 0.407643 1.000000
vt 0.407643 0.000000
vt 0.414013 1.000000
vt 0.414013 0.000000
vt 0.420382 1.000000
vt 0.420382 0.000000
vt 0.426752 1.000000
vt 0.426752 0.000000
vt 0.433121 1.000000
vt 0.433121 0.000000
vt 0.439490 1.000000
vt 0.439490 0.000000
vt 0.445860 1.000000
vt 0.445860 0.000000
vt 0.452229 1.000000
vt 0.452229 0.000000
vt 0.458599 1.000000
vt 0.458599 0.000000
vt 0.464968 1.000000
vt 0.464968 0.000000
vt 0.471338 1.000000
vt 0.471338 0.000000
vt 0.477707 1.000000
vt 0.477707 0.000000
vt 0.484076 1.000000
vt 0.484076 0.000000
vt 0.490446 1.000000
vt 0.490446 0.000000
vt 0.496815 1.000000
vt 0.496815 0.000000
vt 0.503185 1.000000
vt 0.503185 0.000000
vt 0.509554 1.000000
vt 0.509554 0.000000
vt 0.515924 1.000000
vt 0.515924 0.000000
vt 0.522293 1.000000
vt 0.522293 0.000000
vt 0.528662 1.000000
vt 0.528662 0.000000
vt 0.535032 1.000000
vt 0.535032 0.000000
vt 0.541401 1.000000
vt 0.541401 0.000000
vt 0.547771 1.000000
vt 0.547771 0.000000
vt 0.554140 1.000000
vt 0.554140 0.000000
vt 0.560510 1.000000
vt 0.560510 0.000000
vt 0.566879 1.000000
vt 0.566879 0.000000
vt 0.573248 1.000000
vt 0.573248 0.000000
vt 0.579618 1.000000
vt 0.579618 0.000000
vt 0.585987 1.000000
vt 0.585987 0.000000
vt 0.592357 1.000000
vt 0.592357 0.000000
vt 0.598726 1.000000
vt 0.598726 0.000000
vt 0.605096 1.000000
vt 0.605096 0.000000
vt 0.611465 1.000000
vt 0.611465 0.000000
vt 0.617834 1.000000
vt 0.617834 0.000000
vt 0.624204 1.000000
vt 0.624204 0.000000
vt 0.630573 1.000000
vt 0.630573 0.000000
vt 0.636943 1.000000
vt 0.636943 0.000000
vt 0.643312 1.000000
vt 0.643312 0.000000
vt 0.649682 1.000000
vt 0.649682 0.000000
vt 0.656051 1.000000
vt 0.656051 0.000000
vt 0.662420 1.000000
vt 0.662420 0.000000
vt 0.668790 1.000000
vt 0.668790 0.000000
vt 0.675159 1.000000
vt 0.675159 0.000000
vt 0.681529 1.000000
vt 0.681529 0.000000
vt 0.687898 1.000000
vt 0.687898 0.000000
vt 0.694268 1.000000
vt 0.694268 0.000000
vt 0.700637 1.000000
vt 0.700637 0.000000
vt 0.707006 1.000000
vt 0.707006 0.000000
vt 0.713376 1.000000
vt 0.713376 0.000000
vt 0.719745 1.000000
vt 0.719745 0.000000
vt 0.726115 1.000000
vt 0.726115 0.000000
vt 0.732484 1.000000
vt 0.732484 0.000000
vt 0.738854 1.000000
vt 0.738854 0.000000
vt 0.745223 1.000000
vt 0.745223 0.000000
vt 0.751592 1.000000
vt 0.751592 0.000000
vt 0.757962 1.000000
vt 0.757962 0.000000
vt 0.764331 1.000000
vt 0.764331 0.000000
vt 0.770701 1.000000
vt 0.770701 0.000000
vt 0.777070 1.000000
vt 0.777070 0.000000
vt 0.783440 1.000000
vt 0.783440 0.000000
vt 0.789809 1.000000
vt 0.789809 0.000000
vt 0.796178 1.000000
vt 0.796178 0.000000
vt 0.802548 1.000000
vt 0.802548 0.000000
vt 0.808917 1.000000
vt 0.808917 0.000000
vt 0.815287 1.000000
vt 0.815287 0.000000
vt 0.821656 1.000000
vt 0.821656 0.000000
vt 0.828025 1.000000
vt 0.828025 0.000000
vt 0.834395 1.000000
vt 0.834395 0.000000
vt 0.840764 1.000000
vt 0.840764 0.000000
vt 0.847134 1.000000
vt 0.847134 0.000000
vt 0.853503 1.000000
vt 0.853503 0.000000
vt 0.859873 1.000000
vt 0.859873 0.000000
vt 0.866242 1.000000
vt 0.866242 0.000000
vt 0.872611 1.000000
vt 0.872611 0.000000
vt 0.878981 1.000000
vt 0.878981 0.000000
vt 0.885350 1.000000
vt 0.885350 0.000000
vt 0.891720 1.000000
vt 0.891720 0.000000
vt 0.898089 1.000000
vt 0.898089 0.000000
vt 0.904459 1.000000
vt 0.904459 0.000000
vt 0.910828 1.000000
vt 0.910828 0.000000
vt 0.917197 1.000000
vt 0.917197 0.000000
vt 0.923567 1.000000
vt 0.923567 0.000000
vt 0.929936 1.000000
vt 0.929936 0.000000
vt 0.936306 1.000000
vt 0.936306 0.000000
vt 0.942675 1.000000
vt 0.942675 0.000000
vt 0.949045 1.000000
vt 0.949045 0.000000
vt 0.955414 1.000000
vt 0.955414 0.000000
vt 0.961783 1.000000
vt 0.961783 0.000000
vt 0.968153 1.000000
vt 0.968153 0.000000
vt 0.974522 1.000000
vt 0.974522 0.000000
vt 0.980892 1.000000
vt 0.980892 0.000000
vt 0.987261 1.000000
vt 0.987261 0.000000
vt 0.993631 1.000000
vt 0.993631 0.000000
vt 0.010417 1.000000
vt 0.010417 0.000000
vt 0.020833 1.000000
vt 0.020833 0.000000
vt 0.031250 1.000000
vt 0.031250 0.000000
vt 0.041667 1.000000
vt 0.041667 0.000000
vt 0.052083 1.000000
vt 0.052083 0.000000
vt 0.062500 1.000000
vt 0.062500 0.000000
vt 0.072917 1.000000
vt 0.072917 0.000000
vt 0.083333 1.000000
vt 0.093750 1.000000
vt 0.093750 0.000000
vt 0.104167 1.000000
vt 0.104167 0.000000
vt 0.114583 1.000000
vt 0.114583 0.000000
vt 0.125000 1.000000
vt 0.125000 0.000000
vt 0.135417 1.000000
vt 0.135417 0.000000
vt 0.145833 1.000000
vt 0.145833 0.000000
vt 0.156250 1.000000
vt 0.156250 0.000000
vt 0.166667 1.000000
vt 0.177083 1.000000
vt 0.177083 0.000000
vt 0.187500 1.000000
vt 0.187500 0.000000
vt 0.197917 1.000000
vt 0.197917 0.000000
vt 0.208333 1.000000
vt 0.208333 0.000000
vt 0.218750 1.000000
vt 0.218750 0.000000
vt 0.229167 1.000000
vt 0.229167 0.000000
vt 0.239583 1.000000
vt 0.239583 0.000000
vt 0.250000 1.000000
vt 0.260417 1.000000
vt 0.260417 0.000000
vt 0.270833 1.000000
vt 0.270833 0.000000
vt 0.281250 1.000000
vt 0.281250 0.000000
vt 0.291667 1.000000
vt 0.291667 0.000000
vt 0.302083 1.000000
vt 0.302083 0.000000
vt 0.312500 1.000000
vt 0.312500 0.000000
vt 0.322917 1.000000
vt 0.322917 0.000000
vt 0.343750 1.000000
vt 0.343750 0.000000
vt 0.354167 1.000000
vt 0.354167 0.000000
vt 0.364583 1.000000
vt 0.364583 0.000000
vt 0.375000 1.000000
vt 0.375000 0.000000
vt 0.385417 1.000000
vt 0.385417 0.000000
vt 0.395833 1.000000
vt 0.395833 0.000000
vt 0.406250 1.000000
vt 0.406250 0.000000
vt 0.416667 1.000000
vt 0.427083 1.000000
vt 0.427083 0.000000
vt 0.437500 1.000000
vt 0.437500 0.000000
vt 0.447917 1.000000
vt 0.447917 0.000000
vt 0.458333 1.000000
vt 0.458333 0.000000
vt 0.468750 1.000000
vt 0.468750 0.000000
vt 0.479167 1.000000
vt 0.479167 0.000000
vt 0.489583 1.000000
vt 0.489583 0.000000
vt 0.510417 1.000000
vt 0.510417 0.000000
vt 0.520833 1.000000
vt 0.520833 0.000000
vt 0.531250 1.000000
vt 0.531250 0.000000
vt 0.541667 1.000000
vt 0.541667 0.000000
vt 0.552083 1.000000
vt 0.552083 0.000000
vt 0.562500 1.000000
vt 0.562500 0.000000
vt 0.572917 1.000000
vt 0.572917 0.000000
vt 0.583333 1.000000
vt 0.593750 1.000000
vt 0.593750 0.000000
vt 0.604167 1.000000
vt 0.604167 0.000000
vt 0.614583 1.000000
vt 0.614583 0.000000
vt 0.625000 1.000000
vt 0.625000 0.000000
vt 0.635417 1.000000
vt 0.635417 0.000000
vt 0.645833 1.000000
vt 0.645833 0.000000
vt 0.656250 1.000000
vt 0.656250 0.000000
vt 0.677083 1.000000
vt 0.677083 0.000000
vt 0.687500 1.000000
vt 0.687500 0.000000
vt 0.697917 1.000000
vt 0.697917 0.000000
vt 0.708333 1.000000
vt 0.708333 0.000000
vt 0.718750 1.000000
vt 0.718750 0.000000
vt 0.729167 1.000000
vt 0.729167 0.000000
vt 0.739583 1.000000
vt 0.739583 0.000000
vt 0.750000 1.000000
vt 0.760417 1.000000
vt 0.760417 0.000000
vt 0.770833 1.000000
vt 0.770833 0.000000
vt 0.781250 1.000000
vt 0.781250 0.000000
vt 0.791667 1.000000
vt 0.791667 0.000000
vt 0.802083 1.000000
vt 0.802083 0.000000
vt 0.812500 1.000000
vt 0.812500 0.000000
vt 0.822917 1.000000
vt 0.822917 0.000000
vt 0.833333 1.000000
vt 0.843750 1.000000
vt 0.843750 0.000000
vt 0.854167 1.000000
vt 0.854167 0.000000
vt 0.864583 1.000000
vt 0.864583 0.000000
vt 0.875000 1.000000
vt 0.875000 0.000000
vt 0.885417 1.000000
vt 0.885417 0.000000
vt 0.895833 1.000000
vt 0.895833 0.000000
vt 0.906250 1.000000
vt 0.906250 0.000000
vt 0.916667 1.000000
vt 0.927083 1.000000
vt 0.927083 0.000000
vt 0.937500 1.000000
vt 0.937500 0.000000
vt 0.947917 1.000000
vt 0.947917 0.000000
vt 0.958333 1.000000
vt 0.958333 0.000000
vt 0.968750 1.000000
vt 0.968750 0.000000
vt 0.979167 1.000000
vt 0.979167 0.000000
vt 0.989583 1.000000
vt 0.989583 0.000000
s 0
f 108/1/1 110/2/1 109/3/1
f 108/1/1 111/4/1 110/2/1
f 107/5/1 111/4/1 108/1/1
f 107/5/1 112/6/1 111/4/1
f 106/7/1 112/6/1 107/5/1
f 106/7/1 113/8/1 112/6/1
f 105/9/1 113/8/1 106/7/1
f 105/9/1 114/10/1 113/8/1
f 104/11/1 114/10/1 105/9/1
f 104/11/1 115/12/1 114/10/1
f 103/13/1 115/12/1 104/11/1
f 103/13/1 116/14/1 115/12/1
f 102/15/1 116/14/1 103/13/1
f 102/15/1 117/16/1 116/14/1
f 101/17/1 117/16/1 102/15/1
f 101/17/1 118/18/1 117/16/1
f 100/19/1 118/18/1 101/17/1
f 100/19/1 119/20/1 118/18/1
f 99/21/1 119/20/1 100/19/1
f 99/21/1 120/22/1 119/20/1
f 98/23/1 120/22/1 99/21/1
f 98/23/1 121/24/1 120/22/1
f 97/25/1 121/24/1 98/23/1
f 97/25/1 122/26/1 121/24/1
f 192/27/1 122/26/1 97/25/1
f 192/27/1 123/28/1 122/26/1
f 191/29/1 123/28/1 192/27/1
f 191/29/1 124/30/1 123/28/1
f 190/31/1 124/30/1 191/29/1
f 190/31/1 125/32/1 124/30/1
f 189/33/1 125/32/1 190/31/1
f 189/33/1 126/34/1 125/32/1
f 188/35/1 126/34/1 189/33/1
f 188/35/1 127/36/1 126/34/1
f 187/37/1 127/36/1 188/35/1
f 187/37/1 128/38/1 127/36/1
f 186/39/1 128/38/1 187/37/1
f 186/39/1 129/40/1 128/38/1
f 185/41/1 129/40/1 186/39/1
f 185/41/1 130/42/1 129/40/1
f 184/43/1 130/42/1 185/41/1
f 184/43/1 131/44/1 130/42/1
f 183/45/1 131/44/1 184/43/1
f 183/45/1 132/46/1 131/44/1
f 182/47/1 132/46/1 183/45/1
f 182/47/1 133/48/1 132/46/1
f 181/49/1 133/48/1 182/47/1
f 181/49/1 134/50/1 133/48/1
f 180/51/1 134/50/1 181/49/1
f 180/51/1 135/52/1 134/50/1
f 179/53/1 135/52/1 180/51/1
f 179/53/1 136/54/1 135/52/1
f 178/55/1 136/54/1 179/53/1
f 178/55/1 137/56/1 136/54/1
f 177/57/1 137/56/1 178/55/1
f 177/57/1 138/58/1 137/56/1
f 176/59/1 138/58/1 177/57/1
f 176/59/1 139/60/1 138/58/1
f 175/61/1 139/60/1 176/59/1
f 175/61/1 140/62/1 139/60/1
f 174/63/1 140/62/1 175/61/1
f 174/63/1 141/64/1 140/62/1
f 173/65/1 141/64/1 174/63/1
f 173/65/1 142/66/1 141/64/1
f 172/67/1 142/66/1 173/65/1
f 172/67/1 143/68/1 142/66/1
f 171/69/1 143/68/1 172/67/1
f 171/69/1 144/70/1 143/68/1
f 170/71/1 144/70/1 171/69/1
f 170/71/1 145/72/1 144/70/1
f 169/73/1 145/72/1 170/71/1
f 168/74/1 145/72/1 169/73/1
f 168/74/1 146/75/1 145/72/1
f 168/74/1 147/76/1 146/75/1
f 167/77/1 147/76/1 168/74/1
f 167/77/1 148/78/1 147/76/1
f 166/79/1 148/78/1 167/77/1
f 166/79/1 149/80/1 148/78/1
f 165/81/1 149/80/1 166/79/1
f 165/81/1 150/82/1 149/80/1
f 164/83/1 150/82/1 165/81/1
f 164/83/1 151/84/1 150/82/1
f 163/85/1 151/84/1 164/83/1
f 163/85/1 152/86/1 151/84/1
f 162/87/1 152/86/1 163/85/1
f 162/87/1 153/88/1 152/86/1
f 161/89/1 153/88/1 162/87/1
f 161/89/1 154/90/1 153/88/1
f 160/91/1 154/90/1 161/89/1
f 160/91/1 155/92/1 154/90/1
f 159/93/1 155/92/1 160/91/1
f 159/93/1 156/94/1 155/92/1
f 158/95/1 156/94/1 159/93/1
f 158/95/1 157/96/1 156/94/1
f 12/97/1 14/98/1 13/99/1
f 12/97/1 15/100/1 14/98/1
f 11/101/1 15/100/1 12/97/1
f 11/101/1 16/102/1 15/100/1
f 10/103/1 16/102/1 11/101/1
f 9/104/1 16/102/1 10/103/1
f 9/104/1 17/105/1 16/102/1
f 8/106/1 17/105/1 9/104/1
f 8/106/1 18/107/1 17/105/1
f 7/108/1 18/107/1 8/106/1
f 7/108/1 19/109/1 18/107/1
f 6/110/1 19/109/1 7/108/1
f 6/110/1 20/111/1 19/109/1
f 5/112/1 20/111/1 6/110/1
f 5/112/1 21/113/1 20/111/1
f 4/114/1 21/113/1 5/112/1
f 4/114/1 22/115/1 21/113/1
f 3/116/1 22/115/1 4/114/1
f 3/116/1 23/117/1 22/115/1
f 2/118/1 23/117/1 3/116/1
f 2/118/1 24/119/1 23/117/1
f 1/120/1 24/119/1 2/118/1
f 1/120/1 25/121/1 24/119/1
f 96/122/1 25/121/1 1/120/1
f 96/122/1 26/123/1 25/121/1
f 95/124/1 26/123/1 96/122/1
f 95/124/1 27/125/1 26/123/1
f 94/126/1 27/125/1 95/124/1
f 94/126/1 28/127/1 27/125/1
f 93/128/1 28/127/1 94/126/1
f 93/128/1 29/129/1 28/127/1
f 92/130/1 29/129/1 93/128/1
f 92/130/1 30/131/1 29/129/1
f 91/132/1 30/131/1 92/130/1
f 91/132/1 31/133/1 30/131/1
f 90/134/1 31/133/1 91/132/1
f 90/134/1 32/135/1 31/133/1
f 89/136/1 32/135/1 90/134/1
f 89/136/1 33/137/1 32/135/1
f 88/138/1 33/137/1 89/136/1
f 88/138/1 34/139/1 33/137/1
f 87/140/1 34/139/1 88/138/1
f 87/140/1 35/141/1 34/139/1
f 86/142/1 35/141/1 87/140/1
f 86/142/1 36/143/1 35/141/1
f 85/144/1 36/143/1 86/142/1
f 85/144/1 37/145/1 36/143/1
f 84/146/1 37/145/1 85/144/1
f 84/146/1 38/147/1 37/145/1
f 83/148/1 38/147/1 84/146/1
f 83/148/1 39/149/1 38/147/1
f 82/150/1 39/149/1 83/148/1
f 82/150/1 40/151/1 39/149/1
f 81/152/1 40/151/1 82/150/1
f 81/152/1 41/153/1 40/151/1
f 80/154/1 41/153/1 81/152/1
f 80/154/1 42/155/1 41/153/1
f 79/156/1 42/155/1 80/154/1
f 79/156/1 43/157/1 42/155/1
f 78/158/1 43/157/1 79/156/1
f 78/158/1 44/159/1 43/157/1
f 77/160/1 44/159/1 78/158/1
f 77/160/1 45/161/1 44/159/1
f 76/162/1 45/161/1 77/160/1
f 76/162/1 46/163/1 45/161/1
f 75/164/1 46/163/1 76/162/1
f 75/164/1 47/165/1 46/163/1
f 74/166/1 47/165/1 75/164/1
f 74/166/1 48/167/1 47/165/1
f 73/168/1 48/167/1 74/166/1
f 73/168/1 49/169/1 48/167/1
f 72/170/1 49/169/1 73/168/1
f 72/170/1 50/171/1 49/169/1
f 71/172/1 50/171/1 72/170/1
f 71/172/1 51/173/1 50/171/1
f 70/174/1 51/173/1 71/172/1
f 70/174/1 52/175/1 51/173/1
f 69/176/1 52/175/1 70/174/1
f 69/176/1 53/177/1 52/175/1
f 69/176/1 54/178/1 53/177/1
f 68/179/1 54/178/1 69/176/1
f 68/179/1 55/180/1 54/178/1
f 67/181/1 55/180/1 68/179/1
f 67/181/1 56/182/1 55/180/1
f 66/183/1 56/182/1 67/181/1
f 66/183/1 57/184/1 56/182/1
f 65/185/1 57/184/1 66/183/1
f 65/185/1 58/186/1 57/184/1
f 64/187/1 58/186/1 65/185/1
f 64/187/1 59/188/1 58/186/1
f 63/189/1 59/188/1 64/187/1
f 63/189/1 60/190/1 59/188/1
f 62/191/1 60/190/1 63/189/1
f 62/191/1 61/192/1 60/190/1
f 193/120/1 195/193/1 194/194/1
f 193/120/1 350/195/1 195/193/1
f 350/195/1 196/196/1 195/193/1
f 193/120/1 351/197/1 350/195/1
f 352/27/1 196/196/1 350/195/1
f 193/120/1 352/27/1 351/197/1
f 193/120/1 262/198/1 352/27/1
f 262/198/1 261/199/1 352/27/1
f 261/199/1 196/196/1 352/27/1
f 193/120/1 263/200/1 262/198/1
f 260/201/1 196/196/1 261/199/1
f 259/202/1 196/196/1 260/201/1
f 259/202/1 197/203/1 196/196/1
f 258/204/1 197/203/1 259/202/1
f 258/204/1 198/205/1 197/203/1
f 193/120/1 264/206/1 263/200/1
f 257/207/1 198/205/1 258/204/1
f 193/120/1 265/208/1 264/206/1
f 349/209/1 265/208/1 193/120/1
f 256/210/1 198/205/1 257/207/1
f 256/210/1 199/211/1 198/205/1
f 349/209/1 266/212/1 265/208/1
f 348/213/1 266/212/1 349/209/1
f 255/214/1 199/211/1 256/210/1
f 348/213/1 267/215/1 266/212/1
f 347/216/1 267/215/1 348/213/1
f 255/214/1 200/217/1 199/211/1
f 254/218/1 200/217/1 255/214/1
f 347/216/1 268/219/1 267/215/1
f 346/220/1 268/219/1 347/216/1
f 346/220/1 269/221/1 268/219/1
f 253/222/1 200/217/1 254/218/1
f 253/222/1 201/223/1 200/217/1
f 345/224/1 269/221/1 346/220/1
f 345/224/1 270/225/1 269/221/1
f 252/226/1 201/223/1 253/222/1
f 345/224/1 271/227/1 270/225/1
f 344/228/1 271/227/1 345/224/1
f 251/229/1 201/223/1 252/226/1
f 251/229/1 202/230/1 201/223/1
f 344/228/1 272/231/1 271/227/1
f 250/232/1 202/230/1 251/229/1
f 343/233/1 272/231/1 344/228/1
f 343/233/1 273/234/1 272/231/1
f 249/235/1 202/230/1 250/232/1
f 343/233/1 274/236/1 273/234/1
f 342/237/1 274/236/1 343/233/1
f 249/235/1 203/238/1 202/230/1
f 342/237/1 275/239/1 274/236/1
f 248/240/1 203/238/1 249/235/1
f 342/237/1 276/241/1 275/239/1
f 341/242/1 276/241/1 342/237/1
f 247/243/1 203/238/1 248/240/1
f 341/242/1 277/244/1 276/241/1
f 246/245/1 203/238/1 247/243/1
f 246/245/1 204/246/1 203/238/1
f 340/247/1 277/244/1 341/242/1
f 340/247/1 278/248/1 277/244/1
f 340/247/1 279/249/1 278/248/1
f 245/250/1 204/246/1 246/245/1
f 339/251/1 279/249/1 340/247/1
f 339/251/1 280/252/1 279/249/1
f 244/253/1 204/246/1 245/250/1
f 244/253/1 205/254/1 204/246/1
f 338/255/1 280/252/1 339/251/1
f 338/255/1 281/256/1 280/252/1
f 243/257/1 205/254/1 244/253/1
f 338/255/1 282/258/1 281/256/1
f 337/259/1 282/258/1 338/255/1
f 242/260/1 205/254/1 243/257/1
f 337/259/1 283/261/1 282/258/1
f 242/260/1 206/262/1 205/254/1
f 336/263/1 283/261/1 337/259/1
f 336/263/1 284/264/1 283/261/1
f 241/265/1 206/262/1 242/260/1
f 335/266/1 284/264/1 336/263/1
f 335/266/1 285/267/1 284/264/1
f 240/268/1 206/262/1 241/265/1
f 334/269/1 285/267/1 335/266/1
f 240/268/1 207/270/1 206/262/1
f 334/269/1 286/271/1 285/267/1
f 239/272/1 207/270/1 240/268/1
f 334/269/1 287/273/1 286/271/1
f 333/274/1 287/273/1 334/269/1
f 238/275/1 207/270/1 239/272/1
f 333/274/1 288/276/1 287/273/1
f 238/275/1 208/277/1 207/270/1
f 332/278/1 288/276/1 333/274/1
f 332/278/1 289/279/1 288/276/1
f 237/280/1 208/277/1 238/275/1
f 331/281/1 289/279/1 332/278/1
f 237/280/1 209/282/1 208/277/1
f 331/281/1 290/283/1 289/279/1
f 330/284/1 290/283/1 331/281/1
f 236/285/1 209/282/1 237/280/1
f 330/284/1 291/286/1 290/283/1
f 329/287/1 291/286/1 330/284/1
f 236/285/1 210/288/1 209/282/1
f 235/289/1 210/288/1 236/285/1
f 329/287/1 292/290/1 291/286/1
f 328/291/1 292/290/1 329/287/1
f 328/291/1 293/292/1 292/290/1
f 234/293/1 210/288/1 235/289/1
f 234/293/1 211/294/1 210/288/1
f 327/295/1 293/292/1 328/291/1
f 327/295/1 294/296/1 293/292/1
f 233/297/1 211/294/1 234/293/1
f 326/298/1 294/296/1 327/295/1
f 233/297/1 212/299/1 211/294/1
f 326/298/1 295/300/1 294/296/1
f 232/301/1 212/299/1 233/297/1
f 325/302/1 295/300/1 326/298/1
f 325/302/1 296/303/1 295/300/1
f 232/301/1 213/304/1 212/299/1
f 324/305/1 296/303/1 325/302/1
f 231/306/1 213/304/1 232/301/1
f 324/305/1 297/307/1 296/303/1
f 323/308/1 297/307/1 324/305/1
f 323/308/1 298/309/1 297/307/1
f 231/306/1 214/310/1 213/304/1
f 230/311/1 214/310/1 231/306/1
f 322/312/1 298/309/1 323/308/1
f 322/312/1 299/313/1 298/309/1
f 229/314/1 214/310/1 230/311/1
f 229/314/1 215/315/1 214/310/1
f 321/316/1 299/313/1 322/312/1
f 321/316/1 300/317/1 299/313/1
f 228/318/1 215/315/1 229/314/1
f 321/316/1 301/319/1 300/317/1
f 320/320/1 301/319/1 321/316/1
f 228/318/1 216/321/1 215/315/1
f 320/320/1 302/322/1 301/319/1
f 227/323/1 216/321/1 228/318/1
f 319/324/1 302/322/1 320/320/1
f 319/324/1 303/325/1 302/322/1
f 226/326/1 216/321/1 227/323/1
f 319/324/1 304/327/1 303/325/1
f 226/326/1 217/328/1 216/321/1
f 318/329/1 304/327/1 319/324/1
f 225/330/1 217/328/1 226/326/1
f 318/329/1 305/331/1 304/327/1
f 224/332/1 217/328/1 225/330/1
f 317/333/1 305/331/1 318/329/1
f 223/334/1 217/328/1 224/332/1
f 317/333/1 306/335/1 305/331/1
f 223/334/1 218/336/1 217/328/1
f 317/333/1 307/337/1 306/335/1
f 316/338/1 307/337/1 317/333/1
f 316/338/1 308/339/1 307/337/1
f 315/340/1 308/339/1 316/338/1
f 315/340/1 309/341/1 308/339/1
f 223/334/1 219/342/1 218/336/1
f 315/340/1 310/343/1 309/341/1
f 314/344/1 310/343/1 315/340/1
f 314/344/1 311/345/1 310/343/1
f 313/346/1 311/345/1 314/344/1
f 313/346/1 312/347/1 311/345/1
f 222/348/1 219/342/1 223/334/1
f 219/342/1 221/349/1 220/350/1
f 222/348/1 221/349/1 219/342/1
f 353/120/1 355/351/1 354/352/1
f 353/120/1 356/353/1 355/351/1
f 357/354/1 359/355/1 358/356/1
f 357/354/1 360/357/1 359/355/1
f 353/120/1 545/358/1 356/353/1
f 545/358/1 544/359/1 356/353/1
f 544/359/1 543/360/1 356/353/1
f 543/360/1 542/361/1 356/353/1
f 542/361/1 541/362/1 356/353/1
f 541/362/1 357/354/1 356/353/1
f 541/362/1 540/363/1 357/354/1
f 540/363/1 539/364/1 357/354/1
f 539/364/1 538/365/1 357/354/1
f 538/365/1 537/366/1 357/354/1
f 537/366/1 536/367/1 357/354/1
f 536/367/1 535/368/1 357/354/1
f 535/368/1 397/369/1 357/354/1
f 397/369/1 396/370/1 357/354/1
f 396/370/1 395/371/1 357/354/1
f 395/371/1 394/372/1 357/354/1
f 394/372/1 393/373/1 357/354/1
f 393/373/1 392/374/1 357/354/1
f 392/374/1 391/375/1 357/354/1
f 391/375/1 390/376/1 357/354/1
f 390/376/1 389/377/1 357/354/1
f 389/377/1 388/378/1 357/354/1
f 388/378/1 387/379/1 357/354/1
f 387/379/1 360/357/1 357/354/1
f 534/380/1 397/369/1 535/368/1
f 534/380/1 398/381/1 397/369/1
f 533/382/1 398/381/1 534/380/1
f 533/382/1 399/383/1 398/381/1
f 532/384/1 399/383/1 533/382/1
f 532/384/1 400/385/1 399/383/1
f 531/386/1 400/385/1 532/384/1
f 531/386/1 401/387/1 400/385/1
f 530/388/1 401/387/1 531/386/1
f 530/388/1 402/389/1 401/387/1
f 529/390/1 402/389/1 530/388/1
f 529/390/1 403/391/1 402/389/1
f 528/392/1 403/391/1 529/390/1
f 528/392/1 404/393/1 403/391/1
f 527/394/1 404/393/1 528/392/1
f 527/394/1 405/395/1 404/393/1
f 526/396/1 405/395/1 527/394/1
f 525/397/1 405/395/1 526/396/1
f 525/397/1 406/398/1 405/395/1
f 524/399/1 406/398/1 525/397/1
f 524/399/1 407/400/1 406/398/1
f 523/401/1 407/400/1 524/399/1
f 523/401/1 408/402/1 407/400/1
f 522/403/1 408/402/1 523/401/1
f 522/403/1 409/404/1 408/402/1
f 521/405/1 409/404/1 522/403/1
f 521/405/1 410/406/1 409/404/1
f 520/407/1 410/406/1 521/405/1
f 520/407/1 411/408/1 410/406/1
f 519/409/1 411/408/1 520/407/1
f 519/409/1 412/410/1 411/408/1
f 518/411/1 412/410/1 519/409/1
f 518/411/1 413/412/1 412/410/1
f 517/413/1 413/412/1 518/411/1
f 386/414/2 360/357/2 387/379/2
f 517/413/1 414/415/1 413/412/1
f 516/416/1 414/415/1 517/413/1
f 516/416/1 415/417/1 414/415/1
f 385/418/1 360/357/1 386/414/1
f 353/120/1 546/419/1 545/358/1
f 515/420/1 415/417/1 516/416/1
f 515/420/1 416/421/1 415/417/1
f 384/422/1 360/357/1 385/418/1
f 514/423/1 416/421/1 515/420/1
f 353/120/1 547/424/1 546/419/1
f 514/423/1 417/425/1 416/421/1
f 513/426/1 417/425/1 514/423/1
f 353/120/1 548/427/1 547/424/1
f 383/428/1 360/357/1 384/422/1
f 513/426/1 418/429/1 417/425/1
f 512/430/1 418/429/1 513/426/1
f 512/430/1 419/431/1 418/429/1
f 353/120/1 549/432/1 548/427/1
f 382/433/1 360/357/1 383/428/1
f 511/434/1 419/431/1 512/430/1
f 511/434/1 420/435/1 419/431/1
f 353/120/1 550/436/1 549/432/1
f 510/437/1 420/435/1 511/434/1
f 381/438/1 360/357/1 382/433/1
f 510/437/1 421/439/1 420/435/1
f 353/120/1 551/440/1 550/436/1
f 380/441/1 360/357/1 381/438/1
f 510/437/1 422/442/1 421/439/1
f 353/120/1 552/443/1 551/440/1
f 379/444/1 360/357/1 380/441/1
f 353/120/1 553/445/1 552/443/1
f 378/446/1 360/357/1 379/444/1
f 353/120/1 554/447/1 553/445/1
f 377/448/1 360/357/1 378/446/1
f 353/120/1 555/449/1 554/447/1
f 376/450/1 360/357/1 377/448/1
f 353/120/1 556/451/1 555/449/1
f 375/452/1 360/357/1 376/450/1
f 353/120/1 557/453/1 556/451/1
f 374/454/1 360/357/1 375/452/1
f 353/120/1 558/455/1 557/453/1
f 373/456/1 360/357/1 374/454/1
f 353/120/1 559/457/1 558/455/1
f 372/458/1 360/357/1 373/456/1
f 353/120/1 560/459/1 559/457/1
f 371/460/1 360/357/1 372/458/1
f 353/120/1 561/461/1 560/459/1
f 353/120/1 562/462/1 561/461/1
f 370/463/1 360/357/1 371/460/1
f 353/120/1 563/464/1 562/462/1
f 369/465/1 360/357/1 370/463/1
f 353/120/1 564/466/1 563/464/1
f 368/467/1 360/357/1 369/465/1
f 353/120/1 565/468/1 564/466/1
f 367/469/1 360/357/1 368/467/1
f 353/120/1 566/470/1 565/468/1
f 366/471/1 360/357/1 367/469/1
f 353/120/1 567/472/1 566/470/1
f 365/473/1 360/357/1 366/471/1
f 353/120/1 568/474/1 567/472/1
f 364/475/1 360/357/1 365/473/1
f 571/27/1 570/476/1 353/120/1
f 570/476/1 569/477/1 353/120/1
f 569/477/1 568/474/1 353/120/1
f 364/475/1 363/478/1 360/357/1
f 363/478/1 362/479/1 360/357/1
f 362/479/1 361/480/1 360/357/1
f 510/437/1 423/481/1 422/442/1
f 509/482/1 423/481/1 510/437/1
f 509/482/1 424/483/1 423/481/1
f 508/484/1 424/483/1 509/482/1
f 508/484/1 425/485/1 424/483/1
f 507/486/1 425/485/1 508/484/1
f 507/486/1 426/487/1 425/485/1
f 506/488/1 426/487/1 507/486/1
f 506/488/1 427/489/1 426/487/1
f 505/490/1 427/489/1 506/488/1
f 505/490/1 428/491/1 427/489/1
f 504/492/1 428/491/1 505/490/1
f 504/492/1 429/493/1 428/491/1
f 503/494/1 429/493/1 504/492/1
f 503/494/1 430/495/1 429/493/1
f 502/496/1 430/495/1 503/494/1
f 502/496/1 431/497/1 430/495/1
f 502/496/1 432/498/1 431/497/1
f 501/499/1 432/498/1 502/496/1
f 501/499/1 433/500/1 432/498/1
f 500/501/1 433/500/1 501/499/1
f 500/501/1 434/502/1 433/500/1
f 499/503/1 434/502/1 500/501/1
f 499/503/1 435/504/1 434/502/1
f 499/503/1 436/505/1 435/504/1
f 498/506/1 436/505/1 499/503/1
f 498/506/1 437/507/1 436/505/1
f 497/508/1 437/507/1 498/506/1
f 497/508/1 438/509/1 437/507/1
f 496/510/1 438/509/1 497/508/1
f 496/510/1 439/511/1 438/509/1
f 496/510/1 440/512/1 439/511/1
f 495/513/1 440/512/1 496/510/1
f 495/513/1 441/514/1 440/512/1
f 494/515/1 441/514/1 495/513/1
f 494/515/1 442/516/1 441/514/1
f 493/517/1 442/516/1 494/515/1
f 493/517/1 443/518/1 442/516/1
f 493/517/1 444/519/1 443/518/1
f 492/520/1 444/519/1 493/517/1
f 492/520/1 445/521/1 444/519/1
f 491/522/1 445/521/1 492/520/1
f 491/522/1 446/523/1 445/521/1
f 490/524/1 446/523/1 491/522/1
f 490/524/1 447/525/1 446/523/1
f 490/524/1 448/526/1 447/525/1
f 489/527/1 448/526/1 490/524/1
f 489/527/1 449/528/1 448/526/1
f 488/529/1 449/528/1 489/527/1
f 488/529/1 450/530/1 449/528/1
f 487/531/1 450/530/1 488/529/1
f 487/531/1 451/532/1 450/530/1
f 486/533/1 451/532/1 487/531/1
f 486/533/1 452/534/1 451/532/1
f 486/533/1 453/535/1 452/534/1
f 485/536/1 453/535/1 486/533/1
f 485/536/1 454/537/1 453/535/1
f 484/538/1 454/537/1 485/536/1
f 484/538/1 455/539/1 454/537/1
f 483/540/1 455/539/1 484/538/1
f 483/540/1 456/541/1 455/539/1
f 483/540/1 457/542/1 456/541/1
f 482/543/1 457/542/1 483/540/1
f 482/543/1 458/544/1 457/542/1
f 481/545/1 458/544/1 482/543/1
f 481/545/1 459/546/1 458/544/1
f 481/545/1 460/547/1 459/546/1
f 480/548/1 460/547/1 481/545/1
f 480/548/1 461/549/1 460/547/1
f 479/550/1 461/549/1 480/548/1
f 479/550/1 462/551/1 461/549/1
f 479/550/1 463/552/1 462/551/1
f 478/553/1 463/552/1 479/550/1
f 478/553/1 464/554/1 463/552/1
f 477/555/1 464/554/1 478/553/1
f 477/555/1 465/556/1 464/554/1
f 477/555/1 466/557/1 465/556/1
f 476/558/1 466/557/1 477/555/1
f 476/558/1 467/559/1 466/557/1
f 475/560/1 467/559/1 476/558/1
f 475/560/1 468/561/1 467/559/1
f 475/560/1 469/562/1 468/561/1
f 474/563/1 469/562/1 475/560/1
f 474/563/1 470/564/1 469/562/1
f 472/565/1 474/563/1 473/566/1
f 472/565/1 470/564/1 474/563/1
f 472/565/1 471/567/1 470/564/1
f 572/120/1 574/568/1 573/569/1
f 572/120/1 845/27/1 574/568/1
f 845/27/1 844/570/1 574/568/1
f 844/570/1 843/571/1 574/568/1
f 843/571/1 842/572/1 574/568/1
f 842/572/1 610/573/1 574/568/1
f 610/573/1 609/574/1 574/568/1
f 609/574/1 608/575/1 574/568/1
f 608/575/1 607/576/1 574/568/1
f 607/576/1 606/577/1 574/568/1
f 606/577/1 605/578/1 574/568/1
f 605/578/1 604/579/1 574/568/1
f 604/579/1 603/580/1 574/568/1
f 603/580/1 602/581/1 574/568/1
f 602/581/1 601/582/1 574/568/1
f 601/582/1 600/583/1 574/568/1
f 600/583/1 599/584/1 574/568/1
f 599/584/1 598/585/1 574/568/1
f 598/585/1 597/586/1 574/568/1
f 597/586/1 575/587/1 574/568/1
f 841/588/1 610/573/1 842/572/1
f 840/589/1 610/573/1 841/588/1
f 839/590/1 610/573/1 840/589/1
f 838/591/1 610/573/1 839/590/1
f 837/592/1 610/573/1 838/591/1
f 836/593/1 610/573/1 837/592/1
f 835/594/1 610/573/1 836/593/1
f 834/595/1 610/573/1 835/594/1
f 833/596/1 610/573/1 834/595/1
f 832/597/1 610/573/1 833/596/1
f 831/598/1 610/573/1 832/597/1
f 830/599/1 611/600/1 831/598/1
f 611/600/1 610/573/1 831/598/1
f 829/601/1 611/600/1 830/599/1
f 828/602/1 611/600/1 829/601/1
f 827/603/1 611/600/1 828/602/1
f 826/604/1 611/600/1 827/603/1
f 825/605/1 612/606/1 826/604/1
f 612/606/1 611/600/1 826/604/1
f 824/607/1 612/606/1 825/605/1
f 823/608/1 613/609/1 824/607/1
f 613/609/1 612/606/1 824/607/1
f 823/608/1 614/610/1 613/609/1
f 822/611/1 614/610/1 823/608/1
f 821/612/1 614/610/1 822/611/1
f 820/613/1 614/610/1 821/612/1
f 819/614/1 614/610/1 820/613/1
f 818/615/1 614/610/1 819/614/1
f 817/616/1 614/610/1 818/615/1
f 816/617/1 614/610/1 817/616/1
f 815/618/1 614/610/1 816/617/1
f 596/619/3 575/587/3 597/586/3
f 814/620/1 614/610/1 815/618/1
f 595/621/1 575/587/1 596/619/1
f 813/622/1 614/610/1 814/620/1
f 594/623/1 575/587/1 595/621/1
f 812/624/1 614/610/1 813/622/1
f 593/625/1 575/587/1 594/623/1
f 811/626/1 614/610/1 812/624/1
f 592/627/1 575/587/1 593/625/1
f 810/628/1 614/610/1 811/626/1
f 591/629/1 575/587/1 592/627/1
f 590/630/1 575/587/1 591/629/1
f 809/631/1 614/610/1 810/628/1
f 589/632/1 575/587/1 590/630/1
f 808/633/1 614/610/1 809/631/1
f 588/634/1 575/587/1 589/632/1
f 587/635/1 575/587/1 588/634/1
f 586/636/1 575/587/1 587/635/1
f 585/637/1 575/587/1 586/636/1
f 584/638/1 575/587/1 585/637/1
f 651/639/1 653/640/1 652/641/1
f 651/639/1 654/642/1 653/640/1
f 583/643/1 575/587/1 584/638/1
f 582/644/1 575/587/1 583/643/1
f 581/645/1 575/587/1 582/644/1
f 580/646/1 575/587/1 581/645/1
f 650/647/1 654/642/1 651/639/1
f 649/648/1 654/642/1 650/647/1
f 579/649/1 575/587/1 580/646/1
f 579/649/1 578/650/1 575/587/1
f 578/650/1 577/651/1 575/587/1
f 577/651/1 576/652/1 575/587/1
f 648/653/1 654/642/1 649/648/1
f 647/654/1 654/642/1 648/653/1
f 646/655/1 654/642/1 647/654/1
f 645/656/1 654/642/1 646/655/1
f 644/657/1 654/642/1 645/656/1
f 643/658/1 654/642/1 644/657/1
f 642/659/1 654/642/1 643/658/1
f 641/660/1 654/642/1 642/659/1
f 640/661/1 654/642/1 641/660/1
f 639/662/1 654/642/1 640/661/1
f 638/663/1 654/642/1 639/662/1
f 637/664/1 654/642/1 638/663/1
f 636/665/1 654/642/1 637/664/1
f 635/666/1 654/642/1 636/665/1
f 634/667/1 654/642/1 635/666/1
f 633/668/1 654/642/1 634/667/1
f 632/669/1 654/642/1 633/668/1
f 631/670/1 654/642/1 632/669/1
f 630/671/1 654/642/1 631/670/1
f 629/672/1 654/642/1 630/671/1
f 628/673/1 654/642/1 629/672/1
f 627/674/1 654/642/1 628/673/1
f 626/675/1 654/642/1 627/674/1
f 625/676/1 654/642/1 626/675/1
f 624/677/1 654/642/1 625/676/1
f 623/678/1 654/642/1 624/677/1
f 622/679/1 654/642/1 623/678/1
f 621/680/1 654/642/1 622/679/1
f 620/681/1 654/642/1 621/680/1
f 619/682/1 654/642/1 620/681/1
f 618/683/1 654/642/1 619/682/1
f 617/684/1 654/642/1 618/683/1
f 616/685/1 654/642/1 617/684/1
f 615/686/1 654/642/1 616/685/1
f 808/633/1 615/686/1 614/610/1
f 808/633/1 693/687/1 615/686/1
f 693/687/1 692/688/1 615/686/1
f 692/688/1 691/689/1 615/686/1
f 691/689/1 690/690/1 615/686/1
f 690/690/1 689/691/1 615/686/1
f 689/691/1 688/692/1 615/686/1
f 688/692/1 687/693/1 615/686/1
f 687/693/1 686/694/1 615/686/1
f 686/694/1 685/695/1 615/686/1
f 685/695/1 684/696/1 615/686/1
f 684/696/1 683/697/1 615/686/1
f 683/697/1 682/698/1 615/686/1
f 682/698/1 681/699/1 615/686/1
f 681/699/1 680/700/1 615/686/1
f 680/700/1 679/701/1 615/686/1
f 679/701/1 678/702/1 615/686/1
f 678/702/1 677/703/1 615/686/1
f 677/703/1 676/704/1 615/686/1
f 676/704/1 675/705/1 615/686/1
f 675/705/1 654/642/1 615/686/1
f 808/633/1 694/706/1 693/687/1
f 674/707/1 654/642/1 675/705/1
f 673/708/1 654/642/1 674/707/1
f 672/709/1 654/642/1 673/708/1
f 671/710/4 654/642/4 672/709/4
f 670/711/1 654/642/1 671/710/1
f 669/712/1 654/642/1 670/711/1
f 668/713/1 654/642/1 669/712/1
f 667/714/1 654/642/1 668/713/1
f 766/715/1 768/716/1 767/717/1
f 666/718/1 654/642/1 667/714/1
f 665/719/1 654/642/1 666/718/1
f 664/720/1 654/642/1 665/719/1
f 765/721/1 768/716/1 766/715/1
f 663/245/1 654/642/1 664/720/1
f 662/722/1 654/642/1 663/245/1
f 661/723/1 654/642/1 662/722/1
f 764/724/1 768/716/1 765/721/1
f 660/725/1 654/642/1 661/723/1
f 659/726/1 654/642/1 660/725/1
f 763/727/1 768/716/1 764/724/1
f 658/728/1 654/642/1 659/726/1
f 763/727/1 769/729/1 768/716/1
f 657/730/1 654/642/1 658/728/1
f 762/731/1 769/729/1 763/727/1
f 656/732/1 654/642/1 657/730/1
f 655/733/1 654/642/1 656/732/1
f 761/734/1 769/729/1 762/731/1
f 760/735/1 769/729/1 761/734/1
f 759/736/1 769/729/1 760/735/1
f 758/737/1 769/729/1 759/736/1
f 757/738/1 769/729/1 758/737/1
f 756/739/1 769/729/1 757/738/1
f 755/740/1 769/729/1 756/739/1
f 754/313/1 769/729/1 755/740/1
f 753/741/1 769/729/1 754/313/1
f 752/742/1 769/729/1 753/741/1
f 751/743/1 769/729/1 752/742/1
f 750/744/1 769/729/1 751/743/1
f 807/745/1 694/706/1 808/633/1
f 749/746/1 769/729/1 750/744/1
f 806/747/1 694/706/1 807/745/1
f 748/748/1 769/729/1 749/746/1
f 806/747/1 695/749/1 694/706/1
f 805/750/1 695/749/1 806/747/1
f 805/750/1 696/751/1 695/749/1
f 747/752/1 769/729/1 748/748/1
f 805/750/1 697/753/1 696/751/1
f 746/754/1 769/729/1 747/752/1
f 804/755/1 697/753/1 805/750/1
f 804/755/1 698/756/1 697/753/1
f 745/757/1 769/729/1 746/754/1
f 803/758/1 698/756/1 804/755/1
f 803/758/1 699/759/1 698/756/1
f 744/760/1 769/729/1 745/757/1
f 802/761/1 699/759/1 803/758/1
f 802/761/1 700/762/1 699/759/1
f 743/763/1 769/729/1 744/760/1
f 802/761/1 701/764/1 700/762/1
f 801/765/1 701/764/1 802/761/1
f 801/765/1 702/766/1 701/764/1
f 742/767/1 769/729/1 743/763/1
f 800/768/1 702/766/1 801/765/1
f 800/768/1 703/769/1 702/766/1
f 741/770/1 769/729/1 742/767/1
f 800/768/1 704/771/1 703/769/1
f 799/772/1 704/771/1 800/768/1
f 799/772/1 705/773/1 704/771/1
f 740/774/1 769/729/1 741/770/1
f 799/772/1 706/775/1 705/773/1
f 798/776/1 706/775/1 799/772/1
f 798/776/1 707/777/1 706/775/1
f 798/776/1 708/778/1 707/777/1
f 739/779/1 769/729/1 740/774/1
f 797/780/1 708/778/1 798/776/1
f 797/780/1 709/781/1 708/778/1
f 797/780/1 710/782/1 709/781/1
f 796/783/1 710/782/1 797/780/1
f 738/784/1 769/729/1 739/779/1
f 796/783/1 711/785/1 710/782/1
f 796/783/1 712/786/1 711/785/1
f 795/787/1 712/786/1 796/783/1
f 795/787/1 713/788/1 712/786/1
f 737/789/1 769/729/1 738/784/1
f 795/787/1 714/790/1 713/788/1
f 795/787/1 715/791/1 714/790/1
f 794/792/1 715/791/1 795/787/1
f 736/793/1 769/729/1 737/789/1
f 794/792/1 716/794/1 715/791/1
f 794/792/1 717/795/1 716/794/1
f 794/792/1 718/796/1 717/795/1
f 735/797/1 769/729/1 736/793/1
f 793/798/1 718/796/1 794/792/1
f 793/798/1 719/799/1 718/796/1
f 793/798/1 720/800/1 719/799/1
f 793/798/1 721/801/1 720/800/1
f 734/802/1 769/729/1 735/797/1
f 793/798/1 722/803/1 721/801/1
f 793/798/1 723/804/1 722/803/1
f 792/805/1 723/804/1 793/798/1
f 733/806/1 769/729/1 734/802/1
f 792/805/1 724/807/1 723/804/1
f 792/805/1 725/808/1 724/807/1
f 732/809/1 769/729/1 733/806/1
f 792/805/1 726/810/1 725/808/1
f 792/805/1 727/811/1 726/810/1
f 792/805/1 728/812/1 727/811/1
f 731/813/1 769/729/1 732/809/1
f 792/805/1 729/814/1 728/812/1
f 792/805/1 730/815/1 729/814/1
f 792/805/1 731/813/1 730/815/1
f 792/805/1 769/729/1 731/813/1
f 791/816/1 769/729/1 792/805/1
f 790/817/1 769/729/1 791/816/1
f 789/818/1 769/729/1 790/817/1
f 788/819/1 769/729/1 789/818/1
f 787/820/1 769/729/1 788/819/1
f 786/821/1 769/729/1 787/820/1
f 785/822/1 769/729/1 786/821/1
f 784/823/1 769/729/1 785/822/1
f 783/824/1 769/729/1 784/823/1
f 782/825/1 769/729/1 783/824/1
f 781/826/1 769/729/1 782/825/1
f 780/827/1 769/729/1 781/826/1
f 779/828/1 769/729/1 780/827/1
f 778/829/1 769/729/1 779/828/1
f 777/830/1 769/729/1 778/829/1
f 776/831/1 769/729/1 777/830/1
f 775/832/1 769/729/1 776/831/1
f 774/833/1 769/729/1 775/832/1
f 773/834/1 769/729/1 774/833/1
f 772/835/1 769/729/1 773/834/1
f 770/836/1 772/835/1 771/837/1
f 770/836/1 769/729/1 772/835/1
f 846/120/1 848/838/1 847/839/1
f 846/120/1 1074/27/1 848/838/1
f 1074/27/1 1073/840/1 848/838/1
f 1073/840/1 1072/841/1 848/838/1
f 1072/841/1 1071/842/1 848/838/1
f 1071/842/1 1070/843/1 848/838/1
f 1070/843/1 1069/844/1 848/838/1
f 1069/844/1 1068/845/1 848/838/1
f 1068/845/1 1067/846/1 848/838/1
f 1067/846/1 1066/847/1 848/838/1
f 1066/847/1 959/848/1 848/838/1
f 959/848/1 849/849/1 848/838/1
f 849/849/1 956/850/1 850/851/1
f 956/850/1 851/852/1 850/851/1
f 956/850/1 856/853/1 851/852/1
f 856/853/1 855/854/1 851/852/1
f 855/854/1 854/855/1 851/852/1
f 854/855/1 853/856/1 851/852/1
f 853/856/1 852/857/1 851/852/1
f 956/850/1 857/858/1 856/853/1
f 956/850/1 858/859/1 857/858/1
f 956/850/1 859/860/1 858/859/1
f 1065/861/5 959/848/5 1066/847/5
f 1064/862/1 959/848/1 1065/861/1
f 956/850/1 860/863/1 859/860/1
f 1063/864/1 959/848/1 1064/862/1
f 956/850/1 861/865/1 860/863/1
f 1062/866/1 959/848/1 1063/864/1
f 1061/867/1 959/848/1 1062/866/1
f 956/850/1 862/868/1 861/865/1
f 1060/869/1 959/848/1 1061/867/1
f 956/850/1 863/870/1 862/868/1
f 1059/871/1 959/848/1 1060/869/1
f 1058/872/1 959/848/1 1059/871/1
f 956/850/1 864/873/1 863/870/1
f 1057/874/1 959/848/1 1058/872/1
f 956/850/1 865/875/1 864/873/1
f 1056/876/1 959/848/1 1057/874/1
f 1055/877/1 959/848/1 1056/876/1
f 956/850/1 866/878/1 865/875/1
f 1054/879/1 959/848/1 1055/877/1
f 956/850/1 867/880/1 866/878/1
f 1053/881/1 959/848/1 1054/879/1
f 1052/882/1 959/848/1 1053/881/1
f 956/850/1 868/883/1 867/880/1
f 1051/884/1 959/848/1 1052/882/1
f 956/850/1 869/885/1 868/883/1
f 1050/886/1 959/848/1 1051/884/1
f 1049/887/1 959/848/1 1050/886/1
f 956/850/1 870/888/1 869/885/1
f 1048/889/1 959/848/1 1049/887/1
f 849/849/1 957/890/1 956/850/1
f 955/891/1 870/888/1 956/850/1
f 1047/892/1 959/848/1 1048/889/1
f 955/891/1 871/893/1 870/888/1
f 1046/894/1 959/848/1 1047/892/1
f 1045/895/1 959/848/1 1046/894/1
f 955/891/1 872/896/1 871/893/1
f 1044/897/1 959/848/1 1045/895/1
f 955/891/1 873/898/1 872/896/1
f 1043/899/1 959/848/1 1044/897/1
f 955/891/1 874/900/1 873/898/1
f 1042/901/1 959/848/1 1043/899/1
f 1041/902/1 959/848/1 1042/901/1
f 955/891/1 875/903/1 874/900/1
f 1041/902/1 960/551/1 959/848/1
f 958/904/1 849/849/1 959/848/1
f 1040/905/1 960/551/1 1041/902/1
f 955/891/1 876/906/1 875/903/1
f 1039/907/1 960/551/1 1040/905/1
f 955/891/1 877/908/1 876/906/1
f 1038/909/1 960/551/1 1039/907/1
f 1037/910/1 960/551/1 1038/909/1
f 955/891/1 878/911/1 877/908/1
f 958/904/1 957/890/1 849/849/1
f 1036/912/1 960/551/1 1037/910/1
f 1035/913/1 960/551/1 1036/912/1
f 954/914/1 878/911/1 955/891/1
f 954/914/1 879/915/1 878/911/1
f 1034/916/1 960/551/1 1035/913/1
f 953/917/1 879/915/1 954/914/1
f 953/917/1 880/918/1 879/915/1
f 1033/919/1 960/551/1 1034/916/1
f 952/920/1 880/918/1 953/917/1
f 952/920/1 881/921/1 880/918/1
f 1032/922/1 960/551/1 1033/919/1
f 951/923/1 881/921/1 952/920/1
f 951/923/1 882/924/1 881/921/1
f 1032/922/1 961/925/1 960/551/1
f 950/926/1 882/924/1 951/923/1
f 1031/927/1 961/925/1 1032/922/1
f 950/926/1 883/928/1 882/924/1
f 1031/927/1 962/929/1 961/925/1
f 949/930/1 883/928/1 950/926/1
f 1031/927/1 963/931/1 962/929/1
f 1030/932/1 963/931/1 1031/927/1
f 949/930/1 884/933/1 883/928/1
f 1030/932/1 964/934/1 963/931/1
f 948/935/1 884/933/1 949/930/1
f 948/935/1 885/936/1 884/933/1
f 1029/937/1 964/934/1 1030/932/1
f 1029/937/1 965/938/1 964/934/1
f 948/935/1 886/939/1 885/936/1
f 947/940/1 886/939/1 948/935/1
f 1028/941/1 965/938/1 1029/937/1
f 1028/941/1 966/942/1 965/938/1
f 947/940/1 887/943/1 886/939/1
f 946/944/1 887/943/1 947/940/1
f 1028/941/1 967/945/1 966/942/1
f 1027/946/1 967/945/1 1028/941/1
f 946/944/1 888/947/1 887/943/1
f 1027/946/1 968/948/1 967/945/1
f 945/949/1 888/947/1 946/944/1
f 1026/950/1 968/948/1 1027/946/1
f 945/949/1 889/951/1 888/947/1
f 1026/950/1 969/952/1 968/948/1
f 944/953/1 889/951/1 945/949/1
f 1025/954/1 969/952/1 1026/950/1
f 944/953/1 890/955/1 889/951/1
f 1025/954/1 970/956/1 969/952/1
f 944/953/1 891/957/1 890/955/1
f 943/958/1 891/957/1 944/953/1
f 1024/959/1 970/956/1 1025/954/1
f 1024/959/1 971/960/1 970/956/1
f 943/958/1 892/961/1 891/957/1
f 942/962/1 892/961/1 943/958/1
f 1023/963/1 971/960/1 1024/959/1
f 1023/963/1 972/964/1 971/960/1
f 942/962/1 893/965/1 892/961/1
f 941/966/1 893/965/1 942/962/1
f 1023/963/1 973/967/1 972/964/1
f 1022/968/1 973/967/1 1023/963/1
f 941/966/1 894/969/1 893/965/1
f 940/970/1 894/969/1 941/966/1
f 1022/968/1 974/971/1 973/967/1
f 1021/972/1 974/971/1 1022/968/1
f 940/970/1 895/973/1 894/969/1
f 1021/972/1 975/974/1 974/971/1
f 939/975/1 895/973/1 940/970/1
f 1020/976/1 975/974/1 1021/972/1
f 1020/976/1 976/977/1 975/974/1
f 939/975/1 896/978/1 895/973/1
f 938/979/1 896/978/1 939/975/1
f 1019/980/1 976/977/1 1020/976/1
f 1019/980/1 977/981/1 976/977/1
f 938/979/1 897/982/1 896/978/1
f 937/983/1 897/982/1 938/979/1
f 1018/984/1 977/981/1 1019/980/1
f 1018/984/1 978/985/1 977/981/1
f 937/983/1 898/986/1 897/982/1
f 936/987/1 898/986/1 937/983/1
f 1017/988/1 978/985/1 1018/984/1
f 1017/988/1 979/989/1 978/985/1
f 936/987/1 899/990/1 898/986/1
f 935/991/1 899/990/1 936/987/1
f 1016/992/1 979/989/1 1017/988/1
f 1016/992/1 980/993/1 979/989/1
f 935/991/1 900/994/1 899/990/1
f 934/995/1 900/994/1 935/991/1
f 1016/992/1 981/996/1 980/993/1
f 934/995/1 901/997/1 900/994/1
f 1015/998/1 981/996/1 1016/992/1
f 933/999/1 901/997/1 934/995/1
f 933/999/1 902/1000/1 901/997/1
f 1015/998/1 982/1001/1 981/996/1
f 1014/1002/1 982/1001/1 1015/998/1
f 932/1003/1 902/1000/1 933/999/1
f 932/1003/1 903/1004/1 902/1000/1
f 1014/1002/1 983/1005/1 982/1001/1
f 1013/1006/1 983/1005/1 1014/1002/1
f 931/1007/1 903/1004/1 932/1003/1
f 931/1007/1 904/1008/1 903/1004/1
f 1013/1006/1 984/1009/1 983/1005/1
f 1012/1010/1 984/1009/1 1013/1006/1
f 930/1011/1 904/1008/1 931/1007/1
f 1012/1010/1 985/1012/1 984/1009/1
f 930/1011/1 905/1013/1 904/1008/1
f 1011/1014/1 985/1012/1 1012/1010/1
f 929/1015/1 905/1013/1 930/1011/1
f 1011/1014/1 986/1016/1 985/1012/1
f 929/1015/1 906/1017/1 905/1013/1
f 1010/1018/1 986/1016/1 1011/1014/1
f 928/1019/1 906/1017/1 929/1015/1
f 1010/1018/1 987/1020/1 986/1016/1
f 1009/1021/1 987/1020/1 1010/1018/1
f 928/1019/1 907/1022/1 906/1017/1
f 927/1023/1 907/1022/1 928/1019/1
f 1009/1021/1 988/1024/1 987/1020/1
f 1008/1025/1 988/1024/1 1009/1021/1
f 927/1023/1 908/1026/1 907/1022/1
f 926/1027/1 908/1026/1 927/1023/1
f 1008/1025/1 989/1028/1 988/1024/1
f 1007/1029/1 989/1028/1 1008/1025/1
f 925/1030/1 908/1026/1 926/1027/1
f 925/1030/1 909/1031/1 908/1026/1
f 1007/1029/1 990/1032/1 989/1028/1
f 1006/1033/1 990/1032/1 1007/1029/1
f 924/1034/1 909/1031/1 925/1030/1
f 1006/1033/1 991/1035/1 990/1032/1
f 924/1034/1 910/1036/1 909/1031/1
f 1005/1037/1 991/1035/1 1006/1033/1
f 923/1038/1 910/1036/1 924/1034/1
f 1005/1037/1 992/1039/1 991/1035/1
f 923/1038/1 911/1040/1 910/1036/1
f 1004/1041/1 992/1039/1 1005/1037/1
f 922/245/1 911/1040/1 923/1038/1
f 1004/1041/1 993/1042/1 992/1039/1
f 922/245/1 912/1043/1 911/1040/1
f 1003/1044/1 993/1042/1 1004/1041/1
f 921/1045/1 912/1043/1 922/245/1
f 1003/1044/1 994/1046/1 993/1042/1
f 921/1045/1 913/1047/1 912/1043/1
f 1002/1048/1 994/1046/1 1003/1044/1
f 920/1049/1 913/1047/1 921/1045/1
f 1002/1048/1 995/1050/1 994/1046/1
f 920/1049/1 914/1051/1 913/1047/1
f 1001/1052/1 995/1050/1 1002/1048/1
f 919/1053/1 914/1051/1 920/1049/1
f 1001/1052/1 996/1054/1 995/1050/1
f 999/1055/1 1001/1052/1 1000/1056/1
f 999/1055/1 996/1054/1 1001/1052/1
f 999/1055/1 997/1057/1 996/1054/1
f 999/1055/1 998/313/1 997/1057/1
f 917/1058/1 919/1053/1 918/1059/1
f 917/1058/1 914/1051/1 919/1053/1
f 917/1058/1 915/1060/1 914/1051/1
f 917/1058/1 916/1061/1 915/1060/1
f 1182/1/6 1183/3/6 1184/2/6
f 1182/1/6 1184/2/6 1185/4/6
f 1181/5/6 1182/1/6 1185/4/6
f 1181/5/6 1185/4/6 1186/6/6
f 1180/7/6 1181/5/6 1186/6/6
f 1180/7/6 1186/6/6 1187/8/6
f 1179/9/6 1180/7/6 1187/8/6
f 1179/9/6 1187/8/6 1188/10/6
f 1178/11/6 1179/9/6 1188/10/6
f 1178/11/6 1188/10/6 1189/12/6
f 1177/13/6 1178/11/6 1189/12/6
f 1177/13/6 1189/12/6 1190/14/6
f 1176/15/6 1177/13/6 1190/14/6
f 1176/15/6 1190/14/6 1191/16/6
f 1175/17/6 1176/15/6 1191/16/6
f 1175/17/6 1191/16/6 1192/18/6
f 1174/19/6 1175/17/6 1192/18/6
f 1174/19/6 1192/18/6 1193/20/6
f 1173/21/6 1174/19/6 1193/20/6
f 1173/21/6 1193/20/6 1194/22/6
f 1172/23/6 1173/21/6 1194/22/6
f 1172/23/6 1194/22/6 1195/24/6
f 1171/25/6 1172/23/6 1195/24/6
f 1171/25/6 1195/24/6 1196/26/6
f 1266/27/6 1171/25/6 1196/26/6
f 1266/27/6 1196/26/6 1197/28/6
f 1265/29/6 1266/27/6 1197/28/6
f 1265/29/6 1197/28/6 1198/30/6
f 1264/31/6 1265/29/6 1198/30/6
f 1264/31/6 1198/30/6 1199/32/6
f 1263/33/6 1264/31/6 1199/32/6
f 1263/33/6 1199/32/6 1200/34/6
f 1262/35/6 1263/33/6 1200/34/6
f 1262/35/6 1200/34/6 1201/36/6
f 1261/37/6 1262/35/6 1201/36/6
f 1261/37/6 1201/36/6 1202/38/6
f 1260/39/6 1261/37/6 1202/38/6
f 1260/39/6 1202/38/6 1203/40/6
f 1259/41/6 1260/39/6 1203/40/6
f 1259/41/6 1203/40/6 1204/42/6
f 1258/43/6 1259/41/6 1204/42/6
f 1258/43/6 1204/42/6 1205/44/6
f 1257/45/6 1258/43/6 1205/44/6
f 1257/45/6 1205/44/6 1206/46/6
f 1256/47/6 1257/45/6 1206/46/6
f 1256/47/6 1206/46/6 1207/48/6
f 1255/49/6 1256/47/6 1207/48/6
f 1255/49/6 1207/48/6 1208/50/6
f 1254/51/6 1255/49/6 1208/50/6
f 1254/51/6 1208/50/6 1209/52/6
f 1253/53/6 1254/51/6 1209/52/6
f 1253/53/6 1209/52/6 1210/54/6
f 1252/55/6 1253/53/6 1210/54/6
f 1252/55/6 1210/54/6 1211/56/6
f 1251/57/6 1252/55/6 1211/56/6
f 1251/57/6 1211/56/6 1212/58/6
f 1250/59/6 1251/57/6 1212/58/6
f 1250/59/6 1212/58/6 1213/60/6
f 1249/61/6 1250/59/6 1213/60/6
f 1249/61/6 1213/60/6 1214/62/6
f 1248/63/6 1249/61/6 1214/62/6
f 1248/63/6 1214/62/6 1215/64/6
f 1247/65/6 1248/63/6 1215/64/6
f 1247/65/6 1215/64/6 1216/66/6
f 1246/67/6 1247/65/6 1216/66/6
f 1246/67/6 1216/66/6 1217/68/6
f 1245/69/6 1246/67/6 1217/68/6
f 1245/69/6 1217/68/6 1218/70/6
f 1244/71/6 1245/69/6 1218/70/6
f 1244/71/6 1218/70/6 1219/72/6
f 1243/73/6 1244/71/6 1219/72/6
f 1242/74/6 1243/73/6 1219/72/6
f 1242/74/6 1219/72/6 1220/75/6
f 1242/74/6 1220/75/6 1221/76/6
f 1241/77/6 1242/74/6 1221/76/6
f 1241/77/6 1221/76/6 1222/78/6
f 1240/79/6 1241/77/6 1222/78/6
f 1240/79/6 1222/78/6 1223/80/6
f 1239/81/6 1240/79/6 1223/80/6
f 1239/81/6 1223/80/6 1224/82/6
f 1238/83/6 1239/81/6 1224/82/6
f 1238/83/6 1224/82/6 1225/84/6
f 1237/85/6 1238/83/6 1225/84/6
f 1237/85/6 1225/84/6 1226/86/6
f 1236/87/6 1237/85/6 1226/86/6
f 1236/87/6 1226/86/6 1227/88/6
f 1235/89/6 1236/87/6 1227/88/6
f 1235/89/6 1227/88/6 1228/90/6
f 1234/91/6 1235/89/6 1228/90/6
f 1234/91/6 1228/90/6 1229/92/6
f 1233/93/6 1234/91/6 1229/92/6
f 1233/93/6 1229/92/6 1230/94/6
f 1232/95/6 1233/93/6 1230/94/6
f 1232/95/6 1230/94/6 1231/96/6
f 1086/97/6 1087/99/6 1088/98/6
f 1086/97/6 1088/98/6 1089/100/6
f 1085/101/6 1086/97/6 1089/100/6
f 1085/101/6 1089/100/6 1090/102/6
f 1084/103/6 1085/101/6 1090/102/6
f 1083/104/6 1084/103/6 1090/102/6
f 1083/104/6 1090/102/6 1091/105/6
f 1082/106/6 1083/104/6 1091/105/6
f 1082/106/6 1091/105/6 1092/107/6
f 1081/108/6 1082/106/6 1092/107/6
f 1081/108/6 1092/107/6 1093/109/6
f 1080/110/6 1081/108/6 1093/109/6
f 1080/110/6 1093/109/6 1094/111/6
f 1079/112/6 1080/110/6 1094/111/6
f 1079/112/6 1094/111/6 1095/113/6
f 1078/114/6 1079/112/6 1095/113/6
f 1078/114/6 1095/113/6 1096/115/6
f 1077/116/6 1078/114/6 1096/115/6
f 1077/116/6 1096/115/6 1097/117/6
f 1076/118/6 1077/116/6 1097/117/6
f 1076/118/6 1097/117/6 1098/119/6
f 1075/120/6 1076/118/6 1098/119/6
f 1075/120/6 1098/119/6 1099/121/6
f 1170/122/6 1075/120/6 1099/121/6
f 1170/122/6 1099/121/6 1100/123/6
f 1169/124/6 1170/122/6 1100/123/6
f 1169/124/6 1100/123/6 1101/125/6
f 1168/126/6 1169/124/6 1101/125/6
f 1168/126/6 1101/125/6 1102/127/6
f 1167/128/6 1168/126/6 1102/127/6
f 1167/128/6 1102/127/6 1103/129/6
f 1166/130/6 1167/128/6 1103/129/6
f 1166/130/6 1103/129/6 1104/131/6
f 1165/132/6 1166/130/6 1104/131/6
f 1165/132/6 1104/131/6 1105/133/6
f 1164/134/6 1165/132/6 1105/133/6
f 1164/134/6 1105/133/6 1106/135/6
f 1163/136/6 1164/134/6 1106/135/6
f 1163/136/6 1106/135/6 1107/137/6
f 1162/138/6 1163/136/6 1107/137/6
f 1162/138/6 1107/137/6 1108/139/6
f 1161/140/6 1162/138/6 1108/139/6
f 1161/140/6 1108/139/6 1109/141/6
f 1160/142/6 1161/140/6 1109/141/6
f 1160/142/6 1109/141/6 1110/143/6
f 1159/144/6 1160/142/6 1110/143/6
f 1159/144/6 1110/143/6 1111/145/6
f 1158/146/6 1159/144/6 1111/145/6
f 1158/146/6 1111/145/6 1112/147/6
f 1157/148/6 1158/146/6 1112/147/6
f 1157/148/6 1112/147/6 1113/149/6
f 1156/150/6 1157/148/6 1113/149/6
f 1156/150/6 1113/149/6 1114/151/6
f 1155/152/6 1156/150/6 1114/151/6
f 1155/152/6 1114/151/6 1115/153/6
f 1154/154/6 1155/152/6 1115/153/6
f 1154/154/6 1115/153/6 1116/155/6
f 1153/156/6 1154/154/6 1116/155/6
f 1153/156/6 1116/155/6 1117/157/6
f 1152/158/6 1153/156/6 1117/157/6
f 1152/158/6 1117/157/6 1118/159/6
f 1151/160/6 1152/158/6 1118/159/6
f 1151/160/6 1118/159/6 1119/161/6
f 1150/162/6 1151/160/6 1119/161/6
f 1150/162/6 1119/161/6 1120/163/6
f 1149/164/6 1150/162/6 1120/163/6
f 1149/164/6 1120/163/6 1121/165/6
f 1148/166/6 1149/164/6 1121/165/6
f 1148/166/6 1121/165/6 1122/167/6
f 1147/168/6 1148/166/6 1122/167/6
f 1147/168/6 1122/167/6 1123/169/6
f 1146/170/6 1147/168/6 1123/169/6
f 1146/170/6 1123/169/6 1124/171/6
f 1145/172/6 1146/170/6 1124/171/6
f 1145/172/6 1124/171/6 1125/173/6
f 1144/174/6 1145/172/6 1125/173/6
f 1144/174/6 1125/173/6 1126/175/6
f 1143/176/6 1144/174/6 1126/175/6
f 1143/176/6 1126/175/6 1127/177/6
f 1143/176/6 1127/177/6 1128/178/6
f 1142/179/6 1143/176/6 1128/178/6
f 1142/179/6 1128/178/6 1129/180/6
f 1141/181/6 1142/179/6 1129/180/6
f 1141/181/6 1129/180/6 1130/182/6
f 1140/183/6 1141/181/6 1130/182/6
f 1140/183/6 1130/182/6 1131/184/6
f 1139/185/6 1140/183/6 1131/184/6
f 1139/185/6 1131/184/6 1132/186/6
f 1138/187/6 1139/185/6 1132/186/6
f 1138/187/6 1132/186/6 1133/188/6
f 1137/189/6 1138/187/6 1133/188/6
f 1137/189/6 1133/188/6 1134/190/6
f 1136/191/6 1137/189/6 1134/190/6
f 1136/191/6 1134/190/6 1135/192/6
f 1267/120/6 1268/194/6 1269/193/6
f 1267/120/6 1269/193/6 1424/195/6
f 1424/195/6 1269/193/6 1270/196/6
f 1267/120/6 1424/195/6 1425/197/6
f 1426/27/6 1424/195/6 1270/196/6
f 1267/120/6 1425/197/6 1426/27/6
f 1267/120/6 1426/27/6 1336/198/6
f 1336/198/6 1426/27/6 1335/199/6
f 1335/199/6 1426/27/6 1270/196/6
f 1267/120/6 1336/198/6 1337/200/6
f 1334/201/6 1335/199/6 1270/196/6
f 1333/202/6 1334/201/6 1270/196/6
f 1333/202/6 1270/196/6 1271/203/6
f 1332/204/6 1333/202/6 1271/203/6
f 1332/204/6 1271/203/6 1272/205/6
f 1267/120/6 1337/200/6 1338/206/6
f 1331/207/6 1332/204/6 1272/205/6
f 1267/120/6 1338/206/6 1339/208/6
f 1423/209/6 1267/120/6 1339/208/6
f 1330/210/6 1331/207/6 1272/205/6
f 1330/210/6 1272/205/6 1273/211/6
f 1423/209/6 1339/208/6 1340/212/6
f 1422/213/6 1423/209/6 1340/212/6
f 1329/214/6 1330/210/6 1273/211/6
f 1422/213/6 1340/212/6 1341/215/6
f 1421/216/6 1422/213/6 1341/215/6
f 1329/214/6 1273/211/6 1274/217/6
f 1328/218/6 1329/214/6 1274/217/6
f 1421/216/6 1341/215/6 1342/219/6
f 1420/220/6 1421/216/6 1342/219/6
f 1420/220/6 1342/219/6 1343/221/6
f 1327/222/6 1328/218/6 1274/217/6
f 1327/222/6 1274/217/6 1275/223/6
f 1419/224/6 1420/220/6 1343/221/6
f 1419/224/6 1343/221/6 1344/225/6
f 1326/226/6 1327/222/6 1275/223/6
f 1419/224/6 1344/225/6 1345/227/6
f 1418/228/6 1419/224/6 1345/227/6
f 1325/229/6 1326/226/6 1275/223/6
f 1325/229/6 1275/223/6 1276/230/6
f 1418/228/6 1345/227/6 1346/231/6
f 1324/232/6 1325/229/6 1276/230/6
f 1417/233/6 1418/228/6 1346/231/6
f 1417/233/6 1346/231/6 1347/234/6
f 1323/235/6 1324/232/6 1276/230/6
f 1417/233/6 1347/234/6 1348/236/6
f 1416/237/6 1417/233/6 1348/236/6
f 1323/235/6 1276/230/6 1277/238/6
f 1416/237/6 1348/236/6 1349/239/6
f 1322/240/6 1323/235/6 1277/238/6
f 1416/237/6 1349/239/6 1350/241/6
f 1415/242/6 1416/237/6 1350/241/6
f 1321/243/6 1322/240/6 1277/238/6
f 1415/242/6 1350/241/6 1351/244/6
f 1320/245/6 1321/243/6 1277/238/6
f 1320/245/6 1277/238/6 1278/246/6
f 1414/247/6 1415/242/6 1351/244/6
f 1414/247/6 1351/244/6 1352/248/6
f 1414/247/6 1352/248/6 1353/249/6
f 1319/250/6 1320/245/6 1278/246/6
f 1413/251/6 1414/247/6 1353/249/6
f 1413/251/6 1353/249/6 1354/252/6
f 1318/253/6 1319/250/6 1278/246/6
f 1318/253/6 1278/246/6 1279/254/6
f 1412/255/6 1413/251/6 1354/252/6
f 1412/255/6 1354/252/6 1355/256/6
f 1317/257/6 1318/253/6 1279/254/6
f 1412/255/6 1355/256/6 1356/258/6
f 1411/259/6 1412/255/6 1356/258/6
f 1316/260/6 1317/257/6 1279/254/6
f 1411/259/6 1356/258/6 1357/261/6
f 1316/260/6 1279/254/6 1280/262/6
f 1410/263/6 1411/259/6 1357/261/6
f 1410/263/6 1357/261/6 1358/264/6
f 1315/265/6 1316/260/6 1280/262/6
f 1409/266/6 1410/263/6 1358/264/6
f 1409/266/6 1358/264/6 1359/267/6
f 1314/268/6 1315/265/6 1280/262/6
f 1408/269/6 1409/266/6 1359/267/6
f 1314/268/6 1280/262/6 1281/270/6
f 1408/269/6 1359/267/6 1360/271/6
f 1313/272/6 1314/268/6 1281/270/6
f 1408/269/6 1360/271/6 1361/273/6
f 1407/274/6 1408/269/6 1361/273/6
f 1312/275/6 1313/272/6 1281/270/6
f 1407/274/6 1361/273/6 1362/276/6
f 1312/275/6 1281/270/6 1282/277/6
f 1406/278/6 1407/274/6 1362/276/6
f 1406/278/6 1362/276/6 1363/279/6
f 1311/280/6 1312/275/6 1282/277/6
f 1405/281/6 1406/278/6 1363/279/6
f 1311/280/6 1282/277/6 1283/282/6
f 1405/281/6 1363/279/6 1364/283/6
f 1404/284/6 1405/281/6 1364/283/6
f 1310/285/6 1311/280/6 1283/282/6
f 1404/284/6 1364/283/6 1365/286/6
f 1403/287/6 1404/284/6 1365/286/6
f 1310/285/6 1283/282/6 1284/288/6
f 1309/289/6 1310/285/6 1284/288/6
f 1403/287/6 1365/286/6 1366/290/6
f 1402/291/6 1403/287/6 1366/290/6
f 1402/291/6 1366/290/6 1367/292/6
f 1308/293/6 1309/289/6 1284/288/6
f 1308/293/6 1284/288/6 1285/294/6
f 1401/295/6 1402/291/6 1367/292/6
f 1401/295/6 1367/292/6 1368/296/6
f 1307/297/6 1308/293/6 1285/294/6
f 1400/298/6 1401/295/6 1368/296/6
f 1307/297/6 1285/294/6 1286/299/6
f 1400/298/6 1368/296/6 1369/300/6
f 1306/301/6 1307/297/6 1286/299/6
f 1399/302/6 1400/298/6 1369/300/6
f 1399/302/6 1369/300/6 1370/303/6
f 1306/301/6 1286/299/6 1287/304/6
f 1398/305/6 1399/302/6 1370/303/6
f 1305/306/6 1306/301/6 1287/304/6
f 1398/305/6 1370/303/6 1371/307/6
f 1397/308/6 1398/305/6 1371/307/6
f 1397/308/6 1371/307/6 1372/309/6
f 1305/306/6 1287/304/6 1288/310/6
f 1304/311/6 1305/306/6 1288/310/6
f 1396/312/6 1397/308/6 1372/309/6
f 1396/312/6 1372/309/6 1373/313/6
f 1303/314/6 1304/311/6 1288/310/6
f 1303/314/6 1288/310/6 1289/315/6
f 1395/316/6 1396/312/6 1373/313/6
f 1395/316/6 1373/313/6 1374/317/6
f 1302/318/6 1303/314/6 1289/315/6
f 1395/316/6 1374/317/6 1375/319/6
f 1394/320/6 1395/316/6 1375/319/6
f 1302/318/6 1289/315/6 1290/321/6
f 1394/320/6 1375/319/6 1376/322/6
f 1301/323/6 1302/318/6 1290/321/6
f 1393/324/6 1394/320/6 1376/322/6
f 1393/324/6 1376/322/6 1377/325/6
f 1300/326/6 1301/323/6 1290/321/6
f 1393/324/6 1377/325/6 1378/327/6
f 1300/326/6 1290/321/6 1291/328/6
f 1392/329/6 1393/324/6 1378/327/6
f 1299/330/6 1300/326/6 1291/328/6
f 1392/329/6 1378/327/6 1379/331/6
f 1298/332/6 1299/330/6 1291/328/6
f 1391/333/6 1392/329/6 1379/331/6
f 1297/334/6 1298/332/6 1291/328/6
f 1391/333/6 1379/331/6 1380/335/6
f 1297/334/6 1291/328/6 1292/336/6
f 1391/333/6 1380/335/6 1381/337/6
f 1390/338/6 1391/333/6 1381/337/6
f 1390/338/6 1381/337/6 1382/339/6
f 1389/340/6 1390/338/6 1382/339/6
f 1389/340/6 1382/339/6 1383/341/6
f 1297/334/6 1292/336/6 1293/342/6
f 1389/340/6 1383/341/6 1384/343/6
f 1388/344/6 1389/340/6 1384/343/6
f 1388/344/6 1384/343/6 1385/345/6
f 1387/346/6 1388/344/6 1385/345/6
f 1387/346/6 1385/345/6 1386/347/6
f 1296/348/6 1297/334/6 1293/342/6
f 1293/342/6 1294/350/6 1295/349/6
f 1296/348/6 1293/342/6 1295/349/6
f 1427/120/6 1428/352/6 1429/351/6
f 1427/120/6 1429/351/6 1430/353/6
f 1431/354/6 1432/356/6 1433/355/6
f 1431/354/6 1433/355/6 1434/357/6
f 1427/120/6 1430/353/6 1619/358/6
f 1619/358/6 1430/353/6 1618/359/6
f 1618/359/6 1430/353/6 1617/360/6
f 1617/360/6 1430/353/6 1616/361/6
f 1616/361/6 1430/353/6 1615/362/6
f 1615/362/6 1430/353/6 1431/354/6
f 1615/362/6 1431/354/6 1614/363/6
f 1614/363/6 1431/354/6 1613/364/6
f 1613/364/6 1431/354/6 1612/365/6
f 1612/365/6 1431/354/6 1611/366/6
f 1611/366/6 1431/354/6 1610/367/6
f 1610/367/6 1431/354/6 1609/368/6
f 1609/368/6 1431/354/6 1471/369/6
f 1471/369/6 1431/354/6 1470/370/6
f 1470/370/6 1431/354/6 1469/371/6
f 1469/371/6 1431/354/6 1468/372/6
f 1468/372/6 1431/354/6 1467/373/6
f 1467/373/6 1431/354/6 1466/374/6
f 1466/374/6 1431/354/6 1465/375/6
f 1465/375/6 1431/354/6 1464/376/6
f 1464/376/6 1431/354/6 1463/377/6
f 1463/377/6 1431/354/6 1462/378/6
f 1462/378/6 1431/354/6 1461/379/6
f 1461/379/6 1431/354/6 1434/357/6
f 1608/380/6 1609/368/6 1471/369/6
f 1608/380/6 1471/369/6 1472/381/6
f 1607/382/6 1608/380/6 1472/381/6
f 1607/382/6 1472/381/6 1473/383/6
f 1606/384/6 1607/382/6 1473/383/6
f 1606/384/6 1473/383/6 1474/385/6
f 1605/386/6 1606/384/6 1474/385/6
f 1605/386/6 1474/385/6 1475/387/6
f 1604/388/6 1605/386/6 1475/387/6
f 1604/388/6 1475/387/6 1476/389/6
f 1603/390/6 1604/388/6 1476/389/6
f 1603/390/6 1476/389/6 1477/391/6
f 1602/392/6 1603/390/6 1477/391/6
f 1602/392/6 1477/391/6 1478/393/6
f 1601/394/6 1602/392/6 1478/393/6
f 1601/394/6 1478/393/6 1479/395/6
f 1600/396/6 1601/394/6 1479/395/6
f 1599/397/6 1600/396/6 1479/395/6
f 1599/397/6 1479/395/6 1480/398/6
f 1598/399/6 1599/397/6 1480/398/6
f 1598/399/6 1480/398/6 1481/400/6
f 1597/401/6 1598/399/6 1481/400/6
f 1597/401/6 1481/400/6 1482/402/6
f 1596/403/6 1597/401/6 1482/402/6
f 1596/403/6 1482/402/6 1483/404/6
f 1595/405/6 1596/403/6 1483/404/6
f 1595/405/6 1483/404/6 1484/406/6
f 1594/407/6 1595/405/6 1484/406/6
f 1594/407/6 1484/406/6 1485/408/6
f 1593/409/6 1594/407/6 1485/408/6
f 1593/409/6 1485/408/6 1486/410/6
f 1592/411/6 1593/409/6 1486/410/6
f 1592/411/6 1486/410/6 1487/412/6
f 1591/413/6 1592/411/6 1487/412/6
f 1460/414/7 1461/379/7 1434/357/7
f 1591/413/6 1487/412/6 1488/415/6
f 1590/416/6 1591/413/6 1488/415/6
f 1590/416/6 1488/415/6 1489/417/6
f 1459/418/6 1460/414/6 1434/357/6
f 1427/120/6 1619/358/6 1620/419/6
f 1589/420/6 1590/416/6 1489/417/6
f 1589/420/6 1489/417/6 1490/421/6
f 1458/422/6 1459/418/6 1434/357/6
f 1588/423/6 1589/420/6 1490/421/6
f 1427/120/6 1620/419/6 1621/424/6
f 1588/423/6 1490/421/6 1491/425/6
f 1587/426/6 1588/423/6 1491/425/6
f 1427/120/6 1621/424/6 1622/427/6
f 1457/428/6 1458/422/6 1434/357/6
f 1587/426/6 1491/425/6 1492/429/6
f 1586/430/6 1587/426/6 1492/429/6
f 1586/430/6 1492/429/6 1493/431/6
f 1427/120/6 1622/427/6 1623/432/6
f 1456/433/6 1457/428/6 1434/357/6
f 1585/434/6 1586/430/6 1493/431/6
f 1585/434/6 1493/431/6 1494/435/6
f 1427/120/6 1623/432/6 1624/436/6
f 1584/437/6 1585/434/6 1494/435/6
f 1455/438/6 1456/433/6 1434/357/6
f 1584/437/6 1494/435/6 1495/439/6
f 1427/120/6 1624/436/6 1625/440/6
f 1454/441/6 1455/438/6 1434/357/6
f 1584/437/6 1495/439/6 1496/442/6
f 1427/120/6 1625/440/6 1626/443/6
f 1453/444/6 1454/441/6 1434/357/6
f 1427/120/6 1626/443/6 1627/445/6
f 1452/446/6 1453/444/6 1434/357/6
f 1427/120/6 1627/445/6 1628/447/6
f 1451/448/6 1452/446/6 1434/357/6
f 1427/120/6 1628/447/6 1629/449/6
f 1450/450/6 1451/448/6 1434/357/6
f 1427/120/6 1629/449/6 1630/451/6
f 1449/452/6 1450/450/6 1434/357/6
f 1427/120/6 1630/451/6 1631/453/6
f 1448/454/6 1449/452/6 1434/357/6
f 1427/120/6 1631/453/6 1632/455/6
f 1447/456/6 1448/454/6 1434/357/6
f 1427/120/6 1632/455/6 1633/457/6
f 1446/458/6 1447/456/6 1434/357/6
f 1427/120/6 1633/457/6 1634/459/6
f 1445/460/6 1446/458/6 1434/357/6
f 1427/120/6 1634/459/6 1635/461/6
f 1427/120/6 1635/461/6 1636/462/6
f 1444/463/6 1445/460/6 1434/357/6
f 1427/120/6 1636/462/6 1637/464/6
f 1443/465/6 1444/463/6 1434/357/6
f 1427/120/6 1637/464/6 1638/466/6
f 1442/467/6 1443/465/6 1434/357/6
f 1427/120/6 1638/466/6 1639/468/6
f 1441/469/6 1442/467/6 1434/357/6
f 1427/120/6 1639/468/6 1640/470/6
f 1440/471/6 1441/469/6 1434/357/6
f 1427/120/6 1640/470/6 1641/472/6
f 1439/473/6 1440/471/6 1434/357/6
f 1427/120/6 1641/472/6 1642/474/6
f 1438/475/6 1439/473/6 1434/357/6
f 1645/27/6 1427/120/6 1644/476/6
f 1644/476/6 1427/120/6 1643/477/6
f 1643/477/6 1427/120/6 1642/474/6
f 1438/475/6 1434/357/6 1437/478/6
f 1437/478/6 1434/357/6 1436/479/6
f 1436/479/6 1434/357/6 1435/480/6
f 1584/437/6 1496/442/6 1497/481/6
f 1583/482/6 1584/437/6 1497/481/6
f 1583/482/6 1497/481/6 1498/483/6
f 1582/484/6 1583/482/6 1498/483/6
f 1582/484/6 1498/483/6 1499/485/6
f 1581/486/6 1582/484/6 1499/485/6
f 1581/486/6 1499/485/6 1500/487/6
f 1580/488/6 1581/486/6 1500/487/6
f 1580/488/6 1500/487/6 1501/489/6
f 1579/490/6 1580/488/6 1501/489/6
f 1579/490/6 1501/489/6 1502/491/6
f 1578/492/6 1579/490/6 1502/491/6
f 1578/492/6 1502/491/6 1503/493/6
f 1577/494/6 1578/492/6 1503/493/6
f 1577/494/6 1503/493/6 1504/495/6
f 1576/496/6 1577/494/6 1504/495/6
f 1576/496/6 1504/495/6 1505/497/6
f 1576/496/6 1505/497/6 1506/498/6
f 1575/499/6 1576/496/6 1506/498/6
f 1575/499/6 1506/498/6 1507/500/6
f 1574/501/6 1575/499/6 1507/500/6
f 1574/501/6 1507/500/6 1508/502/6
f 1573/503/6 1574/501/6 1508/502/6
f 1573/503/6 1508/502/6 1509/504/6
f 1573/503/6 1509/504/6 1510/505/6
f 1572/506/6 1573/503/6 1510/505/6
f 1572/506/6 1510/505/6 1511/507/6
f 1571/508/6 1572/506/6 1511/507/6
f 1571/508/6 1511/507/6 1512/509/6
f 1570/510/6 1571/508/6 1512/509/6
f 1570/510/6 1512/509/6 1513/511/6
f 1570/510/6 1513/511/6 1514/512/6
f 1569/513/6 1570/510/6 1514/512/6
f 1569/513/6 1514/512/6 1515/514/6
f 1568/515/6 1569/513/6 1515/514/6
f 1568/515/6 1515/514/6 1516/516/6
f 1567/517/6 1568/515/6 1516/516/6
f 1567/517/6 1516/516/6 1517/518/6
f 1567/517/6 1517/518/6 1518/519/6
f 1566/520/6 1567/517/6 1518/519/6
f 1566/520/6 1518/519/6 1519/521/6
f 1565/522/6 1566/520/6 1519/521/6
f 1565/522/6 1519/521/6 1520/523/6
f 1564/524/6 1565/522/6 1520/523/6
f 1564/524/6 1520/523/6 1521/525/6
f 1564/524/6 1521/525/6 1522/526/6
f 1563/527/6 1564/524/6 1522/526/6
f 1563/527/6 1522/526/6 1523/528/6
f 1562/529/6 1563/527/6 1523/528/6
f 1562/529/6 1523/528/6 1524/530/6
f 1561/531/6 1562/529/6 1524/530/6
f 1561/531/6 1524/530/6 1525/532/6
f 1560/533/6 1561/531/6 1525/532/6
f 1560/533/6 1525/532/6 1526/534/6
f 1560/533/6 1526/534/6 1527/535/6
f 1559/536/6 1560/533/6 1527/535/6
f 1559/536/6 1527/535/6 1528/537/6
f 1558/538/6 1559/536/6 1528/537/6
f 1558/538/6 1528/537/6 1529/539/6
f 1557/540/6 1558/538/6 1529/539/6
f 1557/540/6 1529/539/6 1530/541/6
f 1557/540/6 1530/541/6 1531/542/6
f 1556/543/6 1557/540/6 1531/542/6
f 1556/543/6 1531/542/6 1532/544/6
f 1555/545/6 1556/543/6 1532/544/6
f 1555/545/6 1532/544/6 1533/546/6
f 1555/545/6 1533/546/6 1534/547/6
f 1554/548/6 1555/545/6 1534/547/6
f 1554/548/6 1534/547/6 1535/549/6
f 1553/550/6 1554/548/6 1535/549/6
f 1553/550/6 1535/549/6 1536/551/6
f 1553/550/6 1536/551/6 1537/552/6
f 1552/553/6 1553/550/6 1537/552/6
f 1552/553/6 1537/552/6 1538/554/6
f 1551/555/6 1552/553/6 1538/554/6
f 1551/555/6 1538/554/6 1539/556/6
f 1551/555/6 1539/556/6 1540/557/6
f 1550/558/6 1551/555/6 1540/557/6
f 1550/558/6 1540/557/6 1541/559/6
f 1549/560/6 1550/558/6 1541/559/6
f 1549/560/6 1541/559/6 1542/561/6
f 1549/560/6 1542/561/6 1543/562/6
f 1548/563/6 1549/560/6 1543/562/6
f 1548/563/6 1543/562/6 1544/564/6
f 1546/565/6 1547/566/6 1548/563/6
f 1546/565/6 1548/563/6 1544/564/6
f 1546/565/6 1544/564/6 1545/567/6
f 1646/120/6 1647/569/6 1648/568/6
f 1646/120/6 1648/568/6 1919/27/6
f 1919/27/6 1648/568/6 1918/570/6
f 1918/570/6 1648/568/6 1917/571/6
f 1917/571/6 1648/568/6 1916/572/6
f 1916/572/6 1648/568/6 1684/573/6
f 1684/573/6 1648/568/6 1683/574/6
f 1683/574/6 1648/568/6 1682/575/6
f 1682/575/6 1648/568/6 1681/576/6
f 1681/576/6 1648/568/6 1680/577/6
f 1680/577/6 1648/568/6 1679/578/6
f 1679/578/6 1648/568/6 1678/579/6
f 1678/579/6 1648/568/6 1677/580/6
f 1677/580/6 1648/568/6 1676/581/6
f 1676/581/6 1648/568/6 1675/582/6
f 1675/582/6 1648/568/6 1674/583/6
f 1674/583/6 1648/568/6 1673/584/6
f 1673/584/6 1648/568/6 1672/585/6
f 1672/585/6 1648/568/6 1671/586/6
f 1671/586/6 1648/568/6 1649/587/6
f 1915/588/6 1916/572/6 1684/573/6
f 1914/589/6 1915/588/6 1684/573/6
f 1913/590/6 1914/589/6 1684/573/6
f 1912/591/6 1913/590/6 1684/573/6
f 1911/592/6 1912/591/6 1684/573/6
f 1910/593/6 1911/592/6 1684/573/6
f 1909/594/6 1910/593/6 1684/573/6
f 1908/595/6 1909/594/6 1684/573/6
f 1907/596/6 1908/595/6 1684/573/6
f 1906/597/6 1907/596/6 1684/573/6
f 1905/598/6 1906/597/6 1684/573/6
f 1904/599/6 1905/598/6 1685/600/6
f 1685/600/6 1905/598/6 1684/573/6
f 1903/601/6 1904/599/6 1685/600/6
f 1902/602/6 1903/601/6 1685/600/6
f 1901/603/6 1902/602/6 1685/600/6
f 1900/604/6 1901/603/6 1685/600/6
f 1899/605/6 1900/604/6 1686/606/6
f 1686/606/6 1900/604/6 1685/600/6
f 1898/607/6 1899/605/6 1686/606/6
f 1897/608/6 1898/607/6 1687/609/6
f 1687/609/6 1898/607/6 1686/606/6
f 1897/608/6 1687/609/6 1688/610/6
f 1896/611/6 1897/608/6 1688/610/6
f 1895/612/6 1896/611/6 1688/610/6
f 1894/613/6 1895/612/6 1688/610/6
f 1893/614/6 1894/613/6 1688/610/6
f 1892/615/6 1893/614/6 1688/610/6
f 1891/616/6 1892/615/6 1688/610/6
f 1890/617/6 1891/616/6 1688/610/6
f 1889/618/6 1890/617/6 1688/610/6
f 1670/619/8 1671/586/8 1649/587/8
f 1888/620/6 1889/618/6 1688/610/6
f 1669/621/6 1670/619/6 1649/587/6
f 1887/622/6 1888/620/6 1688/610/6
f 1668/623/6 1669/621/6 1649/587/6
f 1886/624/6 1887/622/6 1688/610/6
f 1667/625/6 1668/623/6 1649/587/6
f 1885/626/6 1886/624/6 1688/610/6
f 1666/627/6 1667/625/6 1649/587/6
f 1884/628/6 1885/626/6 1688/610/6
f 1665/629/6 1666/627/6 1649/587/6
f 1664/630/6 1665/629/6 1649/587/6
f 1883/631/6 1884/628/6 1688/610/6
f 1663/632/6 1664/630/6 1649/587/6
f 1882/633/6 1883/631/6 1688/610/6
f 1662/634/6 1663/632/6 1649/587/6
f 1661/635/6 1662/634/6 1649/587/6
f 1660/636/6 1661/635/6 1649/587/6
f 1659/637/6 1660/636/6 1649/587/6
f 1658/638/6 1659/637/6 1649/587/6
f 1725/639/6 1726/641/6 1727/640/6
f 1725/639/6 1727/640/6 1728/642/6
f 1657/643/6 1658/638/6 1649/587/6
f 1656/644/6 1657/643/6 1649/587/6
f 1655/645/6 1656/644/6 1649/587/6
f 1654/646/6 1655/645/6 1649/587/6
f 1724/647/6 1725/639/6 1728/642/6
f 1723/648/6 1724/647/6 1728/642/6
f 1653/649/6 1654/646/6 1649/587/6
f 1653/649/6 1649/587/6 1652/650/6
f 1652/650/6 1649/587/6 1651/651/6
f 1651/651/6 1649/587/6 1650/652/6
f 1722/653/6 1723/648/6 1728/642/6
f 1721/654/6 1722/653/6 1728/642/6
f 1720/655/6 1721/654/6 1728/642/6
f 1719/656/6 1720/655/6 1728/642/6
f 1718/657/6 1719/656/6 1728/642/6
f 1717/658/6 1718/657/6 1728/642/6
f 1716/659/6 1717/658/6 1728/642/6
f 1715/660/6 1716/659/6 1728/642/6
f 1714/661/6 1715/660/6 1728/642/6
f 1713/662/6 1714/661/6 1728/642/6
f 1712/663/6 1713/662/6 1728/642/6
f 1711/664/6 1712/663/6 1728/642/6
f 1710/665/6 1711/664/6 1728/642/6
f 1709/666/6 1710/665/6 1728/642/6
f 1708/667/6 1709/666/6 1728/642/6
f 1707/668/6 1708/667/6 1728/642/6
f 1706/669/6 1707/668/6 1728/642/6
f 1705/670/6 1706/669/6 1728/642/6
f 1704/671/6 1705/670/6 1728/642/6
f 1703/672/6 1704/671/6 1728/642/6
f 1702/673/6 1703/672/6 1728/642/6
f 1701/674/6 1702/673/6 1728/642/6
f 1700/675/6 1701/674/6 1728/642/6
f 1699/676/6 1700/675/6 1728/642/6
f 1698/677/6 1699/676/6 1728/642/6
f 1697/678/6 1698/677/6 1728/642/6
f 1696/679/6 1697/678/6 1728/642/6
f 1695/680/6 1696/679/6 1728/642/6
f 1694/681/6 1695/680/6 1728/642/6
f 1693/682/6 1694/681/6 1728/642/6
f 1692/683/6 1693/682/6 1728/642/6
f 1691/684/6 1692/683/6 1728/642/6
f 1690/685/6 1691/684/6 1728/642/6
f 1689/686/6 1690/685/6 1728/642/6
f 1882/633/6 1688/610/6 1689/686/6
f 1882/633/6 1689/686/6 1767/687/6
f 1767/687/6 1689/686/6 1766/688/6
f 1766/688/6 1689/686/6 1765/689/6
f 1765/689/6 1689/686/6 1764/690/6
f 1764/690/6 1689/686/6 1763/691/6
f 1763/691/6 1689/686/6 1762/692/6
f 1762/692/6 1689/686/6 1761/693/6
f 1761/693/6 1689/686/6 1760/694/6
f 1760/694/6 1689/686/6 1759/695/6
f 1759/695/6 1689/686/6 1758/696/6
f 1758/696/6 1689/686/6 1757/697/6
f 1757/697/6 1689/686/6 1756/698/6
f 1756/698/6 1689/686/6 1755/699/6
f 1755/699/6 1689/686/6 1754/700/6
f 1754/700/6 1689/686/6 1753/701/6
f 1753/701/6 1689/686/6 1752/702/6
f 1752/702/6 1689/686/6 1751/703/6
f 1751/703/6 1689/686/6 1750/704/6
f 1750/704/6 1689/686/6 1749/705/6
f 1749/705/6 1689/686/6 1728/642/6
f 1882/633/6 1767/687/6 1768/706/6
f 1748/707/6 1749/705/6 1728/642/6
f 1747/708/6 1748/707/6 1728/642/6
f 1746/709/6 1747/708/6 1728/642/6
f 1745/710/9 1746/709/9 1728/642/9
f 1744/711/6 1745/710/6 1728/642/6
f 1743/712/6 1744/711/6 1728/642/6
f 1742/713/6 1743/712/6 1728/642/6
f 1741/714/6 1742/713/6 1728/642/6
f 1840/715/6 1841/717/6 1842/716/6
f 1740/718/6 1741/714/6 1728/642/6
f 1739/719/6 1740/718/6 1728/642/6
f 1738/720/6 1739/719/6 1728/642/6
f 1839/721/6 1840/715/6 1842/716/6
f 1737/245/6 1738/720/6 1728/642/6
f 1736/722/6 1737/245/6 1728/642/6
f 1735/723/6 1736/722/6 1728/642/6
f 1838/724/6 1839/721/6 1842/716/6
f 1734/725/6 1735/723/6 1728/642/6
f 1733/726/6 1734/725/6 1728/642/6
f 1837/727/6 1838/724/6 1842/716/6
f 1732/728/6 1733/726/6 1728/642/6
f 1837/727/6 1842/716/6 1843/729/6
f 1731/730/6 1732/728/6 1728/642/6
f 1836/731/6 1837/727/6 1843/729/6
f 1730/732/6 1731/730/6 1728/642/6
f 1729/733/6 1730/732/6 1728/642/6
f 1835/734/6 1836/731/6 1843/729/6
f 1834/735/6 1835/734/6 1843/729/6
f 1833/736/6 1834/735/6 1843/729/6
f 1832/737/6 1833/736/6 1843/729/6
f 1831/738/6 1832/737/6 1843/729/6
f 1830/739/6 1831/738/6 1843/729/6
f 1829/740/6 1830/739/6 1843/729/6
f 1828/313/6 1829/740/6 1843/729/6
f 1827/741/6 1828/313/6 1843/729/6
f 1826/742/6 1827/741/6 1843/729/6
f 1825/743/6 1826/742/6 1843/729/6
f 1824/744/6 1825/743/6 1843/729/6
f 1881/745/6 1882/633/6 1768/706/6
f 1823/746/6 1824/744/6 1843/729/6
f 1880/747/6 1881/745/6 1768/706/6
f 1822/748/6 1823/746/6 1843/729/6
f 1880/747/6 1768/706/6 1769/749/6
f 1879/750/6 1880/747/6 1769/749/6
f 1879/750/6 1769/749/6 1770/751/6
f 1821/752/6 1822/748/6 1843/729/6
f 1879/750/6 1770/751/6 1771/753/6
f 1820/754/6 1821/752/6 1843/729/6
f 1878/755/6 1879/750/6 1771/753/6
f 1878/755/6 1771/753/6 1772/756/6
f 1819/757/6 1820/754/6 1843/729/6
f 1877/758/6 1878/755/6 1772/756/6
f 1877/758/6 1772/756/6 1773/759/6
f 1818/760/6 1819/757/6 1843/729/6
f 1876/761/6 1877/758/6 1773/759/6
f 1876/761/6 1773/759/6 1774/762/6
f 1817/763/6 1818/760/6 1843/729/6
f 1876/761/6 1774/762/6 1775/764/6
f 1875/765/6 1876/761/6 1775/764/6
f 1875/765/6 1775/764/6 1776/766/6
f 1816/767/6 1817/763/6 1843/729/6
f 1874/768/6 1875/765/6 1776/766/6
f 1874/768/6 1776/766/6 1777/769/6
f 1815/770/6 1816/767/6 1843/729/6
f 1874/768/6 1777/769/6 1778/771/6
f 1873/772/6 1874/768/6 1778/771/6
f 1873/772/6 1778/771/6 1779/773/6
f 1814/774/6 1815/770/6 1843/729/6
f 1873/772/6 1779/773/6 1780/775/6
f 1872/776/6 1873/772/6 1780/775/6
f 1872/776/6 1780/775/6 1781/777/6
f 1872/776/6 1781/777/6 1782/778/6
f 1813/779/6 1814/774/6 1843/729/6
f 1871/780/6 1872/776/6 1782/778/6
f 1871/780/6 1782/778/6 1783/781/6
f 1871/780/6 1783/781/6 1784/782/6
f 1870/783/6 1871/780/6 1784/782/6
f 1812/784/6 1813/779/6 1843/729/6
f 1870/783/6 1784/782/6 1785/785/6
f 1870/783/6 1785/785/6 1786/786/6
f 1869/787/6 1870/783/6 1786/786/6
f 1869/787/6 1786/786/6 1787/788/6
f 1811/789/6 1812/784/6 1843/729/6
f 1869/787/6 1787/788/6 1788/790/6
f 1869/787/6 1788/790/6 1789/791/6
f 1868/792/6 1869/787/6 1789/791/6
f 1810/793/6 1811/789/6 1843/729/6
f 1868/792/6 1789/791/6 1790/794/6
f 1868/792/6 1790/794/6 1791/795/6
f 1868/792/6 1791/795/6 1792/796/6
f 1809/797/6 1810/793/6 1843/729/6
f 1867/798/6 1868/792/6 1792/796/6
f 1867/798/6 1792/796/6 1793/799/6
f 1867/798/6 1793/799/6 1794/800/6
f 1867/798/6 1794/800/6 1795/801/6
f 1808/802/6 1809/797/6 1843/729/6
f 1867/798/6 1795/801/6 1796/803/6
f 1867/798/6 1796/803/6 1797/804/6
f 1866/805/6 1867/798/6 1797/804/6
f 1807/806/6 1808/802/6 1843/729/6
f 1866/805/6 1797/804/6 1798/807/6
f 1866/805/6 1798/807/6 1799/808/6
f 1806/809/6 1807/806/6 1843/729/6
f 1866/805/6 1799/808/6 1800/810/6
f 1866/805/6 1800/810/6 1801/811/6
f 1866/805/6 1801/811/6 1802/812/6
f 1805/813/6 1806/809/6 1843/729/6
f 1866/805/6 1802/812/6 1803/814/6
f 1866/805/6 1803/814/6 1804/815/6
f 1866/805/6 1804/815/6 1805/813/6
f 1866/805/6 1805/813/6 1843/729/6
f 1865/816/6 1866/805/6 1843/729/6
f 1864/817/6 1865/816/6 1843/729/6
f 1863/818/6 1864/817/6 1843/729/6
f 1862/819/6 1863/818/6 1843/729/6
f 1861/820/6 1862/819/6 1843/729/6
f 1860/821/6 1861/820/6 1843/729/6
f 1859/822/6 1860/821/6 1843/729/6
f 1858/823/6 1859/822/6 1843/729/6
f 1857/824/6 1858/823/6 1843/729/6
f 1856/825/6 1857/824/6 1843/729/6
f 1855/826/6 1856/825/6 1843/729/6
f 1854/827/6 1855/826/6 1843/729/6
f 1853/828/6 1854/827/6 1843/729/6
f 1852/829/6 1853/828/6 1843/729/6
f 1851/830/6 1852/829/6 1843/729/6
f 1850/831/6 1851/830/6 1843/729/6
f 1849/832/6 1850/831/6 1843/729/6
f 1848/833/6 1849/832/6 1843/729/6
f 1847/834/6 1848/833/6 1843/729/6
f 1846/835/6 1847/834/6 1843/729/6
f 1844/836/6 1845/837/6 1846/835/6
f 1844/836/6 1846/835/6 1843/729/6
f 1920/120/6 1921/839/6 1922/838/6
f 1920/120/6 1922/838/6 2148/27/6
f 2148/27/6 1922/838/6 2147/840/6
f 2147/840/6 1922/838/6 2146/841/6
f 2146/841/6 1922/838/6 2145/842/6
f 2145/842/6 1922/838/6 2144/843/6
f 2144/843/6 1922/838/6 2143/844/6
f 2143/844/6 1922/838/6 2142/845/6
f 2142/845/6 1922/838/6 2141/846/6
f 2141/846/6 1922/838/6 2140/847/6
f 2140/847/6 1922/838/6 2033/848/6
f 2033/848/6 1922/838/6 1923/849/6
f 1923/849/6 1924/851/6 2030/850/6
f 2030/850/6 1924/851/6 1925/852/6
f 2030/850/6 1925/852/6 1930/853/6
f 1930/853/6 1925/852/6 1929/854/6
f 1929/854/6 1925/852/6 1928/855/6
f 1928/855/6 1925/852/6 1927/856/6
f 1927/856/6 1925/852/6 1926/857/6
f 2030/850/6 1930/853/6 1931/858/6
f 2030/850/6 1931/858/6 1932/859/6
f 2030/850/6 1932/859/6 1933/860/6
f 2139/861/10 2140/847/10 2033/848/10
f 2138/862/6 2139/861/6 2033/848/6
f 2030/850/6 1933/860/6 1934/863/6
f 2137/864/6 2138/862/6 2033/848/6
f 2030/850/6 1934/863/6 1935/865/6
f 2136/866/6 2137/864/6 2033/848/6
f 2135/867/6 2136/866/6 2033/848/6
f 2030/850/6 1935/865/6 1936/868/6
f 2134/869/6 2135/867/6 2033/848/6
f 2030/850/6 1936/868/6 1937/870/6
f 2133/871/6 2134/869/6 2033/848/6
f 2132/872/6 2133/871/6 2033/848/6
f 2030/850/6 1937/870/6 1938/873/6
f 2131/874/6 2132/872/6 2033/848/6
f 2030/850/6 1938/873/6 1939/875/6
f 2130/876/6 2131/874/6 2033/848/6
f 2129/877/6 2130/876/6 2033/848/6
f 2030/850/6 1939/875/6 1940/878/6
f 2128/879/6 2129/877/6 2033/848/6
f 2030/850/6 1940/878/6 1941/880/6
f 2127/881/6 2128/879/6 2033/848/6
f 2126/882/6 2127/881/6 2033/848/6
f 2030/850/6 1941/880/6 1942/883/6
f 2125/884/6 2126/882/6 2033/848/6
f 2030/850/6 1942/883/6 1943/885/6
f 2124/886/6 2125/884/6 2033/848/6
f 2123/887/6 2124/886/6 2033/848/6
f 2030/850/6 1943/885/6 1944/888/6
f 2122/889/6 2123/887/6 2033/848/6
f 1923/849/6 2030/850/6 2031/890/6
f 2029/891/6 2030/850/6 1944/888/6
f 2121/892/6 2122/889/6 2033/848/6
f 2029/891/6 1944/888/6 1945/893/6
f 2120/894/6 2121/892/6 2033/848/6
f 2119/895/6 2120/894/6 2033/848/6
f 2029/891/6 1945/893/6 1946/896/6
f 2118/897/6 2119/895/6 2033/848/6
f 2029/891/6 1946/896/6 1947/898/6
f 2117/899/6 2118/897/6 2033/848/6
f 2029/891/6 1947/898/6 1948/900/6
f 2116/901/6 2117/899/6 2033/848/6
f 2115/902/6 2116/901/6 2033/848/6
f 2029/891/6 1948/900/6 1949/903/6
f 2115/902/6 2033/848/6 2034/551/6
f 2032/904/6 2033/848/6 1923/849/6
f 2114/905/6 2115/902/6 2034/551/6
f 2029/891/6 1949/903/6 1950/906/6
f 2113/907/6 2114/905/6 2034/551/6
f 2029/891/6 1950/906/6 1951/908/6
f 2112/909/6 2113/907/6 2034/551/6
f 2111/910/6 2112/909/6 2034/551/6
f 2029/891/6 1951/908/6 1952/911/6
f 2032/904/6 1923/849/6 2031/890/6
f 2110/912/6 2111/910/6 2034/551/6
f 2109/913/6 2110/912/6 2034/551/6
f 2028/914/6 2029/891/6 1952/911/6
f 2028/914/6 1952/911/6 1953/915/6
f 2108/916/6 2109/913/6 2034/551/6
f 2027/917/6 2028/914/6 1953/915/6
f 2027/917/6 1953/915/6 1954/918/6
f 2107/919/6 2108/916/6 2034/551/6
f 2026/920/6 2027/917/6 1954/918/6
f 2026/920/6 1954/918/6 1955/921/6
f 2106/922/6 2107/919/6 2034/551/6
f 2025/923/6 2026/920/6 1955/921/6
f 2025/923/6 1955/921/6 1956/924/6
f 2106/922/6 2034/551/6 2035/925/6
f 2024/926/6 2025/923/6 1956/924/6
f 2105/927/6 2106/922/6 2035/925/6
f 2024/926/6 1956/924/6 1957/928/6
f 2105/927/6 2035/925/6 2036/929/6
f 2023/930/6 2024/926/6 1957/928/6
f 2105/927/6 2036/929/6 2037/931/6
f 2104/932/6 2105/927/6 2037/931/6
f 2023/930/6 1957/928/6 1958/933/6
f 2104/932/6 2037/931/6 2038/934/6
f 2022/935/6 2023/930/6 1958/933/6
f 2022/935/6 1958/933/6 1959/936/6
f 2103/937/6 2104/932/6 2038/934/6
f 2103/937/6 2038/934/6 2039/938/6
f 2022/935/6 1959/936/6 1960/939/6
f 2021/940/6 2022/935/6 1960/939/6
f 2102/941/6 2103/937/6 2039/938/6
f 2102/941/6 2039/938/6 2040/942/6
f 2021/940/6 1960/939/6 1961/943/6
f 2020/944/6 2021/940/6 1961/943/6
f 2102/941/6 2040/942/6 2041/945/6
f 2101/946/6 2102/941/6 2041/945/6
f 2020/944/6 1961/943/6 1962/947/6
f 2101/946/6 2041/945/6 2042/948/6
f 2019/949/6 2020/944/6 1962/947/6
f 2100/950/6 2101/946/6 2042/948/6
f 2019/949/6 1962/947/6 1963/951/6
f 2100/950/6 2042/948/6 2043/952/6
f 2018/953/6 2019/949/6 1963/951/6
f 2099/954/6 2100/950/6 2043/952/6
f 2018/953/6 1963/951/6 1964/955/6
f 2099/954/6 2043/952/6 2044/956/6
f 2018/953/6 1964/955/6 1965/957/6
f 2017/958/6 2018/953/6 1965/957/6
f 2098/959/6 2099/954/6 2044/956/6
f 2098/959/6 2044/956/6 2045/960/6
f 2017/958/6 1965/957/6 1966/961/6
f 2016/962/6 2017/958/6 1966/961/6
f 2097/963/6 2098/959/6 2045/960/6
f 2097/963/6 2045/960/6 2046/964/6
f 2016/962/6 1966/961/6 1967/965/6
f 2015/966/6 2016/962/6 1967/965/6
f 2097/963/6 2046/964/6 2047/967/6
f 2096/968/6 2097/963/6 2047/967/6
f 2015/966/6 1967/965/6 1968/969/6
f 2014/970/6 2015/966/6 1968/969/6
f 2096/968/6 2047/967/6 2048/971/6
f 2095/972/6 2096/968/6 2048/971/6
f 2014/970/6 1968/969/6 1969/973/6
f 2095/972/6 2048/971/6 2049/974/6
f 2013/975/6 2014/970/6 1969/973/6
f 2094/976/6 2095/972/6 2049/974/6
f 2094/976/6 2049/974/6 2050/977/6
f 2013/975/6 1969/973/6 1970/978/6
f 2012/979/6 2013/975/6 1970/978/6
f 2093/980/6 2094/976/6 2050/977/6
f 2093/980/6 2050/977/6 2051/981/6
f 2012/979/6 1970/978/6 1971/982/6
f 2011/983/6 2012/979/6 1971/982/6
f 2092/984/6 2093/980/6 2051/981/6
f 2092/984/6 2051/981/6 2052/985/6
f 2011/983/6 1971/982/6 1972/986/6
f 2010/987/6 2011/983/6 1972/986/6
f 2091/988/6 2092/984/6 2052/985/6
f 2091/988/6 2052/985/6 2053/989/6
f 2010/987/6 1972/986/6 1973/990/6
f 2009/991/6 2010/987/6 1973/990/6
f 2090/992/6 2091/988/6 2053/989/6
f 2090/992/6 2053/989/6 2054/993/6
f 2009/991/6 1973/990/6 1974/994/6
f 2008/995/6 2009/991/6 1974/994/6
f 2090/992/6 2054/993/6 2055/996/6
f 2008/995/6 1974/994/6 1975/997/6
f 2089/998/6 2090/992/6 2055/996/6
f 2007/999/6 2008/995/6 1975/997/6
f 2007/999/6 1975/997/6 1976/1000/6
f 2089/998/6 2055/996/6 2056/1001/6
f 2088/1002/6 2089/998/6 2056/1001/6
f 2006/1003/6 2007/999/6 1976/1000/6
f 2006/1003/6 1976/1000/6 1977/1004/6
f 2088/1002/6 2056/1001/6 2057/1005/6
f 2087/1006/6 2088/1002/6 2057/1005/6
f 2005/1007/6 2006/1003/6 1977/1004/6
f 2005/1007/6 1977/1004/6 1978/1008/6
f 2087/1006/6 2057/1005/6 2058/1009/6
f 2086/1010/6 2087/1006/6 2058/1009/6
f 2004/1011/6 2005/1007/6 1978/1008/6
f 2086/1010/6 2058/1009/6 2059/1012/6
f 2004/1011/6 1978/1008/6 1979/1013/6
f 2085/1014/6 2086/1010/6 2059/1012/6
f 2003/1015/6 2004/1011/6 1979/1013/6
f 2085/1014/6 2059/1012/6 2060/1016/6
f 2003/1015/6 1979/1013/6 1980/1017/6
f 2084/1018/6 2085/1014/6 2060/1016/6
f 2002/1019/6 2003/1015/6 1980/1017/6
f 2084/1018/6 2060/1016/6 2061/1020/6
f 2083/1021/6 2084/1018/6 2061/1020/6
f 2002/1019/6 1980/1017/6 1981/1022/6
f 2001/1023/6 2002/1019/6 1981/1022/6
f 2083/1021/6 2061/1020/6 2062/1024/6
f 2082/1025/6 2083/1021/6 2062/1024/6
f 2001/1023/6 1981/1022/6 1982/1026/6
f 2000/1027/6 2001/1023/6 1982/1026/6
f 2082/1025/6 2062/1024/6 2063/1028/6
f 2081/1029/6 2082/1025/6 2063/1028/6
f 1999/1030/6 2000/1027/6 1982/1026/6
f 1999/1030/6 1982/1026/6 1983/1031/6
f 2081/1029/6 2063/1028/6 2064/1032/6
f 2080/1033/6 2081/1029/6 2064/1032/6
f 1998/1034/6 1999/1030/6 1983/1031/6
f 2080/1033/6 2064/1032/6 2065/1035/6
f 1998/1034/6 1983/1031/6 1984/1036/6
f 2079/1037/6 2080/1033/6 2065/1035/6
f 1997/1038/6 1998/1034/6 1984/1036/6
f 2079/1037/6 2065/1035/6 2066/1039/6
f 1997/1038/6 1984/1036/6 1985/1040/6
f 2078/1041/6 2079/1037/6 2066/1039/6
f 1996/245/6 1997/1038/6 1985/1040/6
f 2078/1041/6 2066/1039/6 2067/1042/6
f 1996/245/6 1985/1040/6 1986/1043/6
f 2077/1044/6 2078/1041/6 2067/1042/6
f 1995/1045/6 1996/245/6 1986/1043/6
f 2077/1044/6 2067/1042/6 2068/1046/6
f 1995/1045/6 1986/1043/6 1987/1047/6
f 2076/1048/6 2077/1044/6 2068/1046/6
f 1994/1049/6 1995/1045/6 1987/1047/6
f 2076/1048/6 2068/1046/6 2069/1050/6
f 1994/1049/6 1987/1047/6 1988/1051/6
f 2075/1052/6 2076/1048/6 2069/1050/6
f 1993/1053/6 1994/1049/6 1988/1051/6
f 2075/1052/6 2069/1050/6 2070/1054/6
f 2073/1055/6 2074/1056/6 2075/1052/6
f 2073/1055/6 2075/1052/6 2070/1054/6
f 2073/1055/6 2070/1054/6 2071/1057/6
f 2073/1055/6 2071/1057/6 2072/313/6
f 1991/1058/6 1992/1059/6 1993/1053/6
f 1991/1058/6 1993/1053/6 1988/1051/6
f 1991/1058/6 1988/1051/6 1989/1060/6
f 1991/1058/6 1989/1060/6 1990/1061/6
s 1
f 2150/1062/11 2152/1063/12 2151/1064/12 2149/120/11
f 2152/1063/12 2154/1065/13 2153/1066/13 2151/1064/12
f 2154/1065/13 2156/1067/14 2155/1068/14 2153/1066/13
f 2156/1067/14 2158/1069/15 2157/1070/15 2155/1068/14
f 2158/1069/15 2160/1071/16 2159/1072/16 2157/1070/15
f 2160/1071/16 2162/1073/17 2161/1074/17 2159/1072/16
f 2162/1073/17 2164/1075/18 2163/1076/18 2161/1074/17
f 2164/1075/18 2166/1077/19 2165/1078/19 2163/1076/18
f 2166/1077/19 2168/1079/20 2167/1080/20 2165/1078/19
f 2168/1079/20 2170/1081/21 2169/1082/21 2167/1080/20
f 2170/1081/21 2172/1083/22 2171/1084/22 2169/1082/21
f 2172/1083/22 2174/1085/23 2173/1086/23 2171/1084/22
f 2174/1085/23 2176/1087/24 2175/1088/24 2173/1086/23
f 2176/1087/24 2178/1089/25 2177/1090/25 2175/1088/24
f 2178/1089/25 2180/1091/26 2179/1092/26 2177/1090/25
f 2180/1091/26 2182/1093/27 2181/1094/27 2179/1092/26
f 2182/1093/27 2184/1095/28 2183/1096/28 2181/1094/27
f 2184/1095/28 2186/1097/29 2185/1098/29 2183/1096/28
f 2186/1097/29 2188/1099/30 2187/1100/30 2185/1098/29
f 2188/1099/30 2190/1101/31 2189/1102/31 2187/1100/30
f 2190/1101/31 2192/1103/32 2191/1104/32 2189/1102/31
f 2192/1103/32 2194/1105/33 2193/1106/33 2191/1104/32
f 2194/1105/33 2196/1107/34 2195/1108/34 2193/1106/33
f 2196/1107/34 2198/1109/35 2197/1110/35 2195/1108/34
f 2198/1109/35 2200/1111/36 2199/1112/36 2197/1110/35
f 2200/1111/36 2202/1113/37 2201/1114/37 2199/1112/36
f 2202/1113/37 2204/1115/38 2203/1116/38 2201/1114/37
f 2204/1115/38 2206/1117/39 2205/1118/39 2203/1116/38
f 2206/1117/39 2208/1119/40 2207/1120/40 2205/1118/39
f 2208/1119/40 2210/1121/41 2209/1122/41 2207/1120/40
f 2210/1121/41 2212/1123/42 2211/1124/42 2209/1122/41
f 2212/1123/42 2214/1125/43 2213/1126/43 2211/1124/42
f 2214/1125/43 2216/1127/44 2215/1128/44 2213/1126/43
f 2216/1127/44 2218/1129/45 2217/1130/45 2215/1128/44
f 2218/1129/45 2220/1131/46 2219/1132/46 2217/1130/45
f 2220/1131/46 2222/1133/47 2221/1134/47 2219/1132/46
f 2222/1133/47 2224/1135/48 2223/1136/48 2221/1134/47
f 2224/1135/48 2226/1137/49 2225/1138/49 2223/1136/48
f 2226/1137/49 2228/1139/50 2227/1140/50 2225/1138/49
f 2228/1139/50 2230/1141/51 2229/1142/51 2227/1140/50
f 2230/1141/51 2232/1143/52 2231/1144/52 2229/1142/51
f 2232/1143/52 2234/1145/53 2233/1146/53 2231/1144/52
f 2234/1145/53 2236/1147/54 2235/1148/54 2233/1146/53
f 2236/1147/54 2238/1149/55 2237/1150/55 2235/1148/54
f 2238/1149/55 2240/1151/56 2239/1152/56 2237/1150/55
f 2240/1151/56 2242/1153/57 2241/1154/57 2239/1152/56
f 2242/1153/57 2244/1155/58 2243/1156/58 2241/1154/57
f 2244/1155/58 2246/1157/59 2245/1158/59 2243/1156/58
f 2246/1157/59 2248/1159/60 2247/1160/60 2245/1158/59
f 2248/1159/60 2250/1161/61 2249/1162/61 2247/1160/60
f 2250/1161/61 2252/1163/62 2251/1164/62 2249/1162/61
f 2252/1163/62 2254/1165/63 2253/1166/63 2251/1164/62
f 2254/1165/63 2256/1167/64 2255/1168/64 2253/1166/63
f 2256/1167/64 2258/1169/65 2257/1170/65 2255/1168/64
f 2258/1169/65 2260/1171/66 2259/1172/66 2257/1170/65
f 2260/1171/66 2262/1173/67 2261/1174/67 2259/1172/66
f 2262/1173/67 2264/1175/68 2263/1176/68 2261/1174/67
f 2264/1175/68 2266/1177/69 2265/1178/69 2263/1176/68
f 2266/1177/69 2268/1179/70 2267/1180/70 2265/1178/69
f 2268/1179/70 2270/1181/71 2269/1182/71 2267/1180/70
f 2270/1181/71 2272/1183/72 2271/1184/72 2269/1182/71
f 2272/1183/72 2274/1185/73 2273/1186/73 2271/1184/72
f 2274/1185/73 2276/1187/74 2275/1188/74 2273/1186/73
f 2276/1187/74 2278/1189/75 2277/1190/75 2275/1188/74
f 2278/1189/75 2280/1191/76 2279/1192/76 2277/1190/75
f 2280/1191/76 2282/1193/77 2281/1194/77 2279/1192/76
f 2282/1193/77 2284/1195/78 2283/1196/78 2281/1194/77
f 2284/1195/78 2286/1197/79 2285/1198/79 2283/1196/78
f 2286/1197/79 2288/1199/16 2287/1200/16 2285/1198/79
f 2288/1199/16 2290/1201/17 2289/1202/17 2287/1200/16
f 2290/1201/17 2292/1203/11 2291/1204/11 2289/1202/17
f 2292/1203/11 2294/1205/12 2293/1206/12 2291/1204/11
f 2294/1205/12 2296/1207/80 2295/1208/80 2293/1206/12
f 2296/1207/80 2298/1209/81 2297/1210/81 2295/1208/80
f 2298/1209/81 2300/1211/82 2299/1212/82 2297/1210/81
f 2300/1211/82 2302/1213/83 2301/1214/83 2299/1212/82
f 2302/1213/83 2304/1215/84 2303/1216/84 2301/1214/83
f 2304/1215/84 2306/1217/85 2305/1218/85 2303/1216/84
f 2306/1217/85 2308/1219/86 2307/1220/86 2305/1218/85
f 2308/1219/86 2310/1221/87 2309/1222/87 2307/1220/86
f 2310/1221/87 2312/1223/88 2311/1224/88 2309/1222/87
f 2312/1223/88 2314/1225/89 2313/1226/89 2311/1224/88
f 2314/1225/89 2316/1227/90 2315/1228/90 2313/1226/89
f 2316/1227/90 2318/1229/91 2317/1230/91 2315/1228/90
f 2318/1229/91 2320/1231/92 2319/1232/92 2317/1230/91
f 2320/1231/92 2322/1233/93 2321/1234/93 2319/1232/92
f 2322/1233/93 2324/1235/94 2323/1236/94 2321/1234/93
f 2324/1235/94 2326/1237/95 2325/1238/95 2323/1236/94
f 2326/1237/95 2328/1239/96 2327/1240/96 2325/1238/95
f 2328/1239/96 2330/1241/97 2329/1242/97 2327/1240/96
f 2330/1241/97 2332/1243/98 2331/1244/98 2329/1242/97
f 2332/1243/98 2334/1245/99 2333/1246/99 2331/1244/98
f 2334/1245/99 2336/1247/100 2335/1248/100 2333/1246/99
f 2336/1247/100 2338/1249/101 2337/1250/101 2335/1248/100
f 2338/1249/101 2340/1251/102 2339/1252/102 2337/1250/101
f 2340/1251/102 2342/1253/103 2341/1254/103 2339/1252/102
f 2342/1253/103 2344/1255/104 2343/1256/104 2341/1254/103
f 2344/1255/104 2346/1257/105 2345/1258/105 2343/1256/104
f 2346/1257/105 2348/1259/106 2347/1260/106 2345/1258/105
f 2348/1259/106 2350/1261/107 2349/1262/107 2347/1260/106
f 2350/1261/107 2352/1263/108 2351/1264/108 2349/1262/107
f 2352/1263/108 2354/1265/109 2353/1266/109 2351/1264/108
f 2354/1265/109 2356/1267/110 2355/1268/110 2353/1266/109
f 2356/1267/110 2358/1269/111 2357/1270/111 2355/1268/110
f 2358/1269/111 2360/1271/112 2359/1272/112 2357/1270/111
f 2360/1271/112 2362/1273/113 2361/1274/113 2359/1272/112
f 2362/1273/113 2364/1275/114 2363/1276/114 2361/1274/113
f 2364/1275/114 2366/1277/115 2365/1278/115 2363/1276/114
f 2366/1277/115 2368/1279/116 2367/1280/116 2365/1278/115
f 2368/1279/116 2370/1281/117 2369/1282/117 2367/1280/116
f 2370/1281/117 2372/1283/118 2371/1284/118 2369/1282/117
f 2372/1283/118 2374/1285/119 2373/1286/119 2371/1284/118
f 2374/1285/119 2376/1287/120 2375/1288/120 2373/1286/119
f 2376/1287/120 2378/1289/121 2377/1290/121 2375/1288/120
f 2378/1289/121 2380/1291/122 2379/1292/122 2377/1290/121
f 2380/1291/122 2382/1293/123 2381/1294/123 2379/1292/122
f 2382/1293/123 2384/1295/124 2383/1296/124 2381/1294/123
f 2384/1295/124 2386/1297/125 2385/1298/125 2383/1296/124
f 2386/1297/125 2388/1299/126 2387/1300/126 2385/1298/125
f 2388/1299/126 2390/1301/127 2389/1302/127 2387/1300/126
f 2390/1301/127 2392/1303/128 2391/1304/128 2389/1302/127
f 2392/1303/128 2394/1305/129 2393/1306/129 2391/1304/128
f 2394/1305/129 2396/1307/130 2395/1308/130 2393/1306/129
f 2396/1307/130 2398/1309/131 2397/1310/131 2395/1308/130
f 2398/1309/131 2400/1311/132 2399/1312/132 2397/1310/131
f 2400/1311/132 2402/1313/133 2401/1314/133 2399/1312/132
f 2402/1313/133 2404/1315/134 2403/1316/134 2401/1314/133
f 2404/1315/134 2406/1317/135 2405/1318/135 2403/1316/134
f 2406/1317/135 2408/1319/136 2407/1320/136 2405/1318/135
f 2408/1319/136 2410/1321/16 2409/1322/16 2407/1320/136
f 2410/1321/16 2412/1323/137 2411/1324/137 2409/1322/16
f 2412/1323/137 2414/1325/138 2413/1326/138 2411/1324/137
f 2414/1325/138 2416/1327/139 2415/1328/139 2413/1326/138
f 2416/1327/139 2418/1329/140 2417/1330/140 2415/1328/139
f 2418/1329/140 2420/1331/141 2419/1332/141 2417/1330/140
f 2420/1331/141 2422/1333/142 2421/1334/142 2419/1332/141
f 2422/1333/142 2424/1335/143 2423/1336/143 2421/1334/142
f 2424/1335/143 2426/1337/144 2425/1338/144 2423/1336/143
f 2426/1337/144 2428/1339/145 2427/1340/145 2425/1338/144
f 2428/1339/145 2430/1341/146 2429/1342/146 2427/1340/145
f 2430/1341/146 2432/1343/147 2431/1344/147 2429/1342/146
f 2432/1343/147 2434/1345/148 2433/1346/148 2431/1344/147
f 2434/1345/148 2436/1347/149 2435/1348/149 2433/1346/148
f 2436/1347/149 2438/1349/150 2437/1350/150 2435/1348/149
f 2438/1349/150 2440/1351/151 2439/1352/151 2437/1350/150
f 2440/1351/151 2442/1353/152 2441/1354/152 2439/1352/151
f 2442/1353/152 2444/1355/153 2443/1356/153 2441/1354/152
f 2444/1355/153 2446/1357/154 2445/1358/154 2443/1356/153
f 2446/1357/154 2448/1359/155 2447/1360/155 2445/1358/154
f 2448/1359/155 2450/1361/156 2449/1362/156 2447/1360/155
f 2450/1361/156 2452/1363/16 2451/1364/16 2449/1362/156
f 2452/1363/16 2454/1365/17 2453/1366/17 2451/1364/16
f 2454/1365/17 2456/1367/11 2455/1368/11 2453/1366/17
f 2456/1367/11 2458/1369/12 2457/1370/12 2455/1368/11
f 2458/1369/12 2460/1371/157 2459/1372/157 2457/1370/12
f 2460/1371/157 2462/1373/158 2461/1374/158 2459/1372/157
f 2462/1373/158 2464/1375/159 2463/1376/159 2461/1374/158
f 2464/1375/159 2466/1377/160 2465/1378/160 2463/1376/159
f 2466/1377/160 2468/1379/161 2467/1380/161 2465/1378/160
f 2468/1379/161 2470/1381/162 2469/1382/162 2467/1380/161
f 2470/1381/162 2472/1383/163 2471/1384/163 2469/1382/162
f 2472/1383/163 2474/1385/164 2473/1386/164 2471/1384/163
f 2474/1385/164 2476/1387/165 2475/1388/165 2473/1386/164
f 2476/1387/165 2478/1389/166 2477/1390/166 2475/1388/165
f 2478/1389/166 2480/1391/167 2479/1392/167 2477/1390/166
f 2480/1391/167 2482/1393/168 2481/1394/168 2479/1392/167
f 2482/1393/168 2484/1395/169 2483/1396/169 2481/1394/168
f 2484/1395/169 2486/1397/170 2485/1398/170 2483/1396/169
f 2486/1397/170 2488/1399/171 2487/1400/171 2485/1398/170
f 2488/1399/171 2490/1401/172 2489/1402/172 2487/1400/171
f 2490/1401/172 2492/1403/173 2491/1404/173 2489/1402/172
f 2492/1403/173 2494/1405/174 2493/1406/174 2491/1404/173
f 2494/1405/174 2496/1407/175 2495/1408/175 2493/1406/174
f 2496/1407/175 2498/1409/176 2497/1410/176 2495/1408/175
f 2498/1409/176 2500/1411/177 2499/1412/177 2497/1410/176
f 2500/1411/177 2502/1413/178 2501/1414/178 2499/1412/177
f 2502/1413/178 2504/1415/179 2503/1416/179 2501/1414/178
f 2504/1415/179 2506/1417/180 2505/1418/180 2503/1416/179
f 2506/1417/180 2508/1419/181 2507/1420/181 2505/1418/180
f 2508/1419/181 2510/1421/182 2509/1422/182 2507/1420/181
f 2510/1421/182 2512/1423/183 2511/1424/183 2509/1422/182
f 2512/1423/183 2514/1425/184 2513/1426/184 2511/1424/183
f 2514/1425/184 2516/1427/185 2515/1428/185 2513/1426/184
f 2516/1427/185 2518/1429/186 2517/1430/186 2515/1428/185
f 2518/1429/186 2520/1431/187 2519/1432/187 2517/1430/186
f 2520/1431/187 2522/1433/188 2521/1434/188 2519/1432/187
f 2522/1433/188 2524/1435/189 2523/1436/189 2521/1434/188
f 2524/1435/189 2526/1437/190 2525/1438/190 2523/1436/189
f 2526/1437/190 2528/1439/191 2527/1440/191 2525/1438/190
f 2528/1439/191 2530/1441/192 2529/1442/192 2527/1440/191
f 2530/1441/192 2532/1443/193 2531/1444/193 2529/1442/192
f 2532/1443/193 2534/1445/194 2533/1446/194 2531/1444/193
f 2534/1445/194 2536/1447/195 2535/1448/195 2533/1446/194
f 2536/1447/195 2538/1449/196 2537/1450/196 2535/1448/195
f 2538/1449/196 2540/1451/197 2539/1452/197 2537/1450/196
f 2540/1451/197 2542/1453/198 2541/1454/198 2539/1452/197
f 2542/1453/198 2544/1455/199 2543/1456/199 2541/1454/198
f 2544/1455/199 2546/1457/200 2545/1458/200 2543/1456/199
f 2546/1457/200 2548/1459/201 2547/1460/201 2545/1458/200
f 2548/1459/201 2550/1461/202 2549/1462/202 2547/1460/201
f 2550/1461/202 2552/1463/203 2551/1464/203 2549/1462/202
f 2552/1463/203 2554/1465/204 2553/1466/204 2551/1464/203
f 2554/1465/204 2556/1467/205 2555/1468/205 2553/1466/204
f 2556/1467/205 2558/1469/206 2557/1470/206 2555/1468/205
f 2558/1469/206 2560/1471/207 2559/1472/207 2557/1470/206
f 2560/1471/207 2562/1473/208 2561/1474/208 2559/1472/207
f 2562/1473/208 2564/1475/209 2563/1476/209 2561/1474/208
f 2564/1475/209 2566/1477/210 2565/1478/210 2563/1476/209
f 2566/1477/210 2568/1479/211 2567/1480/211 2565/1478/210
f 2568/1479/211 2570/1481/212 2569/1482/212 2567/1480/211
f 2570/1481/212 2572/1483/213 2571/1484/213 2569/1482/212
f 2572/1483/213 2574/1485/214 2573/1486/214 2571/1484/213
f 2574/1485/214 2576/1487/215 2575/1488/215 2573/1486/214
f 2576/1487/215 2578/1489/216 2577/1490/216 2575/1488/215
f 2578/1489/216 2580/1491/217 2579/1492/217 2577/1490/216
f 2580/1491/217 2582/1493/218 2581/1494/218 2579/1492/217
f 2582/1493/218 2584/1495/219 2583/1496/219 2581/1494/218
f 2584/1495/219 2586/1497/220 2585/1498/220 2583/1496/219
f 2586/1497/220 2588/1499/221 2587/1500/221 2585/1498/220
f 2588/1499/221 2590/1501/222 2589/1502/222 2587/1500/221
f 2590/1501/222 2592/1503/223 2591/1504/223 2589/1502/222
f 2592/1503/223 2594/1505/224 2593/1506/224 2591/1504/223
f 2594/1505/224 2596/1507/225 2595/1508/225 2593/1506/224
f 2596/1507/225 2598/1509/226 2597/1510/226 2595/1508/225
f 2598/1509/226 2600/1511/227 2599/1512/227 2597/1510/226
f 2600/1511/227 2602/1513/228 2601/1514/228 2599/1512/227
f 2602/1513/228 2604/1515/229 2603/1516/229 2601/1514/228
f 2604/1515/229 2606/1517/230 2605/1518/230 2603/1516/229
f 2606/1517/230 2150/1519/11 2149/27/11 2605/1518/230
f 2608/1062/11 2610/1520/12 2609/1521/12 2607/120/11
f 2610/1520/12 2612/1522/231 2611/1523/231 2609/1521/12
f 2612/1522/231 2614/1524/232 2613/1525/232 2611/1523/231
f 2614/1524/232 2616/1526/233 2615/1527/233 2613/1525/232
f 2616/1526/233 2618/1528/234 2617/1529/234 2615/1527/233
f 2618/1528/234 2620/1530/235 2619/1531/235 2617/1529/234
f 2620/1530/235 2622/1532/236 2621/1533/236 2619/1531/235
f 2622/1532/236 2624/1534/237 2623/1535/237 2621/1533/236
f 2624/1534/237 2626/1536/238 2625/1537/238 2623/1535/237
f 2626/1536/238 2628/1538/239 2627/1539/239 2625/1537/238
f 2628/1538/239 2630/1540/240 2629/1541/240 2627/1539/239
f 2630/1540/240 2632/1542/241 2631/1543/241 2629/1541/240
f 2632/1542/241 2634/1544/242 2633/1545/242 2631/1543/241
f 2634/1544/242 2636/1546/243 2635/1547/243 2633/1545/242
f 2636/1546/243 2638/1548/244 2637/1549/244 2635/1547/243
f 2638/1548/244 2640/1550/245 2639/1551/245 2637/1549/244
f 2640/1550/245 2642/1552/246 2641/1553/246 2639/1551/245
f 2642/1552/246 2644/1554/247 2643/1555/247 2641/1553/246
f 2644/1554/247 2646/1556/248 2645/1557/248 2643/1555/247
f 2646/1556/248 2648/1558/249 2647/1559/249 2645/1557/248
f 2648/1558/249 2650/1560/250 2649/1561/250 2647/1559/249
f 2650/1560/250 2652/1562/251 2651/1563/251 2649/1561/250
f 2652/1562/251 2654/1564/252 2653/1565/252 2651/1563/251
f 2654/1564/252 2656/1566/253 2655/1567/253 2653/1565/252
f 2656/1566/253 2658/1568/254 2657/1569/254 2655/1567/253
f 2658/1568/254 2660/1570/255 2659/1571/255 2657/1569/254
f 2660/1570/255 2662/1572/256 2661/1573/256 2659/1571/255
f 2662/1572/256 2664/1574/257 2663/1575/257 2661/1573/256
f 2664/1574/257 2666/1576/258 2665/1577/258 2663/1575/257
f 2666/1576/258 2668/1578/259 2667/1579/259 2665/1577/258
f 2668/1578/259 2670/1580/260 2669/1581/260 2667/1579/259
f 2670/1580/260 2672/1582/261 2671/1583/261 2669/1581/260
f 2672/1582/261 2674/1584/262 2673/1585/262 2671/1583/261
f 2674/1584/262 2676/1586/263 2675/1587/263 2673/1585/262
f 2676/1586/263 2678/1588/264 2677/1589/264 2675/1587/263
f 2678/1588/264 2680/1590/265 2679/1591/265 2677/1589/264
f 2680/1590/265 2682/1592/266 2681/1593/266 2679/1591/265
f 2682/1592/266 2684/1594/267 2683/1595/267 2681/1593/266
f 2684/1594/267 2686/1596/268 2685/1597/268 2683/1595/267
f 2686/1596/268 2688/1598/269 2687/1599/269 2685/1597/268
f 2688/1598/269 2690/1600/17 2689/1601/17 2687/1599/269
f 2690/1600/17 2692/1602/16 2691/1603/16 2689/1601/17
f 2692/1602/16 2694/1604/270 2693/1605/270 2691/1603/16
f 2694/1604/270 2696/1606/271 2695/1607/271 2693/1605/270
f 2696/1606/271 2698/1608/272 2697/1609/272 2695/1607/271
f 2698/1608/272 2700/1610/273 2699/1611/273 2697/1609/272
f 2700/1610/273 2702/1612/274 2701/1613/274 2699/1611/273
f 2702/1612/274 2704/1614/275 2703/1615/275 2701/1613/274
f 2704/1614/275 2706/1616/276 2705/1617/276 2703/1615/275
f 2706/1616/276 2708/1618/277 2707/1619/277 2705/1617/276
f 2708/1618/277 2710/1620/278 2709/1621/278 2707/1619/277
f 2710/1620/278 2712/1622/279 2711/1623/279 2709/1621/278
f 2712/1622/279 2714/1624/280 2713/1625/280 2711/1623/279
f 2714/1624/280 2716/1626/281 2715/1627/281 2713/1625/280
f 2716/1626/281 2718/1628/282 2717/1629/282 2715/1627/281
f 2718/1628/282 2720/1630/283 2719/1631/283 2717/1629/282
f 2720/1630/283 2722/1632/284 2721/1633/284 2719/1631/283
f 2722/1632/284 2724/1634/285 2723/1635/285 2721/1633/284
f 2724/1634/285 2726/1636/286 2725/1637/286 2723/1635/285
f 2726/1636/286 2728/1638/287 2727/1639/287 2725/1637/286
f 2728/1638/287 2730/1640/288 2729/1641/288 2727/1639/287
f 2730/1640/288 2732/1642/289 2731/1643/289 2729/1641/288
f 2732/1642/289 2734/1644/290 2733/1645/290 2731/1643/289
f 2734/1644/290 2736/1646/291 2735/1647/291 2733/1645/290
f 2736/1646/291 2738/1648/292 2737/1649/292 2735/1647/291
f 2738/1648/292 2740/1650/293 2739/1651/293 2737/1649/292
f 2740/1650/293 2742/1652/294 2741/1653/294 2739/1651/293
f 2742/1652/294 2744/1654/295 2743/1655/295 2741/1653/294
f 2744/1654/295 2746/1656/296 2745/1657/296 2743/1655/295
f 2746/1656/296 2748/1658/297 2747/1659/297 2745/1657/296
f 2748/1658/297 2750/1660/298 2749/1661/298 2747/1659/297
f 2750/1660/298 2752/1662/299 2751/1663/299 2749/1661/298
f 2752/1662/299 2754/1664/300 2753/1665/300 2751/1663/299
f 2754/1664/300 2756/1666/301 2755/1667/301 2753/1665/300
f 2756/1666/301 2758/1668/302 2757/1669/302 2755/1667/301
f 2758/1668/302 2760/1670/303 2759/1671/303 2757/1669/302
f 2760/1670/303 2762/1672/304 2761/1673/304 2759/1671/303
f 2762/1672/304 2764/1674/305 2763/1675/305 2761/1673/304
f 2764/1674/305 2766/1676/306 2765/1677/306 2763/1675/305
f 2766/1676/306 2768/1678/12 2767/1679/12 2765/1677/306
f 2768/1678/12 2770/1680/16 2769/1681/16 2767/1679/12
f 2770/1680/16 2772/1682/17 2771/1683/17 2769/1681/16
f 2772/1682/17 2774/1684/11 2773/1685/11 2771/1683/17
f 2774/1684/11 2776/1686/307 2775/1687/307 2773/1685/11
f 2776/1686/307 2778/1688/308 2777/1689/308 2775/1687/307
f 2778/1688/308 2780/1690/309 2779/1691/309 2777/1689/308
f 2780/1690/309 2782/1692/310 2781/1693/310 2779/1691/309
f 2782/1692/310 2784/1694/311 2783/1695/311 2781/1693/310
f 2784/1694/311 2786/1696/312 2785/1697/312 2783/1695/311
f 2786/1696/312 2788/1698/313 2787/1699/313 2785/1697/312
f 2788/1698/313 2790/1700/314 2789/1701/314 2787/1699/313
f 2790/1700/314 2792/1702/315 2791/1703/315 2789/1701/314
f 2792/1702/315 2794/1704/316 2793/1705/316 2791/1703/315
f 2794/1704/316 2796/1706/317 2795/1707/317 2793/1705/316
f 2796/1706/317 2798/1708/318 2797/1709/318 2795/1707/317
f 2798/1708/318 2800/1710/319 2799/1711/319 2797/1709/318
f 2800/1710/319 2802/1712/320 2801/1713/320 2799/1711/319
f 2802/1712/320 2804/1714/321 2803/1715/321 2801/1713/320
f 2804/1714/321 2806/1716/322 2805/1717/322 2803/1715/321
f 2806/1716/322 2808/1718/323 2807/1719/323 2805/1717/322
f 2808/1718/323 2810/1720/324 2809/1721/324 2807/1719/323
f 2810/1720/324 2812/1722/325 2811/1723/325 2809/1721/324
f 2812/1722/325 2814/1724/326 2813/1725/326 2811/1723/325
f 2814/1724/326 2816/1726/327 2815/1727/327 2813/1725/326
f 2816/1726/327 2818/1728/328 2817/1729/328 2815/1727/327
f 2818/1728/328 2820/1730/329 2819/1731/329 2817/1729/328
f 2820/1730/329 2822/1732/330 2821/1733/330 2819/1731/329
f 2822/1732/330 2824/1734/331 2823/1735/331 2821/1733/330
f 2824/1734/331 2826/1736/332 2825/1737/332 2823/1735/331
f 2826/1736/332 2828/1738/333 2827/1739/333 2825/1737/332
f 2828/1738/333 2830/1740/334 2829/1741/334 2827/1739/333
f 2830/1740/334 2832/1742/335 2831/1743/335 2829/1741/334
f 2832/1742/335 2834/1744/336 2833/1745/336 2831/1743/335
f 2834/1744/336 2836/1746/337 2835/1747/337 2833/1745/336
f 2836/1746/337 2838/1748/338 2837/1749/338 2835/1747/337
f 2838/1748/338 2840/1750/339 2839/1751/339 2837/1749/338
f 2840/1750/339 2842/1752/340 2841/1753/340 2839/1751/339
f 2842/1752/340 2844/1754/341 2843/1755/341 2841/1753/340
f 2844/1754/341 2846/1756/342 2845/1757/342 2843/1755/341
f 2846/1756/342 2848/1758/343 2847/1759/343 2845/1757/342
f 2848/1758/343 2850/1760/17 2849/1761/17 2847/1759/343
f 2850/1760/17 2852/1762/344 2851/1763/344 2849/1761/17
f 2852/1762/344 2854/1764/345 2853/1765/345 2851/1763/344
f 2854/1764/345 2856/1766/346 2855/1767/346 2853/1765/345
f 2856/1766/346 2858/1768/347 2857/1769/347 2855/1767/346
f 2858/1768/347 2860/1770/348 2859/1771/348 2857/1769/347
f 2860/1770/348 2862/1772/349 2861/1773/349 2859/1771/348
f 2862/1772/349 2864/1774/350 2863/1775/350 2861/1773/349
f 2864/1774/350 2866/1776/351 2865/1777/351 2863/1775/350
f 2866/1776/351 2868/1778/352 2867/1779/352 2865/1777/351
f 2868/1778/352 2870/1780/353 2869/1781/353 2867/1779/352
f 2870/1780/353 2872/1782/354 2871/1783/354 2869/1781/353
f 2872/1782/354 2874/1784/355 2873/1785/355 2871/1783/354
f 2874/1784/355 2876/1786/356 2875/1787/356 2873/1785/355
f 2876/1786/356 2878/1788/357 2877/1789/357 2875/1787/356
f 2878/1788/357 2880/1790/358 2879/1791/358 2877/1789/357
f 2880/1790/358 2882/1792/359 2881/551/359 2879/1791/358
f 2882/1792/359 2884/1793/360 2883/1794/360 2881/551/359
f 2884/1793/360 2886/1795/361 2885/1796/361 2883/1794/360
f 2886/1795/361 2888/1797/362 2887/1798/362 2885/1796/361
f 2888/1797/362 2890/1799/363 2889/1800/363 2887/1798/362
f 2890/1799/363 2892/1801/364 2891/1802/364 2889/1800/363
f 2892/1801/364 2894/1803/365 2893/1804/365 2891/1802/364
f 2894/1803/365 2896/1805/366 2895/1806/366 2893/1804/365
f 2896/1805/366 2898/1807/367 2897/1808/367 2895/1806/366
f 2898/1807/367 2900/1809/368 2899/1810/368 2897/1808/367
f 2900/1809/368 2902/1811/369 2901/1812/369 2899/1810/368
f 2902/1811/369 2904/1813/370 2903/1814/370 2901/1812/369
f 2904/1813/370 2906/1815/371 2905/1816/371 2903/1814/370
f 2906/1815/371 2908/1817/372 2907/1818/372 2905/1816/371
f 2908/1817/372 2910/1819/373 2909/1820/373 2907/1818/372
f 2910/1819/373 2912/1821/374 2911/1822/374 2909/1820/373
f 2912/1821/374 2914/1823/375 2913/1824/375 2911/1822/374
f 2914/1823/375 2916/1825/376 2915/1826/376 2913/1824/375
f 2916/1825/376 2918/1827/377 2917/1828/377 2915/1826/376
f 2918/1827/377 2920/1829/378 2919/1830/378 2917/1828/377
f 2920/1829/378 2922/1831/379 2921/1832/379 2919/1830/378
f 2922/1831/379 2924/1833/380 2923/1834/380 2921/1832/379
f 2924/1833/380 2926/1835/381 2925/1836/381 2923/1834/380
f 2926/1835/381 2928/1837/382 2927/1838/382 2925/1836/381
f 2928/1837/382 2930/1839/383 2929/1840/383 2927/1838/382
f 2930/1839/383 2932/1841/384 2931/1842/384 2929/1840/383
f 2932/1841/384 2934/1843/385 2933/1844/385 2931/1842/384
f 2934/1843/385 2936/1845/386 2935/1846/386 2933/1844/385
f 2936/1845/386 2938/1847/387 2937/1848/387 2935/1846/386
f 2938/1847/387 2940/1849/388 2939/1850/388 2937/1848/387
f 2940/1849/388 2942/1851/389 2941/1852/389 2939/1850/388
f 2942/1851/389 2944/1853/390 2943/1854/390 2941/1852/389
f 2944/1853/390 2946/1855/391 2945/1856/391 2943/1854/390
f 2946/1855/391 2948/1857/392 2947/1858/392 2945/1856/391
f 2948/1857/392 2950/1859/393 2949/1860/393 2947/1858/392
f 2950/1859/393 2952/1861/394 2951/1862/394 2949/1860/393
f 2952/1861/394 2954/1863/395 2953/1864/395 2951/1862/394
f 2954/1863/395 2956/1865/396 2955/1866/396 2953/1864/395
f 2956/1865/396 2958/1867/397 2957/1868/397 2955/1866/396
f 2958/1867/397 2960/1869/398 2959/1870/398 2957/1868/397
f 2960/1869/398 2962/1871/399 2961/1872/399 2959/1870/398
f 2962/1871/399 2964/1873/400 2963/1874/400 2961/1872/399
f 2964/1873/400 2966/1875/401 2965/1876/401 2963/1874/400
f 2966/1875/401 2968/1877/402 2967/1878/402 2965/1876/401
f 2968/1877/402 2970/1879/403 2969/1880/403 2967/1878/402
f 2970/1879/403 2972/1881/404 2971/1882/404 2969/1880/403
f 2972/1881/404 2974/1883/405 2973/1884/405 2971/1882/404
f 2974/1883/405 2976/1885/406 2975/1886/406 2973/1884/405
f 2976/1885/406 2978/1887/407 2977/1888/407 2975/1886/406
f 2978/1887/407 2980/1889/408 2979/1890/408 2977/1888/407
f 2980/1889/408 2982/1891/409 2981/1892/409 2979/1890/408
f 2982/1891/409 2984/1893/410 2983/1894/410 2981/1892/409
f 2984/1893/410 2986/1895/411 2985/1896/411 2983/1894/410
f 2986/1895/411 2988/1897/412 2987/1898/412 2985/1896/411
f 2988/1897/412 2990/1899/413 2989/1900/413 2987/1898/412
f 2990/1899/413 2992/1901/414 2991/1902/414 2989/1900/413
f 2992/1901/414 2994/1903/415 2993/1904/415 2991/1902/414
f 2994/1903/415 2996/1905/416 2995/1906/416 2993/1904/415
f 2996/1905/416 2998/1907/417 2997/1908/417 2995/1906/416
f 2998/1907/417 3000/1909/418 2999/1910/418 2997/1908/417
f 3000/1909/418 3002/1911/419 3001/1912/419 2999/1910/418
f 3002/1911/419 3004/1913/11 3003/1914/11 3001/1912/419
f 3004/1913/11 3006/1915/12 3005/1916/12 3003/1914/11
f 3006/1915/12 3008/1917/270 3007/1918/270 3005/1916/12
f 3008/1917/270 3010/1919/420 3009/1920/420 3007/1918/270
f 3010/1919/420 3012/1921/421 3011/1922/421 3009/1920/420
f 3012/1921/421 3014/1923/422 3013/1924/422 3011/1922/421
f 3014/1923/422 3016/1925/423 3015/1926/423 3013/1924/422
f 3016/1925/423 3018/1927/424 3017/1928/424 3015/1926/423
f 3018/1927/424 3020/1929/425 3019/1930/425 3017/1928/424
f 3020/1929/425 3022/1931/426 3021/1932/426 3019/1930/425
f 3022/1931/426 3024/1933/427 3023/1934/427 3021/1932/426
f 3024/1933/427 3026/1935/428 3025/1936/428 3023/1934/427
f 3026/1935/428 3028/1937/429 3027/1938/429 3025/1936/428
f 3028/1937/429 3030/1939/430 3029/1940/430 3027/1938/429
f 3030/1939/430 3032/1941/431 3031/1942/431 3029/1940/430
f 3032/1941/431 3034/1943/432 3033/1944/432 3031/1942/431
f 3034/1943/432 3036/1945/433 3035/1946/433 3033/1944/432
f 3036/1945/433 3038/1947/434 3037/1948/434 3035/1946/433
f 3038/1947/434 3040/1949/435 3039/1950/435 3037/1948/434
f 3040/1949/435 3042/1951/436 3041/1952/436 3039/1950/435
f 3042/1951/436 3044/1953/437 3043/1954/437 3041/1952/436
f 3044/1953/437 3046/1955/438 3045/1956/438 3043/1954/437
f 3046/1955/438 3048/1957/439 3047/1958/439 3045/1956/438
f 3048/1957/439 3050/1959/440 3049/1960/440 3047/1958/439
f 3050/1959/440 3052/1961/441 3051/1962/441 3049/1960/440
f 3052/1961/441 3054/1963/442 3053/1964/442 3051/1962/441
f 3054/1963/442 3056/1965/443 3055/1966/443 3053/1964/442
f 3056/1965/443 3058/1967/444 3057/1968/444 3055/1966/443
f 3058/1967/444 3060/1969/445 3059/1970/445 3057/1968/444
f 3060/1969/445 3062/1971/446 3061/1972/446 3059/1970/445
f 3062/1971/446 3064/1973/447 3063/1974/447 3061/1972/446
f 3064/1973/447 3066/1975/448 3065/1976/448 3063/1974/447
f 3066/1975/448 3068/1977/449 3067/1978/449 3065/1976/448
f 3068/1977/449 3070/1979/450 3069/1980/450 3067/1978/449
f 3070/1979/450 3072/1981/451 3071/1982/451 3069/1980/450
f 3072/1981/451 3074/1983/452 3073/1984/452 3071/1982/451
f 3074/1983/452 3076/1985/453 3075/1986/453 3073/1984/452
f 3076/1985/453 3078/1987/454 3077/1988/454 3075/1986/453
f 3078/1987/454 3080/1989/455 3079/1990/455 3077/1988/454
f 3080/1989/455 3082/1991/456 3081/1992/456 3079/1990/455
f 3082/1991/456 3084/1993/457 3083/1994/457 3081/1992/456
f 3084/1993/457 3086/1995/458 3085/1996/458 3083/1994/457
f 3086/1995/458 3088/1997/459 3087/1998/459 3085/1996/458
f 3088/1997/459 3090/1999/460 3089/2000/460 3087/1998/459
f 3090/1999/460 3092/2001/461 3091/2002/461 3089/2000/460
f 3092/2001/461 3094/2003/462 3093/2004/462 3091/2002/461
f 3094/2003/462 3096/2005/463 3095/2006/463 3093/2004/462
f 3096/2005/463 3098/2007/464 3097/2008/464 3095/2006/463
f 3098/2007/464 3100/2009/465 3099/2010/465 3097/2008/464
f 3100/2009/465 3102/2011/466 3101/2012/466 3099/2010/465
f 3102/2011/466 3104/2013/467 3103/2014/467 3101/2012/466
f 3104/2013/467 3106/2015/468 3105/2016/468 3103/2014/467
f 3106/2015/468 3108/2017/469 3107/2018/469 3105/2016/468
f 3108/2017/469 3110/2019/470 3109/2020/470 3107/2018/469
f 3110/2019/470 3112/2021/471 3111/2022/471 3109/2020/470
f 3112/2021/471 3114/2023/472 3113/2024/472 3111/2022/471
f 3114/2023/472 3116/2025/473 3115/2026/473 3113/2024/472
f 3116/2025/473 3118/2027/474 3117/2028/474 3115/2026/473
f 3118/2027/474 3120/2029/475 3119/2030/475 3117/2028/474
f 3120/2029/475 3122/2031/476 3121/2032/476 3119/2030/475
f 3122/2031/476 3124/2033/477 3123/2034/477 3121/2032/476
f 3124/2033/477 3126/2035/478 3125/2036/478 3123/2034/477
f 3126/2035/478 3128/2037/479 3127/2038/479 3125/2036/478
f 3128/2037/479 3130/2039/480 3129/2040/480 3127/2038/479
f 3130/2039/480 3132/2041/481 3131/2042/481 3129/2040/480
f 3132/2041/481 3134/2043/482 3133/2044/482 3131/2042/481
f 3134/2043/482 3136/2045/483 3135/2046/483 3133/2044/482
f 3136/2045/483 3138/2047/484 3137/2048/484 3135/2046/483
f 3138/2047/484 3140/2049/485 3139/2050/485 3137/2048/484
f 3140/2049/485 3142/2051/486 3141/2052/486 3139/2050/485
f 3142/2051/486 3144/2053/487 3143/2054/487 3141/2052/486
f 3144/2053/487 3146/2055/488 3145/2056/488 3143/2054/487
f 3146/2055/488 3148/2057/489 3147/2058/489 3145/2056/488
f 3148/2057/489 3150/2059/490 3149/2060/490 3147/2058/489
f 3150/2059/490 3152/2061/491 3151/2062/491 3149/2060/490
f 3152/2061/491 3154/2063/492 3153/2064/492 3151/2062/491
f 3154/2063/492 2608/1519/11 2607/27/11 3153/2064/492
f 3156/1062/493 3158/2065/494 3157/2066/494 3155/120/493
f 3158/2065/494 3160/2067/495 3159/2068/495 3157/2066/494
f 3160/2067/495 3162/2069/495 3161/2070/495 3159/2068/495
f 3162/2069/495 3164/2071/496 3163/2072/496 3161/2070/495
f 3164/2071/496 3166/2073/496 3165/2074/496 3163/2072/496
f 3166/2073/496 3168/2075/497 3167/2076/497 3165/2074/496
f 3168/2075/497 3170/2077/498 3169/2078/498 3167/2076/497
f 3170/2077/498 3172/2079/499 3171/2080/499 3169/2078/498
f 3172/2079/499 3174/2081/500 3173/2082/500 3171/2080/499
f 3174/2081/500 3176/2083/501 3175/2084/501 3173/2082/500
f 3176/2083/501 3178/2085/502 3177/2086/502 3175/2084/501
f 3178/2085/502 3180/2087/503 3179/2088/503 3177/2086/502
f 3180/2087/503 3182/2089/504 3181/2090/504 3179/2088/503
f 3182/2089/504 3184/2091/505 3183/2092/505 3181/2090/504
f 3184/2091/505 3186/2093/506 3185/2094/506 3183/2092/505
f 3186/2093/506 3188/2095/507 3187/2096/507 3185/2094/506
f 3188/2095/507 3190/2097/508 3189/2098/508 3187/2096/507
f 3190/2097/508 3192/2099/509 3191/2100/509 3189/2098/508
f 3192/2099/509 3194/2101/510 3193/2102/510 3191/2100/509
f 3194/2101/510 3196/2103/511 3195/2104/511 3193/2102/510
f 3196/2103/511 3198/2105/512 3197/2106/512 3195/2104/511
f 3198/2105/512 3200/2107/513 3199/2108/513 3197/2106/512
f 3200/2107/513 3202/2109/514 3201/2110/514 3199/2108/513
f 3202/2109/514 3204/2111/515 3203/2112/515 3201/2110/514
f 3204/2111/515 3206/2113/516 3205/2114/516 3203/2112/515
f 3206/2113/516 3208/2115/517 3207/2116/517 3205/2114/516
f 3208/2115/517 3210/2117/518 3209/2118/518 3207/2116/517
f 3210/2117/518 3212/2119/519 3211/2120/519 3209/2118/518
f 3212/2119/519 3214/2121/520 3213/2122/520 3211/2120/519
f 3214/2121/520 3216/2123/521 3215/2124/521 3213/2122/520
f 3216/2123/521 3218/2125/522 3217/2126/522 3215/2124/521
f 3218/2125/522 3220/2127/523 3219/2128/523 3217/2126/522
f 3220/2127/523 3222/2129/524 3221/2130/524 3219/2128/523
f 3222/2129/524 3224/2131/525 3223/2132/525 3221/2130/524
f 3224/2131/525 3226/2133/526 3225/2134/526 3223/2132/525
f 3226/2133/526 3228/2135/527 3227/2136/527 3225/2134/526
f 3228/2135/527 3230/2137/528 3229/2138/528 3227/2136/527
f 3230/2137/528 3232/2139/529 3231/2140/529 3229/2138/528
f 3232/2139/529 3234/2141/530 3233/2142/530 3231/2140/529
f 3234/2141/530 3236/2143/531 3235/2144/531 3233/2142/530
f 3236/2143/531 3238/2145/532 3237/2146/532 3235/2144/531
f 3238/2145/532 3240/2147/533 3239/2148/533 3237/2146/532
f 3240/2147/533 3242/2149/534 3241/2150/534 3239/2148/533
f 3242/2149/534 3244/2151/535 3243/2152/535 3241/2150/534
f 3244/2151/535 3246/2153/536 3245/2154/536 3243/2152/535
f 3246/2153/536 3248/2155/537 3247/2156/537 3245/2154/536
f 3248/2155/537 3250/2157/538 3249/2158/538 3247/2156/537
f 3250/2157/538 3252/2159/539 3251/2160/539 3249/2158/538
f 3252/2159/539 3254/2161/540 3253/2162/540 3251/2160/539
f 3254/2161/540 3256/2163/541 3255/2164/541 3253/2162/540
f 3256/2163/541 3258/2165/542 3257/2166/542 3255/2164/541
f 3258/2165/542 3260/2167/543 3259/2168/543 3257/2166/542
f 3260/2167/543 3262/2169/544 3261/2170/544 3259/2168/543
f 3262/2169/544 3264/2171/545 3263/2172/545 3261/2170/544
f 3264/2171/545 3266/2173/546 3265/2174/546 3263/2172/545
f 3266/2173/546 3268/2175/547 3267/2176/547 3265/2174/546
f 3268/2175/547 3270/2177/548 3269/2178/548 3267/2176/547
f 3270/2177/548 3272/2179/549 3271/2180/549 3269/2178/548
f 3272/2179/549 3274/2181/550 3273/2182/550 3271/2180/549
f 3274/2181/550 3276/2183/551 3275/2184/551 3273/2182/550
f 3276/2183/551 3278/2185/552 3277/2186/552 3275/2184/551
f 3278/2185/552 3280/2187/553 3279/2188/553 3277/2186/552
f 3280/2187/553 3282/2189/554 3281/2190/554 3279/2188/553
f 3282/2189/554 3284/2191/555 3283/2192/555 3281/2190/554
f 3284/2191/555 3286/2193/556 3285/2194/556 3283/2192/555
f 3286/2193/556 3288/2195/557 3287/2196/557 3285/2194/556
f 3288/2195/557 3290/2197/558 3289/2198/558 3287/2196/557
f 3290/2197/558 3292/2199/559 3291/2200/559 3289/2198/558
f 3292/2199/559 3294/2201/560 3293/2202/560 3291/2200/559
f 3294/2201/560 3296/2203/561 3295/2204/561 3293/2202/560
f 3296/2203/561 3298/2205/562 3297/2206/562 3295/2204/561
f 3298/2205/562 3300/2207/563 3299/2208/563 3297/2206/562
f 3300/2207/563 3302/2209/564 3301/245/564 3299/2208/563
f 3302/2209/564 3304/2210/565 3303/2211/565 3301/245/564
f 3304/2210/565 3306/2212/566 3305/2213/566 3303/2211/565
f 3306/2212/566 3308/2214/567 3307/2215/567 3305/2213/566
f 3308/2214/567 3310/2216/568 3309/2217/568 3307/2215/567
f 3310/2216/568 3312/2218/569 3311/2219/569 3309/2217/568
f 3312/2218/569 3314/2220/570 3313/2221/570 3311/2219/569
f 3314/2220/570 3316/2222/571 3315/2223/571 3313/2221/570
f 3316/2222/571 3318/2224/572 3317/2225/572 3315/2223/571
f 3318/2224/572 3320/2226/573 3319/2227/573 3317/2225/572
f 3320/2226/573 3322/2228/574 3321/2229/574 3319/2227/573
f 3322/2228/574 3324/2230/575 3323/2231/575 3321/2229/574
f 3324/2230/575 3326/2232/576 3325/2233/576 3323/2231/575
f 3326/2232/576 3328/2234/577 3327/2235/577 3325/2233/576
f 3328/2234/577 3330/2236/578 3329/2237/578 3327/2235/577
f 3330/2236/578 3332/2238/579 3331/2239/579 3329/2237/578
f 3332/2238/579 3334/2240/580 3333/2241/580 3331/2239/579
f 3334/2240/580 3336/2242/581 3335/2243/581 3333/2241/580
f 3336/2242/581 3338/2244/582 3337/2245/582 3335/2243/581
f 3338/2244/582 3340/2246/583 3339/2247/583 3337/2245/582
f 3340/2246/583 3342/2248/584 3341/2249/584 3339/2247/583
f 3342/2248/584 3344/2250/585 3343/2251/585 3341/2249/584
f 3344/2250/585 3346/2252/586 3345/2253/586 3343/2251/585
f 3346/2252/586 3348/2254/587 3347/2255/587 3345/2253/586
f 3348/2254/587 3350/2256/588 3349/2257/588 3347/2255/587
f 3350/2256/588 3352/2258/589 3351/2259/589 3349/2257/588
f 3352/2258/589 3354/2260/590 3353/2261/590 3351/2259/589
f 3354/2260/590 3356/2262/591 3355/2263/591 3353/2261/590
f 3356/2262/591 3358/2264/592 3357/2265/592 3355/2263/591
f 3358/2264/592 3360/2266/593 3359/2267/593 3357/2265/592
f 3360/2266/593 3362/2268/594 3361/2269/594 3359/2267/593
f 3362/2268/594 3364/2270/595 3363/2271/595 3361/2269/594
f 3364/2270/595 3366/2272/596 3365/2273/596 3363/2271/595
f 3366/2272/596 3368/2274/597 3367/2275/597 3365/2273/596
f 3368/2274/597 3370/2276/598 3369/2277/598 3367/2275/597
f 3370/2276/598 3372/2278/599 3371/2279/599 3369/2277/598
f 3372/2278/599 3374/2280/600 3373/2281/600 3371/2279/599
f 3374/2280/600 3376/2282/601 3375/2283/601 3373/2281/600
f 3376/2282/601 3378/2284/602 3377/2285/602 3375/2283/601
f 3378/2284/602 3380/2286/603 3379/2287/603 3377/2285/602
f 3380/2286/603 3382/2288/604 3381/2289/604 3379/2287/603
f 3382/2288/604 3384/2290/605 3383/2291/605 3381/2289/604
f 3384/2290/605 3386/2292/606 3385/2293/606 3383/2291/605
f 3386/2292/606 3388/2294/607 3387/2295/607 3385/2293/606
f 3388/2294/607 3390/2296/608 3389/2297/608 3387/2295/607
f 3390/2296/608 3392/2298/17 3391/2299/17 3389/2297/608
f 3392/2298/17 3394/2300/11 3393/2301/11 3391/2299/17
f 3394/2300/11 3396/2302/12 3395/2303/12 3393/2301/11
f 3396/2302/12 3398/2304/609 3397/2305/609 3395/2303/12
f 3398/2304/609 3400/2306/610 3399/2307/610 3397/2305/609
f 3400/2306/610 3402/2308/611 3401/2309/611 3399/2307/610
f 3402/2308/611 3404/2310/612 3403/2311/612 3401/2309/611
f 3404/2310/612 3406/2312/613 3405/2313/613 3403/2311/612
f 3406/2312/613 3408/2314/614 3407/2315/614 3405/2313/613
f 3408/2314/614 3410/2316/615 3409/2317/615 3407/2315/614
f 3410/2316/615 3412/2318/616 3411/2319/616 3409/2317/615
f 3412/2318/616 3414/2320/617 3413/2321/617 3411/2319/616
f 3414/2320/617 3416/2322/618 3415/2323/618 3413/2321/617
f 3416/2322/618 3418/2324/619 3417/2325/619 3415/2323/618
f 3418/2324/619 3420/2326/620 3419/2327/620 3417/2325/619
f 3420/2326/620 3422/2328/621 3421/2329/621 3419/2327/620
f 3422/2328/621 3424/2330/622 3423/2331/622 3421/2329/621
f 3424/2330/622 3426/2332/623 3425/2333/623 3423/2331/622
f 3426/2332/623 3428/2334/624 3427/2335/624 3425/2333/623
f 3428/2334/624 3430/2336/625 3429/2337/625 3427/2335/624
f 3430/2336/625 3432/2338/626 3431/2339/626 3429/2337/625
f 3432/2338/626 3434/2340/175 3433/2341/175 3431/2339/626
f 3434/2340/175 3436/2342/627 3435/2343/627 3433/2341/175
f 3436/2342/627 3438/2344/628 3437/2345/628 3435/2343/627
f 3438/2344/628 3440/2346/629 3439/2347/629 3437/2345/628
f 3440/2346/629 3442/2348/630 3441/2349/630 3439/2347/629
f 3442/2348/630 3444/2350/631 3443/2351/631 3441/2349/630
f 3444/2350/631 3446/2352/632 3445/2353/632 3443/2351/631
f 3446/2352/632 3448/2354/633 3447/313/633 3445/2353/632
f 3448/2354/633 3450/2355/634 3449/2356/634 3447/313/633
f 3450/2355/634 3452/2357/635 3451/2358/635 3449/2356/634
f 3452/2357/635 3454/2359/636 3453/2360/636 3451/2358/635
f 3454/2359/636 3456/2361/637 3455/2362/637 3453/2360/636
f 3456/2361/637 3458/2363/638 3457/2364/638 3455/2362/637
f 3458/2363/638 3460/2365/639 3459/2366/639 3457/2364/638
f 3460/2365/639 3462/2367/640 3461/2368/640 3459/2366/639
f 3462/2367/640 3464/2369/641 3463/2370/641 3461/2368/640
f 3464/2369/641 3466/2371/642 3465/2372/642 3463/2370/641
f 3466/2371/642 3468/2373/643 3467/2374/643 3465/2372/642
f 3468/2373/643 3470/2375/644 3469/2376/644 3467/2374/643
f 3470/2375/644 3472/2377/645 3471/2378/645 3469/2376/644
f 3472/2377/645 3474/2379/646 3473/2380/646 3471/2378/645
f 3474/2379/646 3476/2381/309 3475/2382/309 3473/2380/646
f 3476/2381/309 3478/2383/647 3477/2384/647 3475/2382/309
f 3478/2383/647 3480/2385/648 3479/2386/648 3477/2384/647
f 3480/2385/648 3482/2387/649 3481/2388/649 3479/2386/648
f 3482/2387/649 3484/2389/650 3483/2390/650 3481/2388/649
f 3484/2389/650 3486/2391/651 3485/2392/651 3483/2390/650
f 3486/2391/651 3488/2393/652 3487/2394/652 3485/2392/651
f 3488/2393/652 3490/2395/653 3489/2396/653 3487/2394/652
f 3490/2395/653 3492/2397/654 3491/2398/654 3489/2396/653
f 3492/2397/654 3494/2399/655 3493/2400/655 3491/2398/654
f 3494/2399/655 3496/2401/656 3495/2402/656 3493/2400/655
f 3496/2401/656 3498/2403/657 3497/2404/657 3495/2402/656
f 3498/2403/657 3500/2405/658 3499/2406/658 3497/2404/657
f 3500/2405/658 3502/2407/659 3501/2408/659 3499/2406/658
f 3502/2407/659 3504/2409/660 3503/2410/660 3501/2408/659
f 3504/2409/660 3506/2411/661 3505/2412/661 3503/2410/660
f 3506/2411/661 3508/2413/662 3507/2414/662 3505/2412/661
f 3508/2413/662 3510/2415/663 3509/2416/663 3507/2414/662
f 3510/2415/663 3512/2417/664 3511/2418/664 3509/2416/663
f 3512/2417/664 3514/2419/665 3513/2420/665 3511/2418/664
f 3514/2419/665 3516/2421/666 3515/2422/666 3513/2420/665
f 3516/2421/666 3518/2423/667 3517/2424/667 3515/2422/666
f 3518/2423/667 3520/2425/668 3519/2426/668 3517/2424/667
f 3520/2425/668 3522/2427/669 3521/2428/669 3519/2426/668
f 3522/2427/669 3524/2429/670 3523/2430/670 3521/2428/669
f 3524/2429/670 3526/2431/671 3525/2432/671 3523/2430/670
f 3526/2431/671 3528/2433/672 3527/2434/672 3525/2432/671
f 3528/2433/672 3530/2435/673 3529/2436/673 3527/2434/672
f 3530/2435/673 3532/2437/674 3531/2438/674 3529/2436/673
f 3532/2437/674 3534/2439/675 3533/2440/675 3531/2438/674
f 3534/2439/675 3536/2441/676 3535/2442/676 3533/2440/675
f 3536/2441/676 3538/2443/677 3537/2444/677 3535/2442/676
f 3538/2443/677 3540/2445/678 3539/2446/678 3537/2444/677
f 3540/2445/678 3542/2447/679 3541/2448/679 3539/2446/678
f 3542/2447/679 3544/2449/680 3543/2450/680 3541/2448/679
f 3544/2449/680 3546/2451/681 3545/2452/681 3543/2450/680
f 3546/2451/681 3548/2453/682 3547/2454/682 3545/2452/681
f 3548/2453/682 3550/2455/683 3549/2456/683 3547/2454/682
f 3550/2455/683 3552/2457/684 3551/2458/684 3549/2456/683
f 3552/2457/684 3554/2459/685 3553/2460/685 3551/2458/684
f 3554/2459/685 3556/2461/686 3555/2462/686 3553/2460/685
f 3556/2461/686 3558/2463/687 3557/2464/687 3555/2462/686
f 3558/2463/687 3560/2465/688 3559/2466/688 3557/2464/687
f 3560/2465/688 3562/2467/689 3561/2468/689 3559/2466/688
f 3562/2467/689 3564/2469/690 3563/2470/690 3561/2468/689
f 3564/2469/690 3566/2471/691 3565/2472/691 3563/2470/690
f 3566/2471/691 3568/2473/692 3567/2474/692 3565/2472/691
f 3568/2473/692 3570/2475/693 3569/2476/693 3567/2474/692
f 3570/2475/693 3572/2477/694 3571/2478/694 3569/2476/693
f 3572/2477/694 3574/2479/695 3573/2480/695 3571/2478/694
f 3574/2479/695 3576/2481/696 3575/2482/696 3573/2480/695
f 3576/2481/696 3578/2483/697 3577/2484/697 3575/2482/696
f 3578/2483/697 3580/2485/698 3579/2486/698 3577/2484/697
f 3580/2485/698 3582/2487/699 3581/2488/699 3579/2486/698
f 3582/2487/699 3584/2489/700 3583/2490/700 3581/2488/699
f 3584/2489/700 3586/2491/701 3585/2492/701 3583/2490/700
f 3586/2491/701 3588/2493/702 3587/2494/702 3585/2492/701
f 3588/2493/702 3590/2495/703 3589/2496/703 3587/2494/702
f 3590/2495/703 3592/2497/704 3591/2498/704 3589/2496/703
f 3592/2497/704 3156/1519/493 3155/27/493 3591/2498/704
f 3594/1062/705 3596/2499/706 3595/2500/706 3593/120/705
f 3596/2499/706 3598/2501/707 3597/2502/707 3595/2500/706
f 3598/2501/707 3600/2503/708 3599/2504/708 3597/2502/707
f 3600/2503/708 3602/2505/709 3601/2506/709 3599/2504/708
f 3602/2505/709 3604/2507/710 3603/2508/710 3601/2506/709
f 3604/2507/710 3606/2509/711 3605/2510/711 3603/2508/710
f 3606/2509/711 3608/2511/712 3607/2512/712 3605/2510/711
f 3608/2511/712 3610/2513/713 3609/2514/713 3607/2512/712
f 3610/2513/713 3612/2515/714 3611/2516/714 3609/2514/713
f 3612/2515/714 3614/2517/715 3613/2518/715 3611/2516/714
f 3614/2517/715 3616/2519/716 3615/2520/716 3613/2518/715
f 3616/2519/716 3618/2521/717 3617/2522/717 3615/2520/716
f 3618/2521/717 3620/2523/718 3619/2524/718 3617/2522/717
f 3620/2523/718 3622/2525/719 3621/2526/719 3619/2524/718
f 3622/2525/719 3624/2527/720 3623/2528/720 3621/2526/719
f 3624/2527/720 3626/2529/721 3625/2530/721 3623/2528/720
f 3626/2529/721 3628/2531/722 3627/2532/722 3625/2530/721
f 3628/2531/722 3630/2533/723 3629/2534/723 3627/2532/722
f 3630/2533/723 3632/2535/724 3631/2536/724 3629/2534/723
f 3632/2535/724 3634/2537/370 3633/2538/370 3631/2536/724
f 3634/2537/370 3636/2539/725 3635/2540/725 3633/2538/370
f 3636/2539/725 3638/2541/726 3637/2542/726 3635/2540/725
f 3638/2541/726 3640/2543/727 3639/2544/727 3637/2542/726
f 3640/2543/727 3642/2545/728 3641/2546/728 3639/2544/727
f 3642/2545/728 3644/2547/729 3643/2548/729 3641/2546/728
f 3644/2547/729 3646/2549/730 3645/2550/730 3643/2548/729
f 3646/2549/730 3648/2551/731 3647/2552/731 3645/2550/730
f 3648/2551/731 3650/2553/17 3649/2554/17 3647/2552/731
f 3650/2553/17 3652/2555/11 3651/2556/11 3649/2554/17
f 3652/2555/11 3654/2557/732 3653/2558/732 3651/2556/11
f 3654/2557/732 3656/2559/733 3655/2560/733 3653/2558/732
f 3656/2559/733 3658/2561/734 3657/2562/734 3655/2560/733
f 3658/2561/734 3660/2563/735 3659/2564/735 3657/2562/734
f 3660/2563/735 3662/2565/736 3661/2566/736 3659/2564/735
f 3662/2565/736 3664/2567/737 3663/2568/737 3661/2566/736
f 3664/2567/737 3666/2569/738 3665/2570/738 3663/2568/737
f 3666/2569/738 3668/2571/739 3667/2572/739 3665/2570/738
f 3668/2571/739 3670/2573/740 3669/2574/740 3667/2572/739
f 3670/2573/740 3672/2575/741 3671/2576/741 3669/2574/740
f 3672/2575/741 3674/2577/742 3673/2578/742 3671/2576/741
f 3674/2577/742 3676/2579/743 3675/2580/743 3673/2578/742
f 3676/2579/743 3678/2581/744 3677/2582/744 3675/2580/743
f 3678/2581/744 3680/2583/745 3679/2584/745 3677/2582/744
f 3680/2583/745 3682/2585/746 3681/2586/746 3679/2584/745
f 3682/2585/746 3684/2587/747 3683/2588/747 3681/2586/746
f 3684/2587/747 3686/2589/748 3685/2590/748 3683/2588/747
f 3686/2589/748 3688/2591/749 3687/2592/749 3685/2590/748
f 3688/2591/749 3690/2593/750 3689/2594/750 3687/2592/749
f 3690/2593/750 3692/2595/751 3691/2596/751 3689/2594/750
f 3692/2595/751 3694/2597/752 3693/2598/752 3691/2596/751
f 3694/2597/752 3696/2599/753 3695/2600/753 3693/2598/752
f 3696/2599/753 3698/2601/754 3697/2602/754 3695/2600/753
f 3698/2601/754 3700/2603/755 3699/2604/755 3697/2602/754
f 3700/2603/755 3702/2605/756 3701/2606/756 3699/2604/755
f 3702/2605/756 3704/2607/757 3703/2608/757 3701/2606/756
f 3704/2607/757 3706/2609/758 3705/2610/758 3703/2608/757
f 3706/2609/758 3708/2611/759 3707/2612/759 3705/2610/758
f 3708/2611/759 3710/2613/760 3709/2614/760 3707/2612/759
f 3710/2613/760 3712/2615/761 3711/2616/761 3709/2614/760
f 3712/2615/761 3714/2617/762 3713/2618/762 3711/2616/761
f 3714/2617/762 3716/2619/763 3715/2620/763 3713/2618/762
f 3716/2619/763 3718/2621/764 3717/2622/764 3715/2620/763
f 3718/2621/764 3720/2623/765 3719/2624/765 3717/2622/764
f 3720/2623/765 3722/2625/766 3721/2626/766 3719/2624/765
f 3722/2625/766 3724/2627/767 3723/2628/767 3721/2626/766
f 3724/2627/767 3726/2629/768 3725/2630/768 3723/2628/767
f 3726/2629/768 3728/2631/769 3727/2632/769 3725/2630/768
f 3728/2631/769 3730/2633/770 3729/2634/770 3727/2632/769
f 3730/2633/770 3732/2635/771 3731/2636/771 3729/2634/770
f 3732/2635/771 3734/2637/772 3733/2638/772 3731/2636/771
f 3734/2637/772 3736/2639/773 3735/2640/773 3733/2638/772
f 3736/2639/773 3738/2641/774 3737/2642/774 3735/2640/773
f 3738/2641/774 3740/2643/775 3739/2644/775 3737/2642/774
f 3740/2643/775 3742/2645/776 3741/2646/776 3739/2644/775
f 3742/2645/776 3744/2647/777 3743/2648/777 3741/2646/776
f 3744/2647/777 3746/2649/778 3745/2650/778 3743/2648/777
f 3746/2649/778 3748/2651/779 3747/2652/779 3745/2650/778
f 3748/2651/779 3750/2653/780 3749/2654/780 3747/2652/779
f 3750/2653/780 3752/2655/781 3751/2656/781 3749/2654/780
f 3752/2655/781 3754/2657/782 3753/2658/782 3751/2656/781
f 3754/2657/782 3756/2659/783 3755/2660/783 3753/2658/782
f 3756/2659/783 3758/2661/784 3757/2662/784 3755/2660/783
f 3758/2661/784 3760/2663/785 3759/2664/785 3757/2662/784
f 3760/2663/785 3762/2665/786 3761/2666/786 3759/2664/785
f 3762/2665/786 3764/2667/787 3763/2668/787 3761/2666/786
f 3764/2667/787 3766/2669/788 3765/2670/788 3763/2668/787
f 3766/2669/788 3768/2671/789 3767/2672/789 3765/2670/788
f 3768/2671/789 3770/2673/790 3769/2674/790 3767/2672/789
f 3770/2673/790 3772/2675/791 3771/2676/791 3769/2674/790
f 3772/2675/791 3774/2677/792 3773/2678/792 3771/2676/791
f 3774/2677/792 3776/2679/793 3775/2680/793 3773/2678/792
f 3776/2679/793 3778/2681/794 3777/2682/794 3775/2680/793
f 3778/2681/794 3780/2683/60 3779/2684/60 3777/2682/794
f 3780/2683/60 3782/2685/795 3781/2686/795 3779/2684/60
f 3782/2685/795 3784/2687/796 3783/2688/796 3781/2686/795
f 3784/2687/796 3786/2689/797 3785/2690/797 3783/2688/796
f 3786/2689/797 3788/2691/798 3787/2692/798 3785/2690/797
f 3788/2691/798 3790/2693/799 3789/2694/799 3787/2692/798
f 3790/2693/799 3792/2695/800 3791/2696/800 3789/2694/799
f 3792/2695/800 3794/2697/801 3793/2698/801 3791/2696/800
f 3794/2697/801 3796/2699/802 3795/2700/802 3793/2698/801
f 3796/2699/802 3798/2701/803 3797/2702/803 3795/2700/802
f 3798/2701/803 3800/2703/804 3799/2704/804 3797/2702/803
f 3800/2703/804 3802/2705/805 3801/2706/805 3799/2704/804
f 3802/2705/805 3804/2707/806 3803/2708/806 3801/2706/805
f 3804/2707/806 3806/2709/807 3805/2710/807 3803/2708/806
f 3806/2709/807 3808/2711/808 3807/2712/808 3805/2710/807
f 3808/2711/808 3810/2713/809 3809/2714/809 3807/2712/808
f 3810/2713/809 3812/2715/810 3811/2716/810 3809/2714/809
f 3812/2715/810 3814/2717/811 3813/2718/811 3811/2716/810
f 3814/2717/811 3816/2719/812 3815/2720/812 3813/2718/811
f 3816/2719/812 3818/2721/813 3817/2722/813 3815/2720/812
f 3818/2721/813 3820/2723/814 3819/2724/814 3817/2722/813
f 3820/2723/814 3822/2725/815 3821/2726/815 3819/2724/814
f 3822/2725/815 3824/2727/816 3823/2728/816 3821/2726/815
f 3824/2727/816 3826/2729/817 3825/2730/817 3823/2728/816
f 3826/2729/817 3828/2731/818 3827/2732/818 3825/2730/817
f 3828/2731/818 3830/2733/819 3829/2734/819 3827/2732/818
f 3830/2733/819 3832/2735/17 3831/2736/17 3829/2734/819
f 3832/2735/17 3834/2737/11 3833/2738/11 3831/2736/17
f 3834/2737/11 3836/2739/820 3835/2740/820 3833/2738/11
f 3836/2739/820 3838/2741/821 3837/2742/821 3835/2740/820
f 3838/2741/821 3840/2743/822 3839/2744/822 3837/2742/821
f 3840/2743/822 3842/2745/823 3841/2746/823 3839/2744/822
f 3842/2745/823 3844/2747/824 3843/2748/824 3841/2746/823
f 3844/2747/824 3846/2749/825 3845/2750/825 3843/2748/824
f 3846/2749/825 3848/2751/826 3847/2752/826 3845/2750/825
f 3848/2751/826 3850/2753/827 3849/2754/827 3847/2752/826
f 3850/2753/827 3852/2755/828 3851/2756/828 3849/2754/827
f 3852/2755/828 3854/2757/829 3853/2758/829 3851/2756/828
f 3854/2757/829 3856/2759/830 3855/2760/830 3853/2758/829
f 3856/2759/830 3858/2761/831 3857/2762/831 3855/2760/830
f 3858/2761/831 3860/2763/832 3859/2764/832 3857/2762/831
f 3860/2763/832 3862/2765/833 3861/2766/833 3859/2764/832
f 3862/2765/833 3864/2767/834 3863/2768/834 3861/2766/833
f 3864/2767/834 3866/2769/835 3865/2770/835 3863/2768/834
f 3866/2769/835 3868/2771/836 3867/2772/836 3865/2770/835
f 3868/2771/836 3870/2773/837 3869/2774/837 3867/2772/836
f 3870/2773/837 3872/2775/838 3871/2776/838 3869/2774/837
f 3872/2775/838 3874/2777/839 3873/2778/839 3871/2776/838
f 3874/2777/839 3876/2779/840 3875/2780/840 3873/2778/839
f 3876/2779/840 3878/2781/841 3877/2782/841 3875/2780/840
f 3878/2781/841 3880/2783/842 3879/2784/842 3877/2782/841
f 3880/2783/842 3882/2785/843 3881/2786/843 3879/2784/842
f 3882/2785/843 3884/2787/844 3883/2788/844 3881/2786/843
f 3884/2787/844 3886/2789/845 3885/2790/845 3883/2788/844
f 3886/2789/845 3888/2791/846 3887/2792/846 3885/2790/845
f 3888/2791/846 3890/2793/847 3889/2794/847 3887/2792/846
f 3890/2793/847 3892/2795/848 3891/2796/848 3889/2794/847
f 3892/2795/848 3894/2797/849 3893/2798/849 3891/2796/848
f 3894/2797/849 3896/2799/850 3895/2800/850 3893/2798/849
f 3896/2799/850 3898/2801/851 3897/2802/851 3895/2800/850
f 3898/2801/851 3900/2803/852 3899/2804/852 3897/2802/851
f 3900/2803/852 3902/2805/853 3901/2806/853 3899/2804/852
f 3902/2805/853 3904/2807/854 3903/2808/854 3901/2806/853
f 3904/2807/854 3906/2809/855 3905/2810/855 3903/2808/854
f 3906/2809/855 3594/1519/705 3593/27/705 3905/2810/855
f 3908/1062/856 3910/2209/857 3909/245/857 3907/120/856
f 3910/2209/857 3912/2354/858 3911/313/858 3909/245/857
f 3912/2354/858 3908/1519/856 3907/27/856 3911/313/858
f 3914/1062/859 3916/2811/860 3915/2812/860 3913/120/859
f 3916/2811/860 3918/2813/861 3917/2814/861 3915/2812/860
f 3918/2813/861 3920/2815/862 3919/2816/862 3917/2814/861
f 3920/2815/862 3922/2817/863 3921/2818/863 3919/2816/862
f 3922/2817/863 3924/2819/864 3923/2820/864 3921/2818/863
f 3924/2819/864 3926/2821/865 3925/2822/865 3923/2820/864
f 3926/2821/865 3928/2823/866 3927/2824/866 3925/2822/865
f 3928/2823/866 3930/2825/867 3929/875/867 3927/2824/866
f 3930/2825/867 3932/2826/868 3931/2827/868 3929/875/867
f 3932/2826/868 3934/2828/869 3933/2829/869 3931/2827/868
f 3934/2828/869 3936/2830/870 3935/2831/870 3933/2829/869
f 3936/2830/870 3938/2832/871 3937/2833/871 3935/2831/870
f 3938/2832/871 3940/2834/872 3939/2835/872 3937/2833/871
f 3940/2834/872 3942/2836/873 3941/2837/873 3939/2835/872
f 3942/2836/873 3944/2838/874 3943/2839/874 3941/2837/873
f 3944/2838/874 3946/2840/875 3945/933/875 3943/2839/874
f 3946/2840/875 3948/2841/876 3947/2842/876 3945/933/875
f 3948/2841/876 3950/2843/877 3949/2844/877 3947/2842/876
f 3950/2843/877 3952/2845/878 3951/2846/878 3949/2844/877
f 3952/2845/878 3954/2847/879 3953/2848/879 3951/2846/878
f 3954/2847/879 3956/2849/880 3955/2850/880 3953/2848/879
f 3956/2849/880 3958/2851/881 3957/2852/881 3955/2850/880
f 3958/2851/881 3960/2853/882 3959/2854/882 3957/2852/881
f 3960/2853/882 3962/2855/883 3961/1004/883 3959/2854/882
f 3962/2855/883 3964/2856/884 3963/2857/884 3961/1004/883
f 3964/2856/884 3966/2858/885 3965/2859/885 3963/2857/884
f 3966/2858/885 3968/2860/886 3967/2861/886 3965/2859/885
f 3968/2860/886 3970/2862/887 3969/2863/887 3967/2861/886
f 3970/2862/887 3972/2864/888 3971/2865/888 3969/2863/887
f 3972/2864/888 3974/2866/889 3973/2867/889 3971/2865/888
f 3974/2866/889 3976/2868/890 3975/2869/890 3973/2867/889
f 3976/2868/890 3978/2209/891 3977/245/891 3975/2869/890
f 3978/2209/891 3980/2870/892 3979/2871/892 3977/245/891
f 3980/2870/892 3982/2872/893 3981/2873/893 3979/2871/892
f 3982/2872/893 3984/2874/894 3983/2875/894 3981/2873/893
f 3984/2874/894 3986/2876/895 3985/2877/895 3983/2875/894
f 3986/2876/895 3988/2878/896 3987/2879/896 3985/2877/895
f 3988/2878/896 3990/2880/897 3989/2881/897 3987/2879/896
f 3990/2880/897 3992/2882/898 3991/2883/898 3989/2881/897
f 3992/2882/898 3994/2884/899 3993/966/899 3991/2883/898
f 3994/2884/899 3996/2885/900 3995/2886/900 3993/966/899
f 3996/2885/900 3998/2887/901 3997/2888/901 3995/2886/900
f 3998/2887/901 4000/2889/902 3999/2890/902 3997/2888/901
f 4000/2889/902 4002/2891/903 4001/2892/903 3999/2890/902
f 4002/2891/903 4004/2893/904 4003/2894/904 4001/2892/903
f 4004/2893/904 4006/2895/905 4005/2896/905 4003/2894/904
f 4006/2895/905 4008/2897/906 4007/2898/906 4005/2896/905
f 4008/2897/906 4010/1792/907 4009/551/907 4007/2898/906
f 4010/1792/907 4012/2899/908 4011/2900/908 4009/551/907
f 4012/2899/908 4014/2901/909 4013/2902/909 4011/2900/908
f 4014/2901/909 4016/2903/910 4015/2904/910 4013/2902/909
f 4016/2903/910 4018/2905/911 4017/2906/911 4015/2904/910
f 4018/2905/911 4020/2907/912 4019/2908/912 4017/2906/911
f 4020/2907/912 4022/2909/913 4021/2910/913 4019/2908/912
f 4022/2909/913 4024/2911/914 4023/2912/914 4021/2910/913
f 4024/2911/914 4026/2913/915 4025/989/915 4023/2912/914
f 4026/2913/915 4028/2914/916 4027/2915/916 4025/989/915
f 4028/2914/916 4030/2916/917 4029/2917/917 4027/2915/916
f 4030/2916/917 4032/2918/918 4031/2919/918 4029/2917/917
f 4032/2918/918 4034/2920/919 4033/2921/919 4031/2919/918
f 4034/2920/919 4036/2922/920 4035/2923/920 4033/2921/919
f 4036/2922/920 4038/2924/921 4037/2925/921 4035/2923/920
f 4038/2924/921 4040/2926/922 4039/2927/922 4037/2925/921
f 4040/2926/922 4042/2354/923 4041/313/923 4039/2927/922
f 4042/2354/923 4044/2928/924 4043/2929/924 4041/313/923
f 4044/2928/924 4046/2930/925 4045/2931/925 4043/2929/924
f 4046/2930/925 4048/2932/926 4047/2933/926 4045/2931/925
f 4048/2932/926 4050/2934/927 4049/2935/927 4047/2933/926
f 4050/2934/927 4052/2936/928 4051/2937/928 4049/2935/927
f 4052/2936/928 4054/2938/929 4053/2939/929 4051/2937/928
f 4054/2938/929 4056/2940/930 4055/2941/930 4053/2939/929
f 4056/2940/930 4058/2942/931 4057/988/931 4055/2941/930
f 4058/2942/931 4060/2943/932 4059/2944/932 4057/988/931
f 4060/2943/932 4062/2945/933 4061/2946/933 4059/2944/932
f 4062/2945/933 4064/2947/934 4063/2948/934 4061/2946/933
f 4064/2947/934 4066/2949/935 4065/2950/935 4063/2948/934
f 4066/2949/935 4068/2951/936 4067/2952/936 4065/2950/935
f 4068/2951/936 4070/2953/937 4069/2954/937 4067/2952/936
f 4070/2953/937 4072/2955/938 4071/2956/938 4069/2954/937
f 4072/2955/938 4074/2957/939 4073/912/939 4071/2956/938
f 4074/2957/939 4076/2958/940 4075/2959/940 4073/912/939
f 4076/2958/940 4078/2960/941 4077/2961/941 4075/2959/940
f 4078/2960/941 4080/2962/942 4079/2963/942 4077/2961/941
f 4080/2962/942 4082/2964/943 4081/2965/943 4079/2963/942
f 4082/2964/943 4084/2966/944 4083/2967/944 4081/2965/943
f 4084/2966/944 4086/2968/945 4085/2969/945 4083/2967/944
f 4086/2968/945 4088/2970/946 4087/2971/946 4085/2969/945
f 4088/2970/946 4090/2972/947 4089/877/947 4087/2971/946
f 4090/2972/947 4092/2973/948 4091/2974/948 4089/877/947
f 4092/2973/948 4094/2975/949 4093/2976/949 4091/2974/948
f 4094/2975/949 4096/2977/950 4095/2978/950 4093/2976/949
f 4096/2977/950 4098/2979/951 4097/2980/951 4095/2978/950
f 4098/2979/951 4100/2981/952 4099/2982/952 4097/2980/951
f 4100/2981/952 4102/2983/953 4101/2984/953 4099/2982/952
f 4102/2983/953 4104/2985/954 4103/2986/954 4101/2984/953
f 4104/2985/954 3914/1519/859 3913/27/859 4103/2986/954
f 4106/1062/955 4108/2811/956 4107/2812/956 4105/120/955
f 4108/2811/956 4110/2813/957 4109/2814/957 4107/2812/956
f 4110/2813/957 4112/2815/958 4111/2816/958 4109/2814/957
f 4112/2815/958 4114/2817/959 4113/2818/959 4111/2816/958
f 4114/2817/959 4116/2819/960 4115/2820/960 4113/2818/959
f 4116/2819/960 4118/2821/961 4117/2822/961 4115/2820/960
f 4118/2821/961 4120/2823/962 4119/2824/962 4117/2822/961
f 4120/2823/962 4122/2825/963 4121/875/963 4119/2824/962
f 4122/2825/963 4124/2826/964 4123/2827/964 4121/875/963
f 4124/2826/964 4126/2828/965 4125/2829/965 4123/2827/964
f 4126/2828/965 4128/2830/966 4127/2831/966 4125/2829/965
f 4128/2830/966 4130/2832/967 4129/2833/967 4127/2831/966
f 4130/2832/967 4132/2834/968 4131/2835/968 4129/2833/967
f 4132/2834/968 4134/2836/969 4133/2837/969 4131/2835/968
f 4134/2836/969 4136/2838/970 4135/2839/970 4133/2837/969
f 4136/2838/970 4138/2840/971 4137/933/971 4135/2839/970
f 4138/2840/971 4140/2841/972 4139/2842/972 4137/933/971
f 4140/2841/972 4142/2843/973 4141/2844/973 4139/2842/972
f 4142/2843/973 4144/2845/974 4143/2846/974 4141/2844/973
f 4144/2845/974 4146/2847/975 4145/2848/975 4143/2846/974
f 4146/2847/975 4148/2849/976 4147/2850/976 4145/2848/975
f 4148/2849/976 4150/2851/977 4149/2852/977 4147/2850/976
f 4150/2851/977 4152/2853/978 4151/2854/978 4149/2852/977
f 4152/2853/978 4154/2855/16 4153/1004/16 4151/2854/978
f 4154/2855/16 4156/2856/979 4155/2857/979 4153/1004/16
f 4156/2856/979 4158/2858/980 4157/2859/980 4155/2857/979
f 4158/2858/980 4160/2860/981 4159/2861/981 4157/2859/980
f 4160/2860/981 4162/2862/982 4161/2863/982 4159/2861/981
f 4162/2862/982 4164/2864/983 4163/2865/983 4161/2863/982
f 4164/2864/983 4166/2866/984 4165/2867/984 4163/2865/983
f 4166/2866/984 4168/2868/985 4167/2869/985 4165/2867/984
f 4168/2868/985 4170/2209/986 4169/245/986 4167/2869/985
f 4170/2209/986 4172/2870/987 4171/2871/987 4169/245/986
f 4172/2870/987 4174/2872/988 4173/2873/988 4171/2871/987
f 4174/2872/988 4176/2874/989 4175/2875/989 4173/2873/988
f 4176/2874/989 4178/2876/990 4177/2877/990 4175/2875/989
f 4178/2876/990 4180/2878/991 4179/2879/991 4177/2877/990
f 4180/2878/991 4182/2880/992 4181/2881/992 4179/2879/991
f 4182/2880/992 4184/2882/993 4183/2883/993 4181/2881/992
f 4184/2882/993 4186/2884/994 4185/966/994 4183/2883/993
f 4186/2884/994 4188/2885/995 4187/2886/995 4185/966/994
f 4188/2885/995 4190/2887/996 4189/2888/996 4187/2886/995
f 4190/2887/996 4192/2889/997 4191/2890/997 4189/2888/996
f 4192/2889/997 4194/2891/998 4193/2892/998 4191/2890/997
f 4194/2891/998 4196/2893/999 4195/2894/999 4193/2892/998
f 4196/2893/999 4198/2895/1000 4197/2896/1000 4195/2894/999
f 4198/2895/1000 4200/2897/1001 4199/2898/1001 4197/2896/1000
f 4200/2897/1001 4202/1792/17 4201/551/17 4199/2898/1001
f 4202/1792/17 4204/2899/1002 4203/2900/1002 4201/551/17
f 4204/2899/1002 4206/2901/1003 4205/2902/1003 4203/2900/1002
f 4206/2901/1003 4208/2903/1004 4207/2904/1004 4205/2902/1003
f 4208/2903/1004 4210/2905/1005 4209/2906/1005 4207/2904/1004
f 4210/2905/1005 4212/2907/1006 4211/2908/1006 4209/2906/1005
f 4212/2907/1006 4214/2909/1007 4213/2910/1007 4211/2908/1006
f 4214/2909/1007 4216/2911/1008 4215/2912/1008 4213/2910/1007
f 4216/2911/1008 4218/2913/915 4217/989/915 4215/2912/1008
f 4218/2913/915 4220/2914/1009 4219/2915/1009 4217/989/915
f 4220/2914/1009 4222/2916/1010 4221/2917/1010 4219/2915/1009
f 4222/2916/1010 4224/2918/1011 4223/2919/1011 4221/2917/1010
f 4224/2918/1011 4226/2920/1012 4225/2921/1012 4223/2919/1011
f 4226/2920/1012 4228/2922/1013 4227/2923/1013 4225/2921/1012
f 4228/2922/1013 4230/2924/1014 4229/2925/1014 4227/2923/1013
f 4230/2924/1014 4232/2926/1015 4231/2927/1015 4229/2925/1014
f 4232/2926/1015 4234/2354/1016 4233/313/1016 4231/2927/1015
f 4234/2354/1016 4236/2928/1017 4235/2929/1017 4233/313/1016
f 4236/2928/1017 4238/2930/1018 4237/2931/1018 4235/2929/1017
f 4238/2930/1018 4240/2932/1019 4239/2933/1019 4237/2931/1018
f 4240/2932/1019 4242/2934/1020 4241/2935/1020 4239/2933/1019
f 4242/2934/1020 4244/2936/1021 4243/2937/1021 4241/2935/1020
f 4244/2936/1021 4246/2938/1022 4245/2939/1022 4243/2937/1021
f 4246/2938/1022 4248/2940/1023 4247/2941/1023 4245/2939/1022
f 4248/2940/1023 4250/2942/1024 4249/988/1024 4247/2941/1023
f 4250/2942/1024 4252/2943/1025 4251/2944/1025 4249/988/1024
f 4252/2943/1025 4254/2945/1026 4253/2946/1026 4251/2944/1025
f 4254/2945/1026 4256/2947/1027 4255/2948/1027 4253/2946/1026
f 4256/2947/1027 4258/2949/1028 4257/2950/1028 4255/2948/1027
f 4258/2949/1028 4260/2951/1029 4259/2952/1029 4257/2950/1028
f 4260/2951/1029 4262/2953/1030 4261/2954/1030 4259/2952/1029
f 4262/2953/1030 4264/2955/1031 4263/2956/1031 4261/2954/1030
f 4264/2955/1031 4266/2957/1032 4265/912/1032 4263/2956/1031
f 4266/2957/1032 4268/2958/1033 4267/2959/1033 4265/912/1032
f 4268/2958/1033 4270/2960/1034 4269/2961/1034 4267/2959/1033
f 4270/2960/1034 4272/2962/1035 4271/2963/1035 4269/2961/1034
f 4272/2962/1035 4274/2964/1036 4273/2965/1036 4271/2963/1035
f 4274/2964/1036 4276/2966/1037 4275/2967/1037 4273/2965/1036
f 4276/2966/1037 4278/2968/1038 4277/2969/1038 4275/2967/1037
f 4278/2968/1038 4280/2970/1039 4279/2971/1039 4277/2969/1038
f 4280/2970/1039 4282/2972/1040 4281/877/1040 4279/2971/1039
f 4282/2972/1040 4284/2973/1041 4283/2974/1041 4281/877/1040
f 4284/2973/1041 4286/2975/1042 4285/2976/1042 4283/2974/1041
f 4286/2975/1042 4288/2977/1043 4287/2978/1043 4285/2976/1042
f 4288/2977/1043 4290/2979/1044 4289/2980/1044 4287/2978/1043
f 4290/2979/1044 4292/2981/1045 4291/2982/1045 4289/2980/1044
f 4292/2981/1045 4294/2983/1046 4293/2984/1046 4291/2982/1045
f 4294/2983/1046 4296/2985/1047 4295/2986/1047 4293/2984/1046
f 4296/2985/1047 4106/1519/955 4105/27/955 4295/2986/1047
