# Blender 4.5.2 LTS
# www.blender.org
mtllib RecordText1.mtl
o Text
v 1.859794 0.645361 0.200000
v 1.859794 -0.000000 0.200000
v 1.805361 -0.000000 0.200000
v 1.805361 0.011134 0.200000
v 1.791200 0.008960 0.200000
v 1.778133 0.006976 0.200000
v 1.766160 0.005180 0.200000
v 1.755280 0.003574 0.200000
v 1.745495 0.002156 0.200000
v 1.736804 0.000928 0.200000
v 1.729207 -0.000112 0.200000
v 1.722703 -0.000962 0.200000
v 1.717294 -0.001624 0.200000
v 1.712978 -0.002096 0.200000
v 1.709756 -0.002380 0.200000
v 1.707629 -0.002474 0.200000
v 1.701881 -0.002310 0.200000
v 1.696323 -0.001816 0.200000
v 1.690953 -0.000992 0.200000
v 1.685773 0.000160 0.200000
v 1.680782 0.001642 0.200000
v 1.675979 0.003454 0.200000
v 1.671366 0.005594 0.200000
v 1.666942 0.008064 0.200000
v 1.662706 0.010863 0.200000
v 1.658660 0.013992 0.200000
v 1.654802 0.017450 0.200000
v 1.651134 0.021237 0.200000
v 1.647709 0.025271 0.200000
v 1.644582 0.029467 0.200000
v 1.641752 0.033827 0.200000
v 1.639221 0.038351 0.200000
v 1.636987 0.043037 0.200000
v 1.635051 0.047887 0.200000
v 1.633413 0.052899 0.200000
v 1.632073 0.058076 0.200000
v 1.631031 0.063415 0.200000
v 1.630286 0.068918 0.200000
v 1.629840 0.074583 0.200000
v 1.629691 0.080412 0.200000
v 1.629691 0.315052 0.200000
v 1.629860 0.321150 0.200000
v 1.630366 0.327073 0.200000
v 1.631211 0.332822 0.200000
v 1.632394 0.338396 0.200000
v 1.633915 0.343796 0.200000
v 1.635773 0.349021 0.200000
v 1.637969 0.354071 0.200000
v 1.640504 0.358946 0.200000
v 1.643376 0.363647 0.200000
v 1.646586 0.368173 0.200000
v 1.650134 0.372524 0.200000
v 1.654021 0.376701 0.200000
v 1.658161 0.380620 0.200000
v 1.662474 0.384198 0.200000
v 1.666959 0.387436 0.200000
v 1.671615 0.390332 0.200000
v 1.676443 0.392888 0.200000
v 1.681443 0.395103 0.200000
v 1.686615 0.396977 0.200000
v 1.691959 0.398511 0.200000
v 1.697474 0.399704 0.200000
v 1.703161 0.400556 0.200000
v 1.709020 0.401067 0.200000
v 1.715051 0.401237 0.200000
v 1.805361 0.401237 0.200000
v 1.805361 0.645361 0.200000
v 1.729484 0.045773 0.200000
v 1.731649 0.045802 0.200000
v 1.734570 0.045888 0.200000
v 1.738247 0.046031 0.200000
v 1.742680 0.046231 0.200000
v 1.747869 0.046489 0.200000
v 1.753814 0.046804 0.200000
v 1.760515 0.047176 0.200000
v 1.767972 0.047606 0.200000
v 1.776186 0.048093 0.200000
v 1.785155 0.048637 0.200000
v 1.794880 0.049238 0.200000
v 1.805361 0.049897 0.200000
v 1.805361 0.352990 0.200000
v 1.729484 0.352990 0.200000
v 1.722239 0.352666 0.200000
v 1.715624 0.351695 0.200000
v 1.709639 0.350077 0.200000
v 1.704284 0.347812 0.200000
v 1.699559 0.344900 0.200000
v 1.695464 0.341340 0.200000
v 1.691999 0.337133 0.200000
v 1.689164 0.332279 0.200000
v 1.686959 0.326778 0.200000
v 1.685384 0.320630 0.200000
v 1.684439 0.313834 0.200000
v 1.684124 0.306392 0.200000
v 1.684124 0.091959 0.200000
v 1.684439 0.084582 0.200000
v 1.685384 0.077846 0.200000
v 1.686959 0.071753 0.200000
v 1.689164 0.066300 0.200000
v 1.691999 0.061489 0.200000
v 1.695464 0.057320 0.200000
v 1.699559 0.053792 0.200000
v 1.704284 0.050905 0.200000
v 1.709639 0.048660 0.200000
v 1.715624 0.047056 0.200000
v 1.722239 0.046094 0.200000
v 1.562062 0.358763 0.200000
v 1.562062 0.269278 0.200000
v 1.508041 0.269278 0.200000
v 1.508041 0.352165 0.200000
v 1.407010 0.348866 0.200000
v 1.407010 -0.000000 0.200000
v 1.352165 -0.000000 0.200000
v 1.352165 0.401237 0.200000
v 1.407010 0.401237 0.200000
v 1.407010 0.390103 0.200000
v 1.411549 0.390793 0.200000
v 1.416094 0.391489 0.200000
v 1.420644 0.392191 0.200000
v 1.425201 0.392898 0.200000
v 1.429762 0.393611 0.200000
v 1.434330 0.394330 0.200000
v 1.438903 0.395054 0.200000
v 1.443483 0.395785 0.200000
v 1.448067 0.396521 0.200000
v 1.452658 0.397262 0.200000
v 1.457254 0.398010 0.200000
v 1.461856 0.398763 0.200000
v 1.467276 0.399553 0.200000
v 1.472543 0.400275 0.200000
v 1.477654 0.400928 0.200000
v 1.482612 0.401512 0.200000
v 1.487414 0.402027 0.200000
v 1.492062 0.402474 0.200000
v 1.496555 0.402852 0.200000
v 1.500893 0.403162 0.200000
v 1.505077 0.403402 0.200000
v 1.509107 0.403574 0.200000
v 1.512981 0.403677 0.200000
v 1.516701 0.403711 0.200000
v 1.523946 0.403399 0.200000
v 1.530561 0.402463 0.200000
v 1.536546 0.400902 0.200000
v 1.541902 0.398717 0.200000
v 1.546627 0.395908 0.200000
v 1.550722 0.392474 0.200000
v 1.554187 0.388416 0.200000
v 1.557022 0.383734 0.200000
v 1.559227 0.378428 0.200000
v 1.560802 0.372497 0.200000
v 1.561747 0.365942 0.200000
v 1.262680 0.354639 0.200000
v 1.262680 0.046598 0.200000
v 1.262357 0.039155 0.200000
v 1.261386 0.032360 0.200000
v 1.259768 0.026211 0.200000
v 1.257503 0.020710 0.200000
v 1.254590 0.015856 0.200000
v 1.251031 0.011649 0.200000
v 1.246824 0.008090 0.200000
v 1.241970 0.005178 0.200000
v 1.236469 0.002912 0.200000
v 1.230320 0.001294 0.200000
v 1.223525 0.000324 0.200000
v 1.216082 -0.000000 0.200000
v 1.078351 -0.000000 0.200000
v 1.070974 0.000324 0.200000
v 1.064238 0.001294 0.200000
v 1.058144 0.002912 0.200000
v 1.052692 0.005178 0.200000
v 1.047881 0.008090 0.200000
v 1.043711 0.011649 0.200000
v 1.040183 0.015856 0.200000
v 1.037296 0.020710 0.200000
v 1.035051 0.026211 0.200000
v 1.033447 0.032360 0.200000
v 1.032485 0.039155 0.200000
v 1.032165 0.046598 0.200000
v 1.032165 0.354639 0.200000
v 1.032486 0.362082 0.200000
v 1.033448 0.368877 0.200000
v 1.035052 0.375026 0.200000
v 1.037297 0.380527 0.200000
v 1.040184 0.385381 0.200000
v 1.043712 0.389588 0.200000
v 1.047881 0.393147 0.200000
v 1.052692 0.396060 0.200000
v 1.058145 0.398325 0.200000
v 1.064239 0.399943 0.200000
v 1.070974 0.400914 0.200000
v 1.078351 0.401237 0.200000
v 1.216082 0.401237 0.200000
v 1.223525 0.400914 0.200000
v 1.230321 0.399943 0.200000
v 1.236469 0.398325 0.200000
v 1.241970 0.396060 0.200000
v 1.246824 0.393147 0.200000
v 1.251031 0.389588 0.200000
v 1.254591 0.385381 0.200000
v 1.257503 0.380527 0.200000
v 1.259768 0.375026 0.200000
v 1.261386 0.368877 0.200000
v 1.262357 0.362082 0.200000
v 1.087010 0.048247 0.200000
v 1.207835 0.048247 0.200000
v 1.207835 0.352990 0.200000
v 1.087010 0.352990 0.200000
v 0.943093 0.137732 0.200000
v 0.943093 0.046598 0.200000
v 0.942772 0.039155 0.200000
v 0.941810 0.032360 0.200000
v 0.940206 0.026211 0.200000
v 0.937961 0.020710 0.200000
v 0.935074 0.015856 0.200000
v 0.931546 0.011649 0.200000
v 0.927377 0.008090 0.200000
v 0.922566 0.005178 0.200000
v 0.917113 0.002912 0.200000
v 0.911020 0.001294 0.200000
v 0.904284 0.000324 0.200000
v 0.896907 -0.000000 0.200000
v 0.766598 -0.000000 0.200000
v 0.759221 0.000324 0.200000
v 0.752486 0.001294 0.200000
v 0.746392 0.002912 0.200000
v 0.740939 0.005178 0.200000
v 0.736128 0.008090 0.200000
v 0.731959 0.011649 0.200000
v 0.728431 0.015856 0.200000
v 0.725544 0.020710 0.200000
v 0.723299 0.026211 0.200000
v 0.721695 0.032360 0.200000
v 0.720733 0.039155 0.200000
v 0.720412 0.046598 0.200000
v 0.720412 0.354639 0.200000
v 0.720733 0.362082 0.200000
v 0.721695 0.368877 0.200000
v 0.723299 0.375026 0.200000
v 0.725544 0.380527 0.200000
v 0.728431 0.385381 0.200000
v 0.731959 0.389588 0.200000
v 0.736128 0.393147 0.200000
v 0.740939 0.396060 0.200000
v 0.746392 0.398325 0.200000
v 0.752486 0.399943 0.200000
v 0.759221 0.400914 0.200000
v 0.766598 0.401237 0.200000
v 0.896907 0.401237 0.200000
v 0.904284 0.400914 0.200000
v 0.911019 0.399943 0.200000
v 0.917113 0.398325 0.200000
v 0.922566 0.396060 0.200000
v 0.927377 0.393147 0.200000
v 0.931546 0.389588 0.200000
v 0.935074 0.385381 0.200000
v 0.937961 0.380527 0.200000
v 0.940206 0.375026 0.200000
v 0.941810 0.368877 0.200000
v 0.942772 0.362082 0.200000
v 0.943093 0.354639 0.200000
v 0.943093 0.274639 0.200000
v 0.889072 0.274639 0.200000
v 0.889072 0.352990 0.200000
v 0.775258 0.352990 0.200000
v 0.775258 0.048247 0.200000
v 0.889072 0.048247 0.200000
v 0.889072 0.137732 0.200000
v 0.629691 0.119175 0.200000
v 0.629691 0.046598 0.200000
v 0.629370 0.039155 0.200000
v 0.628408 0.032360 0.200000
v 0.626804 0.026211 0.200000
v 0.624559 0.020710 0.200000
v 0.621672 0.015856 0.200000
v 0.618144 0.011649 0.200000
v 0.613975 0.008090 0.200000
v 0.609164 0.005178 0.200000
v 0.603711 0.002912 0.200000
v 0.597617 0.001294 0.200000
v 0.590882 0.000324 0.200000
v 0.583505 -0.000000 0.200000
v 0.451546 -0.000000 0.200000
v 0.444170 0.000324 0.200000
v 0.437434 0.001294 0.200000
v 0.431340 0.002912 0.200000
v 0.425888 0.005178 0.200000
v 0.421077 0.008090 0.200000
v 0.416907 0.011649 0.200000
v 0.413379 0.015856 0.200000
v 0.410493 0.020710 0.200000
v 0.408247 0.026211 0.200000
v 0.406644 0.032360 0.200000
v 0.405682 0.039155 0.200000
v 0.405361 0.046598 0.200000
v 0.405361 0.354639 0.200000
v 0.405682 0.362082 0.200000
v 0.406644 0.368877 0.200000
v 0.408247 0.375026 0.200000
v 0.410493 0.380527 0.200000
v 0.413379 0.385381 0.200000
v 0.416907 0.389588 0.200000
v 0.421077 0.393147 0.200000
v 0.425888 0.396060 0.200000
v 0.431340 0.398325 0.200000
v 0.437434 0.399943 0.200000
v 0.444169 0.400914 0.200000
v 0.451546 0.401237 0.200000
v 0.583505 0.401237 0.200000
v 0.590882 0.400914 0.200000
v 0.597617 0.399943 0.200000
v 0.603711 0.398325 0.200000
v 0.609164 0.396060 0.200000
v 0.613975 0.393147 0.200000
v 0.618144 0.389588 0.200000
v 0.621672 0.385381 0.200000
v 0.624559 0.380527 0.200000
v 0.626804 0.375026 0.200000
v 0.628408 0.368877 0.200000
v 0.629370 0.362082 0.200000
v 0.629691 0.354639 0.200000
v 0.629691 0.210309 0.200000
v 0.611134 0.190928 0.200000
v 0.458557 0.190928 0.200000
v 0.458557 0.045773 0.200000
v 0.576495 0.045773 0.200000
v 0.576495 0.119175 0.200000
v 0.458557 0.234639 0.200000
v 0.576495 0.234639 0.200000
v 0.576495 0.355464 0.200000
v 0.458557 0.355464 0.200000
v 0.215258 0.309278 0.200000
v 0.224533 0.283568 0.200000
v 0.233803 0.257847 0.200000
v 0.243067 0.232113 0.200000
v 0.252325 0.206369 0.200000
v 0.261578 0.180613 0.200000
v 0.270825 0.154845 0.200000
v 0.280066 0.129066 0.200000
v 0.289301 0.103276 0.200000
v 0.298531 0.077474 0.200000
v 0.307755 0.051661 0.200000
v 0.316973 0.025836 0.200000
v 0.326186 -0.000000 0.200000
v 0.265979 -0.000000 0.200000
v 0.145979 0.345567 0.200000
v 0.153814 0.357113 0.200000
v 0.256082 0.357113 0.200000
v 0.256082 0.594639 0.200000
v 0.108866 0.594639 0.200000
v 0.108866 -0.000000 0.200000
v 0.051546 -0.000000 0.200000
v 0.051546 0.645361 0.200000
v 0.267629 0.645361 0.200000
v 0.270945 0.645272 0.200000
v 0.274158 0.645006 0.200000
v 0.277268 0.644562 0.200000
v 0.280275 0.643940 0.200000
v 0.283179 0.643141 0.200000
v 0.285979 0.642165 0.200000
v 0.288677 0.641011 0.200000
v 0.291271 0.639679 0.200000
v 0.293763 0.638170 0.200000
v 0.296151 0.636483 0.200000
v 0.298436 0.634619 0.200000
v 0.300619 0.632577 0.200000
v 0.302660 0.630395 0.200000
v 0.304525 0.628110 0.200000
v 0.306211 0.625722 0.200000
v 0.307721 0.623230 0.200000
v 0.309052 0.620636 0.200000
v 0.310206 0.617938 0.200000
v 0.311183 0.615137 0.200000
v 0.311982 0.612234 0.200000
v 0.312603 0.609227 0.200000
v 0.313047 0.606117 0.200000
v 0.313313 0.602904 0.200000
v 0.313402 0.599588 0.200000
v 0.313402 0.354639 0.200000
v 0.312967 0.347196 0.200000
v 0.311661 0.340401 0.200000
v 0.309485 0.334253 0.200000
v 0.306438 0.328751 0.200000
v 0.302520 0.323897 0.200000
v 0.297732 0.319691 0.200000
v 0.292073 0.316131 0.200000
v 0.285544 0.313219 0.200000
v 0.278144 0.310954 0.200000
v 0.269874 0.309336 0.200000
v 0.260733 0.308365 0.200000
v 0.250722 0.308041 0.200000
v 0.249651 0.308046 0.200000
v 0.248499 0.308058 0.200000
v 0.247268 0.308080 0.200000
v 0.245956 0.308110 0.200000
v 0.244565 0.308149 0.200000
v 0.243093 0.308196 0.200000
v 0.241541 0.308252 0.200000
v 0.239908 0.308316 0.200000
v 0.238196 0.308389 0.200000
v 0.236403 0.308471 0.200000
v 0.234530 0.308561 0.200000
v 0.232577 0.308660 0.200000
v 0.230630 0.308759 0.200000
v 0.228774 0.308849 0.200000
v 0.227010 0.308930 0.200000
v 0.225338 0.309003 0.200000
v 0.223757 0.309068 0.200000
v 0.222268 0.309124 0.200000
v 0.220871 0.309171 0.200000
v 0.219565 0.309210 0.200000
v 0.218351 0.309240 0.200000
v 0.217228 0.309261 0.200000
v 0.216197 0.309274 0.200000
v 1.859794 0.645361 -0.200000
v 1.859794 0.000000 -0.200000
v 1.805361 0.000000 -0.200000
v 1.805361 0.011134 -0.200000
v 1.791200 0.008960 -0.200000
v 1.778133 0.006976 -0.200000
v 1.766160 0.005180 -0.200000
v 1.755280 0.003574 -0.200000
v 1.745495 0.002156 -0.200000
v 1.736804 0.000928 -0.200000
v 1.729207 -0.000112 -0.200000
v 1.722703 -0.000962 -0.200000
v 1.717294 -0.001624 -0.200000
v 1.712978 -0.002096 -0.200000
v 1.709756 -0.002380 -0.200000
v 1.707629 -0.002474 -0.200000
v 1.701881 -0.002310 -0.200000
v 1.696323 -0.001816 -0.200000
v 1.690953 -0.000992 -0.200000
v 1.685773 0.000160 -0.200000
v 1.680782 0.001642 -0.200000
v 1.675979 0.003454 -0.200000
v 1.671366 0.005594 -0.200000
v 1.666942 0.008064 -0.200000
v 1.662706 0.010863 -0.200000
v 1.658660 0.013992 -0.200000
v 1.654802 0.017450 -0.200000
v 1.651134 0.021237 -0.200000
v 1.647709 0.025271 -0.200000
v 1.644582 0.029467 -0.200000
v 1.641752 0.033827 -0.200000
v 1.639221 0.038351 -0.200000
v 1.636987 0.043037 -0.200000
v 1.635051 0.047887 -0.200000
v 1.633413 0.052899 -0.200000
v 1.632073 0.058076 -0.200000
v 1.631031 0.063415 -0.200000
v 1.630286 0.068918 -0.200000
v 1.629840 0.074583 -0.200000
v 1.629691 0.080412 -0.200000
v 1.629691 0.315052 -0.200000
v 1.629860 0.321150 -0.200000
v 1.630366 0.327073 -0.200000
v 1.631211 0.332822 -0.200000
v 1.632394 0.338396 -0.200000
v 1.633915 0.343796 -0.200000
v 1.635773 0.349021 -0.200000
v 1.637969 0.354071 -0.200000
v 1.640504 0.358946 -0.200000
v 1.643376 0.363647 -0.200000
v 1.646586 0.368173 -0.200000
v 1.650134 0.372524 -0.200000
v 1.654021 0.376701 -0.200000
v 1.658161 0.380620 -0.200000
v 1.662474 0.384198 -0.200000
v 1.666959 0.387436 -0.200000
v 1.671615 0.390332 -0.200000
v 1.676443 0.392888 -0.200000
v 1.681443 0.395103 -0.200000
v 1.686615 0.396977 -0.200000
v 1.691959 0.398511 -0.200000
v 1.697474 0.399704 -0.200000
v 1.703161 0.400556 -0.200000
v 1.709020 0.401067 -0.200000
v 1.715051 0.401237 -0.200000
v 1.805361 0.401237 -0.200000
v 1.805361 0.645361 -0.200000
v 1.729484 0.045773 -0.200000
v 1.731649 0.045802 -0.200000
v 1.734570 0.045888 -0.200000
v 1.738247 0.046031 -0.200000
v 1.742680 0.046231 -0.200000
v 1.747869 0.046489 -0.200000
v 1.753814 0.046804 -0.200000
v 1.760515 0.047176 -0.200000
v 1.767972 0.047606 -0.200000
v 1.776186 0.048093 -0.200000
v 1.785155 0.048637 -0.200000
v 1.794880 0.049238 -0.200000
v 1.805361 0.049897 -0.200000
v 1.805361 0.352990 -0.200000
v 1.729484 0.352990 -0.200000
v 1.722239 0.352666 -0.200000
v 1.715624 0.351695 -0.200000
v 1.709639 0.350077 -0.200000
v 1.704284 0.347812 -0.200000
v 1.699559 0.344900 -0.200000
v 1.695464 0.341340 -0.200000
v 1.691999 0.337133 -0.200000
v 1.689164 0.332279 -0.200000
v 1.686959 0.326778 -0.200000
v 1.685384 0.320630 -0.200000
v 1.684439 0.313834 -0.200000
v 1.684124 0.306392 -0.200000
v 1.684124 0.091959 -0.200000
v 1.684439 0.084582 -0.200000
v 1.685384 0.077847 -0.200000
v 1.686959 0.071753 -0.200000
v 1.689164 0.066300 -0.200000
v 1.691999 0.061489 -0.200000
v 1.695464 0.057320 -0.200000
v 1.699559 0.053792 -0.200000
v 1.704284 0.050905 -0.200000
v 1.709639 0.048660 -0.200000
v 1.715624 0.047056 -0.200000
v 1.722239 0.046094 -0.200000
v 1.562062 0.358763 -0.200000
v 1.562062 0.269278 -0.200000
v 1.508041 0.269278 -0.200000
v 1.508041 0.352165 -0.200000
v 1.407010 0.348866 -0.200000
v 1.407010 0.000000 -0.200000
v 1.352165 0.000000 -0.200000
v 1.352165 0.401237 -0.200000
v 1.407010 0.401237 -0.200000
v 1.407010 0.390103 -0.200000
v 1.411549 0.390793 -0.200000
v 1.416094 0.391489 -0.200000
v 1.420644 0.392191 -0.200000
v 1.425201 0.392898 -0.200000
v 1.429762 0.393611 -0.200000
v 1.434330 0.394330 -0.200000
v 1.438903 0.395054 -0.200000
v 1.443483 0.395785 -0.200000
v 1.448067 0.396521 -0.200000
v 1.452658 0.397262 -0.200000
v 1.457254 0.398010 -0.200000
v 1.461856 0.398763 -0.200000
v 1.467276 0.399553 -0.200000
v 1.472543 0.400275 -0.200000
v 1.477654 0.400928 -0.200000
v 1.482612 0.401512 -0.200000
v 1.487414 0.402027 -0.200000
v 1.492062 0.402474 -0.200000
v 1.496555 0.402852 -0.200000
v 1.500893 0.403162 -0.200000
v 1.505077 0.403402 -0.200000
v 1.509107 0.403574 -0.200000
v 1.512981 0.403677 -0.200000
v 1.516701 0.403711 -0.200000
v 1.523946 0.403399 -0.200000
v 1.530561 0.402463 -0.200000
v 1.536546 0.400902 -0.200000
v 1.541902 0.398717 -0.200000
v 1.546627 0.395908 -0.200000
v 1.550722 0.392474 -0.200000
v 1.554187 0.388416 -0.200000
v 1.557022 0.383734 -0.200000
v 1.559227 0.378428 -0.200000
v 1.560802 0.372497 -0.200000
v 1.561747 0.365942 -0.200000
v 1.262680 0.354639 -0.200000
v 1.262680 0.046598 -0.200000
v 1.262357 0.039155 -0.200000
v 1.261386 0.032360 -0.200000
v 1.259768 0.026211 -0.200000
v 1.257503 0.020710 -0.200000
v 1.254590 0.015856 -0.200000
v 1.251031 0.011649 -0.200000
v 1.246824 0.008090 -0.200000
v 1.241970 0.005178 -0.200000
v 1.236469 0.002912 -0.200000
v 1.230320 0.001294 -0.200000
v 1.223525 0.000324 -0.200000
v 1.216082 0.000000 -0.200000
v 1.078351 0.000000 -0.200000
v 1.070974 0.000324 -0.200000
v 1.064238 0.001294 -0.200000
v 1.058144 0.002912 -0.200000
v 1.052692 0.005178 -0.200000
v 1.047881 0.008090 -0.200000
v 1.043711 0.011649 -0.200000
v 1.040183 0.015856 -0.200000
v 1.037296 0.020710 -0.200000
v 1.035051 0.026211 -0.200000
v 1.033447 0.032360 -0.200000
v 1.032485 0.039155 -0.200000
v 1.032165 0.046598 -0.200000
v 1.032165 0.354639 -0.200000
v 1.032486 0.362082 -0.200000
v 1.033448 0.368877 -0.200000
v 1.035052 0.375026 -0.200000
v 1.037297 0.380527 -0.200000
v 1.040184 0.385381 -0.200000
v 1.043712 0.389588 -0.200000
v 1.047881 0.393147 -0.200000
v 1.052692 0.396060 -0.200000
v 1.058145 0.398325 -0.200000
v 1.064239 0.399943 -0.200000
v 1.070974 0.400914 -0.200000
v 1.078351 0.401237 -0.200000
v 1.216082 0.401237 -0.200000
v 1.223525 0.400914 -0.200000
v 1.230321 0.399943 -0.200000
v 1.236469 0.398325 -0.200000
v 1.241970 0.396060 -0.200000
v 1.246824 0.393147 -0.200000
v 1.251031 0.389588 -0.200000
v 1.254591 0.385381 -0.200000
v 1.257503 0.380527 -0.200000
v 1.259768 0.375026 -0.200000
v 1.261386 0.368877 -0.200000
v 1.262357 0.362082 -0.200000
v 1.087010 0.048247 -0.200000
v 1.207835 0.048247 -0.200000
v 1.207835 0.352990 -0.200000
v 1.087010 0.352990 -0.200000
v 0.943093 0.137732 -0.200000
v 0.943093 0.046598 -0.200000
v 0.942772 0.039155 -0.200000
v 0.941810 0.032360 -0.200000
v 0.940206 0.026211 -0.200000
v 0.937961 0.020710 -0.200000
v 0.935074 0.015856 -0.200000
v 0.931546 0.011649 -0.200000
v 0.927377 0.008090 -0.200000
v 0.922566 0.005178 -0.200000
v 0.917113 0.002912 -0.200000
v 0.911020 0.001294 -0.200000
v 0.904284 0.000324 -0.200000
v 0.896907 0.000000 -0.200000
v 0.766598 0.000000 -0.200000
v 0.759221 0.000324 -0.200000
v 0.752486 0.001294 -0.200000
v 0.746392 0.002912 -0.200000
v 0.740939 0.005178 -0.200000
v 0.736128 0.008090 -0.200000
v 0.731959 0.011649 -0.200000
v 0.728431 0.015856 -0.200000
v 0.725544 0.020710 -0.200000
v 0.723299 0.026211 -0.200000
v 0.721695 0.032360 -0.200000
v 0.720733 0.039155 -0.200000
v 0.720412 0.046598 -0.200000
v 0.720412 0.354639 -0.200000
v 0.720733 0.362082 -0.200000
v 0.721695 0.368877 -0.200000
v 0.723299 0.375026 -0.200000
v 0.725544 0.380527 -0.200000
v 0.728431 0.385381 -0.200000
v 0.731959 0.389588 -0.200000
v 0.736128 0.393147 -0.200000
v 0.740939 0.396060 -0.200000
v 0.746392 0.398325 -0.200000
v 0.752486 0.399943 -0.200000
v 0.759221 0.400914 -0.200000
v 0.766598 0.401237 -0.200000
v 0.896907 0.401237 -0.200000
v 0.904284 0.400914 -0.200000
v 0.911019 0.399943 -0.200000
v 0.917113 0.398325 -0.200000
v 0.922566 0.396060 -0.200000
v 0.927377 0.393147 -0.200000
v 0.931546 0.389588 -0.200000
v 0.935074 0.385381 -0.200000
v 0.937961 0.380527 -0.200000
v 0.940206 0.375026 -0.200000
v 0.941810 0.368877 -0.200000
v 0.942772 0.362082 -0.200000
v 0.943093 0.354639 -0.200000
v 0.943093 0.274639 -0.200000
v 0.889072 0.274639 -0.200000
v 0.889072 0.352990 -0.200000
v 0.775258 0.352990 -0.200000
v 0.775258 0.048247 -0.200000
v 0.889072 0.048247 -0.200000
v 0.889072 0.137732 -0.200000
v 0.629691 0.119175 -0.200000
v 0.629691 0.046598 -0.200000
v 0.629370 0.039155 -0.200000
v 0.628408 0.032360 -0.200000
v 0.626804 0.026211 -0.200000
v 0.624559 0.020710 -0.200000
v 0.621672 0.015856 -0.200000
v 0.618144 0.011649 -0.200000
v 0.613975 0.008090 -0.200000
v 0.609164 0.005178 -0.200000
v 0.603711 0.002912 -0.200000
v 0.597617 0.001294 -0.200000
v 0.590882 0.000324 -0.200000
v 0.583505 0.000000 -0.200000
v 0.451546 0.000000 -0.200000
v 0.444170 0.000324 -0.200000
v 0.437434 0.001294 -0.200000
v 0.431340 0.002912 -0.200000
v 0.425888 0.005178 -0.200000
v 0.421077 0.008090 -0.200000
v 0.416907 0.011649 -0.200000
v 0.413379 0.015856 -0.200000
v 0.410493 0.020710 -0.200000
v 0.408247 0.026211 -0.200000
v 0.406644 0.032360 -0.200000
v 0.405682 0.039155 -0.200000
v 0.405361 0.046598 -0.200000
v 0.405361 0.354639 -0.200000
v 0.405682 0.362082 -0.200000
v 0.406644 0.368877 -0.200000
v 0.408247 0.375026 -0.200000
v 0.410493 0.380527 -0.200000
v 0.413379 0.385381 -0.200000
v 0.416907 0.389588 -0.200000
v 0.421077 0.393147 -0.200000
v 0.425888 0.396060 -0.200000
v 0.431340 0.398325 -0.200000
v 0.437434 0.399943 -0.200000
v 0.444169 0.400914 -0.200000
v 0.451546 0.401237 -0.200000
v 0.583505 0.401237 -0.200000
v 0.590882 0.400914 -0.200000
v 0.597617 0.399943 -0.200000
v 0.603711 0.398325 -0.200000
v 0.609164 0.396060 -0.200000
v 0.613975 0.393147 -0.200000
v 0.618144 0.389588 -0.200000
v 0.621672 0.385381 -0.200000
v 0.624559 0.380527 -0.200000
v 0.626804 0.375026 -0.200000
v 0.628408 0.368877 -0.200000
v 0.629370 0.362082 -0.200000
v 0.629691 0.354639 -0.200000
v 0.629691 0.210309 -0.200000
v 0.611134 0.190928 -0.200000
v 0.458557 0.190928 -0.200000
v 0.458557 0.045773 -0.200000
v 0.576495 0.045773 -0.200000
v 0.576495 0.119175 -0.200000
v 0.458557 0.234639 -0.200000
v 0.576495 0.234639 -0.200000
v 0.576495 0.355464 -0.200000
v 0.458557 0.355464 -0.200000
v 0.215258 0.309278 -0.200000
v 0.224533 0.283568 -0.200000
v 0.233803 0.257847 -0.200000
v 0.243067 0.232113 -0.200000
v 0.252325 0.206369 -0.200000
v 0.261578 0.180613 -0.200000
v 0.270825 0.154845 -0.200000
v 0.280066 0.129066 -0.200000
v 0.289301 0.103276 -0.200000
v 0.298531 0.077474 -0.200000
v 0.307755 0.051661 -0.200000
v 0.316973 0.025836 -0.200000
v 0.326186 0.000000 -0.200000
v 0.265979 0.000000 -0.200000
v 0.145979 0.345567 -0.200000
v 0.153814 0.357113 -0.200000
v 0.256082 0.357113 -0.200000
v 0.256082 0.594639 -0.200000
v 0.108866 0.594639 -0.200000
v 0.108866 0.000000 -0.200000
v 0.051546 0.000000 -0.200000
v 0.051546 0.645361 -0.200000
v 0.267629 0.645361 -0.200000
v 0.270945 0.645272 -0.200000
v 0.274158 0.645006 -0.200000
v 0.277268 0.644562 -0.200000
v 0.280275 0.643940 -0.200000
v 0.283179 0.643141 -0.200000
v 0.285979 0.642165 -0.200000
v 0.288677 0.641011 -0.200000
v 0.291271 0.639679 -0.200000
v 0.293763 0.638170 -0.200000
v 0.296151 0.636483 -0.200000
v 0.298436 0.634619 -0.200000
v 0.300619 0.632577 -0.200000
v 0.302660 0.630395 -0.200000
v 0.304525 0.628110 -0.200000
v 0.306211 0.625722 -0.200000
v 0.307721 0.623230 -0.200000
v 0.309052 0.620636 -0.200000
v 0.310206 0.617938 -0.200000
v 0.311183 0.615137 -0.200000
v 0.311982 0.612234 -0.200000
v 0.312603 0.609227 -0.200000
v 0.313047 0.606117 -0.200000
v 0.313313 0.602904 -0.200000
v 0.313402 0.599588 -0.200000
v 0.313402 0.354639 -0.200000
v 0.312967 0.347196 -0.200000
v 0.311661 0.340401 -0.200000
v 0.309485 0.334253 -0.200000
v 0.306438 0.328751 -0.200000
v 0.302520 0.323897 -0.200000
v 0.297732 0.319691 -0.200000
v 0.292073 0.316131 -0.200000
v 0.285544 0.313219 -0.200000
v 0.278144 0.310954 -0.200000
v 0.269874 0.309336 -0.200000
v 0.260733 0.308365 -0.200000
v 0.250722 0.308041 -0.200000
v 0.249651 0.308046 -0.200000
v 0.248499 0.308058 -0.200000
v 0.247268 0.308080 -0.200000
v 0.245956 0.308110 -0.200000
v 0.244565 0.308149 -0.200000
v 0.243093 0.308196 -0.200000
v 0.241541 0.308252 -0.200000
v 0.239908 0.308316 -0.200000
v 0.238196 0.308389 -0.200000
v 0.236403 0.308471 -0.200000
v 0.234530 0.308561 -0.200000
v 0.232577 0.308660 -0.200000
v 0.230630 0.308759 -0.200000
v 0.228774 0.308849 -0.200000
v 0.227010 0.308930 -0.200000
v 0.225338 0.309003 -0.200000
v 0.223757 0.309068 -0.200000
v 0.222268 0.309124 -0.200000
v 0.220871 0.309171 -0.200000
v 0.219565 0.309210 -0.200000
v 0.218351 0.309240 -0.200000
v 0.217228 0.309261 -0.200000
v 0.216197 0.309274 -0.200000
v 0.215258 0.309278 -0.200000
v 0.215258 0.309278 0.200000
v 0.224533 0.283568 -0.200000
v 0.224533 0.283568 0.200000
v 0.233803 0.257847 -0.200000
v 0.233803 0.257847 0.200000
v 0.243067 0.232113 -0.200000
v 0.243067 0.232113 0.200000
v 0.252325 0.206369 -0.200000
v 0.252325 0.206369 0.200000
v 0.261578 0.180613 -0.200000
v 0.261578 0.180613 0.200000
v 0.270825 0.154845 -0.200000
v 0.270825 0.154845 0.200000
v 0.280066 0.129066 -0.200000
v 0.280066 0.129066 0.200000
v 0.289301 0.103276 -0.200000
v 0.289301 0.103276 0.200000
v 0.298531 0.077474 -0.200000
v 0.298531 0.077474 0.200000
v 0.307755 0.051661 -0.200000
v 0.307755 0.051661 0.200000
v 0.316973 0.025836 -0.200000
v 0.316973 0.025836 0.200000
v 0.326186 0.000000 -0.200000
v 0.326186 -0.000000 0.200000
v 0.265979 0.000000 -0.200000
v 0.265979 -0.000000 0.200000
v 0.145979 0.345567 -0.200000
v 0.145979 0.345567 0.200000
v 0.153814 0.357113 -0.200000
v 0.153814 0.357113 0.200000
v 0.256082 0.357113 -0.200000
v 0.256082 0.357113 0.200000
v 0.256082 0.594639 -0.200000
v 0.256082 0.594639 0.200000
v 0.108866 0.594639 -0.200000
v 0.108866 0.594639 0.200000
v 0.108866 0.000000 -0.200000
v 0.108866 -0.000000 0.200000
v 0.051546 0.000000 -0.200000
v 0.051546 -0.000000 0.200000
v 0.051546 0.645361 -0.200000
v 0.051546 0.645361 0.200000
v 0.267629 0.645361 -0.200000
v 0.267629 0.645361 0.200000
v 0.270945 0.645272 -0.200000
v 0.270945 0.645272 0.200000
v 0.274158 0.645006 -0.200000
v 0.274158 0.645006 0.200000
v 0.277268 0.644562 -0.200000
v 0.277268 0.644562 0.200000
v 0.280275 0.643940 -0.200000
v 0.280275 0.643940 0.200000
v 0.283179 0.643141 -0.200000
v 0.283179 0.643141 0.200000
v 0.285979 0.642165 -0.200000
v 0.285979 0.642165 0.200000
v 0.288677 0.641011 -0.200000
v 0.288677 0.641011 0.200000
v 0.291271 0.639679 -0.200000
v 0.291271 0.639679 0.200000
v 0.293763 0.638170 -0.200000
v 0.293763 0.638170 0.200000
v 0.296151 0.636483 -0.200000
v 0.296151 0.636483 0.200000
v 0.298436 0.634619 -0.200000
v 0.298436 0.634619 0.200000
v 0.300619 0.632577 -0.200000
v 0.300619 0.632577 0.200000
v 0.302660 0.630395 -0.200000
v 0.302660 0.630395 0.200000
v 0.304525 0.628110 -0.200000
v 0.304525 0.628110 0.200000
v 0.306211 0.625722 -0.200000
v 0.306211 0.625722 0.200000
v 0.307721 0.623230 -0.200000
v 0.307721 0.623230 0.200000
v 0.309052 0.620636 -0.200000
v 0.309052 0.620636 0.200000
v 0.310206 0.617938 -0.200000
v 0.310206 0.617938 0.200000
v 0.311183 0.615137 -0.200000
v 0.311183 0.615137 0.200000
v 0.311982 0.612234 -0.200000
v 0.311982 0.612234 0.200000
v 0.312603 0.609227 -0.200000
v 0.312603 0.609227 0.200000
v 0.313047 0.606117 -0.200000
v 0.313047 0.606117 0.200000
v 0.313313 0.602904 -0.200000
v 0.313313 0.602904 0.200000
v 0.313402 0.599588 -0.200000
v 0.313402 0.599588 0.200000
v 0.313402 0.354639 -0.200000
v 0.313402 0.354639 0.200000
v 0.312967 0.347196 -0.200000
v 0.312967 0.347196 0.200000
v 0.311661 0.340401 -0.200000
v 0.311661 0.340401 0.200000
v 0.309485 0.334253 -0.200000
v 0.309485 0.334253 0.200000
v 0.306438 0.328751 -0.200000
v 0.306438 0.328751 0.200000
v 0.302520 0.323897 -0.200000
v 0.302520 0.323897 0.200000
v 0.297732 0.319691 -0.200000
v 0.297732 0.319691 0.200000
v 0.292073 0.316131 -0.200000
v 0.292073 0.316131 0.200000
v 0.285544 0.313219 -0.200000
v 0.285544 0.313219 0.200000
v 0.278144 0.310954 -0.200000
v 0.278144 0.310954 0.200000
v 0.269874 0.309336 -0.200000
v 0.269874 0.309336 0.200000
v 0.260733 0.308365 -0.200000
v 0.260733 0.308365 0.200000
v 0.250722 0.308041 -0.200000
v 0.250722 0.308041 0.200000
v 0.249651 0.308046 -0.200000
v 0.249651 0.308046 0.200000
v 0.248499 0.308058 -0.200000
v 0.248499 0.308058 0.200000
v 0.247268 0.308080 -0.200000
v 0.247268 0.308080 0.200000
v 0.245956 0.308110 -0.200000
v 0.245956 0.308110 0.200000
v 0.244565 0.308149 -0.200000
v 0.244565 0.308149 0.200000
v 0.243093 0.308196 -0.200000
v 0.243093 0.308196 0.200000
v 0.241541 0.308252 -0.200000
v 0.241541 0.308252 0.200000
v 0.239908 0.308316 -0.200000
v 0.239908 0.308316 0.200000
v 0.238196 0.308389 -0.200000
v 0.238196 0.308389 0.200000
v 0.236403 0.308471 -0.200000
v 0.236403 0.308471 0.200000
v 0.234530 0.308561 -0.200000
v 0.234530 0.308561 0.200000
v 0.232577 0.308660 -0.200000
v 0.232577 0.308660 0.200000
v 0.230630 0.308759 -0.200000
v 0.230630 0.308759 0.200000
v 0.228774 0.308849 -0.200000
v 0.228774 0.308849 0.200000
v 0.227010 0.308930 -0.200000
v 0.227010 0.308930 0.200000
v 0.225338 0.309003 -0.200000
v 0.225338 0.309003 0.200000
v 0.223757 0.309068 -0.200000
v 0.223757 0.309068 0.200000
v 0.222268 0.309124 -0.200000
v 0.222268 0.309124 0.200000
v 0.220871 0.309171 -0.200000
v 0.220871 0.309171 0.200000
v 0.219565 0.309210 -0.200000
v 0.219565 0.309210 0.200000
v 0.218351 0.309240 -0.200000
v 0.218351 0.309240 0.200000
v 0.217228 0.309261 -0.200000
v 0.217228 0.309261 0.200000
v 0.216197 0.309274 -0.200000
v 0.216197 0.309274 0.200000
v 0.629691 0.119175 -0.200000
v 0.629691 0.119175 0.200000
v 0.629691 0.046598 -0.200000
v 0.629691 0.046598 0.200000
v 0.629370 0.039155 -0.200000
v 0.629370 0.039155 0.200000
v 0.628408 0.032360 -0.200000
v 0.628408 0.032360 0.200000
v 0.626804 0.026211 -0.200000
v 0.626804 0.026211 0.200000
v 0.624559 0.020710 -0.200000
v 0.624559 0.020710 0.200000
v 0.621672 0.015856 -0.200000
v 0.621672 0.015856 0.200000
v 0.618144 0.011649 -0.200000
v 0.618144 0.011649 0.200000
v 0.613975 0.008090 -0.200000
v 0.613975 0.008090 0.200000
v 0.609164 0.005178 -0.200000
v 0.609164 0.005178 0.200000
v 0.603711 0.002912 -0.200000
v 0.603711 0.002912 0.200000
v 0.597617 0.001294 -0.200000
v 0.597617 0.001294 0.200000
v 0.590882 0.000324 -0.200000
v 0.590882 0.000324 0.200000
v 0.583505 0.000000 -0.200000
v 0.583505 -0.000000 0.200000
v 0.451546 0.000000 -0.200000
v 0.451546 -0.000000 0.200000
v 0.444170 0.000324 -0.200000
v 0.444170 0.000324 0.200000
v 0.437434 0.001294 -0.200000
v 0.437434 0.001294 0.200000
v 0.431340 0.002912 -0.200000
v 0.431340 0.002912 0.200000
v 0.425888 0.005178 -0.200000
v 0.425888 0.005178 0.200000
v 0.421077 0.008090 -0.200000
v 0.421077 0.008090 0.200000
v 0.416907 0.011649 -0.200000
v 0.416907 0.011649 0.200000
v 0.413379 0.015856 -0.200000
v 0.413379 0.015856 0.200000
v 0.410493 0.020710 -0.200000
v 0.410493 0.020710 0.200000
v 0.408247 0.026211 -0.200000
v 0.408247 0.026211 0.200000
v 0.406644 0.032360 -0.200000
v 0.406644 0.032360 0.200000
v 0.405682 0.039155 -0.200000
v 0.405682 0.039155 0.200000
v 0.405361 0.046598 -0.200000
v 0.405361 0.046598 0.200000
v 0.405361 0.354639 -0.200000
v 0.405361 0.354639 0.200000
v 0.405682 0.362082 -0.200000
v 0.405682 0.362082 0.200000
v 0.406644 0.368877 -0.200000
v 0.406644 0.368877 0.200000
v 0.408247 0.375026 -0.200000
v 0.408247 0.375026 0.200000
v 0.410493 0.380527 -0.200000
v 0.410493 0.380527 0.200000
v 0.413379 0.385381 -0.200000
v 0.413379 0.385381 0.200000
v 0.416907 0.389588 -0.200000
v 0.416907 0.389588 0.200000
v 0.421077 0.393147 -0.200000
v 0.421077 0.393147 0.200000
v 0.425888 0.396060 -0.200000
v 0.425888 0.396060 0.200000
v 0.431340 0.398325 -0.200000
v 0.431340 0.398325 0.200000
v 0.437434 0.399943 -0.200000
v 0.437434 0.399943 0.200000
v 0.444169 0.400914 -0.200000
v 0.444169 0.400914 0.200000
v 0.451546 0.401237 -0.200000
v 0.451546 0.401237 0.200000
v 0.583505 0.401237 -0.200000
v 0.583505 0.401237 0.200000
v 0.590882 0.400914 -0.200000
v 0.590882 0.400914 0.200000
v 0.597617 0.399943 -0.200000
v 0.597617 0.399943 0.200000
v 0.603711 0.398325 -0.200000
v 0.603711 0.398325 0.200000
v 0.609164 0.396060 -0.200000
v 0.609164 0.396060 0.200000
v 0.613975 0.393147 -0.200000
v 0.613975 0.393147 0.200000
v 0.618144 0.389588 -0.200000
v 0.618144 0.389588 0.200000
v 0.621672 0.385381 -0.200000
v 0.621672 0.385381 0.200000
v 0.624559 0.380527 -0.200000
v 0.624559 0.380527 0.200000
v 0.626804 0.375026 -0.200000
v 0.626804 0.375026 0.200000
v 0.628408 0.368877 -0.200000
v 0.628408 0.368877 0.200000
v 0.629370 0.362082 -0.200000
v 0.629370 0.362082 0.200000
v 0.629691 0.354639 -0.200000
v 0.629691 0.354639 0.200000
v 0.629691 0.210309 -0.200000
v 0.629691 0.210309 0.200000
v 0.611134 0.190928 -0.200000
v 0.611134 0.190928 0.200000
v 0.458557 0.190928 -0.200000
v 0.458557 0.190928 0.200000
v 0.458557 0.045773 -0.200000
v 0.458557 0.045773 0.200000
v 0.576495 0.045773 -0.200000
v 0.576495 0.045773 0.200000
v 0.576495 0.119175 -0.200000
v 0.576495 0.119175 0.200000
v 0.458557 0.234639 -0.200000
v 0.458557 0.234639 0.200000
v 0.576495 0.234639 -0.200000
v 0.576495 0.234639 0.200000
v 0.576495 0.355464 -0.200000
v 0.576495 0.355464 0.200000
v 0.458557 0.355464 -0.200000
v 0.458557 0.355464 0.200000
v 0.943093 0.137732 -0.200000
v 0.943093 0.137732 0.200000
v 0.943093 0.046598 -0.200000
v 0.943093 0.046598 0.200000
v 0.942772 0.039155 -0.200000
v 0.942772 0.039155 0.200000
v 0.941810 0.032360 -0.200000
v 0.941810 0.032360 0.200000
v 0.940206 0.026211 -0.200000
v 0.940206 0.026211 0.200000
v 0.937961 0.020710 -0.200000
v 0.937961 0.020710 0.200000
v 0.935074 0.015856 -0.200000
v 0.935074 0.015856 0.200000
v 0.931546 0.011649 -0.200000
v 0.931546 0.011649 0.200000
v 0.927377 0.008090 -0.200000
v 0.927377 0.008090 0.200000
v 0.922566 0.005178 -0.200000
v 0.922566 0.005178 0.200000
v 0.917113 0.002912 -0.200000
v 0.917113 0.002912 0.200000
v 0.911020 0.001294 -0.200000
v 0.911020 0.001294 0.200000
v 0.904284 0.000324 -0.200000
v 0.904284 0.000324 0.200000
v 0.896907 0.000000 -0.200000
v 0.896907 -0.000000 0.200000
v 0.766598 0.000000 -0.200000
v 0.766598 -0.000000 0.200000
v 0.759221 0.000324 -0.200000
v 0.759221 0.000324 0.200000
v 0.752486 0.001294 -0.200000
v 0.752486 0.001294 0.200000
v 0.746392 0.002912 -0.200000
v 0.746392 0.002912 0.200000
v 0.740939 0.005178 -0.200000
v 0.740939 0.005178 0.200000
v 0.736128 0.008090 -0.200000
v 0.736128 0.008090 0.200000
v 0.731959 0.011649 -0.200000
v 0.731959 0.011649 0.200000
v 0.728431 0.015856 -0.200000
v 0.728431 0.015856 0.200000
v 0.725544 0.020710 -0.200000
v 0.725544 0.020710 0.200000
v 0.723299 0.026211 -0.200000
v 0.723299 0.026211 0.200000
v 0.721695 0.032360 -0.200000
v 0.721695 0.032360 0.200000
v 0.720733 0.039155 -0.200000
v 0.720733 0.039155 0.200000
v 0.720412 0.046598 -0.200000
v 0.720412 0.046598 0.200000
v 0.720412 0.354639 -0.200000
v 0.720412 0.354639 0.200000
v 0.720733 0.362082 -0.200000
v 0.720733 0.362082 0.200000
v 0.721695 0.368877 -0.200000
v 0.721695 0.368877 0.200000
v 0.723299 0.375026 -0.200000
v 0.723299 0.375026 0.200000
v 0.725544 0.380527 -0.200000
v 0.725544 0.380527 0.200000
v 0.728431 0.385381 -0.200000
v 0.728431 0.385381 0.200000
v 0.731959 0.389588 -0.200000
v 0.731959 0.389588 0.200000
v 0.736128 0.393147 -0.200000
v 0.736128 0.393147 0.200000
v 0.740939 0.396060 -0.200000
v 0.740939 0.396060 0.200000
v 0.746392 0.398325 -0.200000
v 0.746392 0.398325 0.200000
v 0.752486 0.399943 -0.200000
v 0.752486 0.399943 0.200000
v 0.759221 0.400914 -0.200000
v 0.759221 0.400914 0.200000
v 0.766598 0.401237 -0.200000
v 0.766598 0.401237 0.200000
v 0.896907 0.401237 -0.200000
v 0.896907 0.401237 0.200000
v 0.904284 0.400914 -0.200000
v 0.904284 0.400914 0.200000
v 0.911019 0.399943 -0.200000
v 0.911019 0.399943 0.200000
v 0.917113 0.398325 -0.200000
v 0.917113 0.398325 0.200000
v 0.922566 0.396060 -0.200000
v 0.922566 0.396060 0.200000
v 0.927377 0.393147 -0.200000
v 0.927377 0.393147 0.200000
v 0.931546 0.389588 -0.200000
v 0.931546 0.389588 0.200000
v 0.935074 0.385381 -0.200000
v 0.935074 0.385381 0.200000
v 0.937961 0.380527 -0.200000
v 0.937961 0.380527 0.200000
v 0.940206 0.375026 -0.200000
v 0.940206 0.375026 0.200000
v 0.941810 0.368877 -0.200000
v 0.941810 0.368877 0.200000
v 0.942772 0.362082 -0.200000
v 0.942772 0.362082 0.200000
v 0.943093 0.354639 -0.200000
v 0.943093 0.354639 0.200000
v 0.943093 0.274639 -0.200000
v 0.943093 0.274639 0.200000
v 0.889072 0.274639 -0.200000
v 0.889072 0.274639 0.200000
v 0.889072 0.352990 -0.200000
v 0.889072 0.352990 0.200000
v 0.775258 0.352990 -0.200000
v 0.775258 0.352990 0.200000
v 0.775258 0.048247 -0.200000
v 0.775258 0.048247 0.200000
v 0.889072 0.048247 -0.200000
v 0.889072 0.048247 0.200000
v 0.889072 0.137732 -0.200000
v 0.889072 0.137732 0.200000
v 1.262680 0.354639 -0.200000
v 1.262680 0.354639 0.200000
v 1.262680 0.046598 -0.200000
v 1.262680 0.046598 0.200000
v 1.262357 0.039155 -0.200000
v 1.262357 0.039155 0.200000
v 1.261386 0.032360 -0.200000
v 1.261386 0.032360 0.200000
v 1.259768 0.026211 -0.200000
v 1.259768 0.026211 0.200000
v 1.257503 0.020710 -0.200000
v 1.257503 0.020710 0.200000
v 1.254590 0.015856 -0.200000
v 1.254590 0.015856 0.200000
v 1.251031 0.011649 -0.200000
v 1.251031 0.011649 0.200000
v 1.246824 0.008090 -0.200000
v 1.246824 0.008090 0.200000
v 1.241970 0.005178 -0.200000
v 1.241970 0.005178 0.200000
v 1.236469 0.002912 -0.200000
v 1.236469 0.002912 0.200000
v 1.230320 0.001294 -0.200000
v 1.230320 0.001294 0.200000
v 1.223525 0.000324 -0.200000
v 1.223525 0.000324 0.200000
v 1.216082 0.000000 -0.200000
v 1.216082 -0.000000 0.200000
v 1.078351 0.000000 -0.200000
v 1.078351 -0.000000 0.200000
v 1.070974 0.000324 -0.200000
v 1.070974 0.000324 0.200000
v 1.064238 0.001294 -0.200000
v 1.064238 0.001294 0.200000
v 1.058144 0.002912 -0.200000
v 1.058144 0.002912 0.200000
v 1.052692 0.005178 -0.200000
v 1.052692 0.005178 0.200000
v 1.047881 0.008090 -0.200000
v 1.047881 0.008090 0.200000
v 1.043711 0.011649 -0.200000
v 1.043711 0.011649 0.200000
v 1.040183 0.015856 -0.200000
v 1.040183 0.015856 0.200000
v 1.037296 0.020710 -0.200000
v 1.037296 0.020710 0.200000
v 1.035051 0.026211 -0.200000
v 1.035051 0.026211 0.200000
v 1.033447 0.032360 -0.200000
v 1.033447 0.032360 0.200000
v 1.032485 0.039155 -0.200000
v 1.032485 0.039155 0.200000
v 1.032165 0.046598 -0.200000
v 1.032165 0.046598 0.200000
v 1.032165 0.354639 -0.200000
v 1.032165 0.354639 0.200000
v 1.032486 0.362082 -0.200000
v 1.032486 0.362082 0.200000
v 1.033448 0.368877 -0.200000
v 1.033448 0.368877 0.200000
v 1.035052 0.375026 -0.200000
v 1.035052 0.375026 0.200000
v 1.037297 0.380527 -0.200000
v 1.037297 0.380527 0.200000
v 1.040184 0.385381 -0.200000
v 1.040184 0.385381 0.200000
v 1.043712 0.389588 -0.200000
v 1.043712 0.389588 0.200000
v 1.047881 0.393147 -0.200000
v 1.047881 0.393147 0.200000
v 1.052692 0.396060 -0.200000
v 1.052692 0.396060 0.200000
v 1.058145 0.398325 -0.200000
v 1.058145 0.398325 0.200000
v 1.064239 0.399943 -0.200000
v 1.064239 0.399943 0.200000
v 1.070974 0.400914 -0.200000
v 1.070974 0.400914 0.200000
v 1.078351 0.401237 -0.200000
v 1.078351 0.401237 0.200000
v 1.216082 0.401237 -0.200000
v 1.216082 0.401237 0.200000
v 1.223525 0.400914 -0.200000
v 1.223525 0.400914 0.200000
v 1.230321 0.399943 -0.200000
v 1.230321 0.399943 0.200000
v 1.236469 0.398325 -0.200000
v 1.236469 0.398325 0.200000
v 1.241970 0.396060 -0.200000
v 1.241970 0.396060 0.200000
v 1.246824 0.393147 -0.200000
v 1.246824 0.393147 0.200000
v 1.251031 0.389588 -0.200000
v 1.251031 0.389588 0.200000
v 1.254591 0.385381 -0.200000
v 1.254591 0.385381 0.200000
v 1.257503 0.380527 -0.200000
v 1.257503 0.380527 0.200000
v 1.259768 0.375026 -0.200000
v 1.259768 0.375026 0.200000
v 1.261386 0.368877 -0.200000
v 1.261386 0.368877 0.200000
v 1.262357 0.362082 -0.200000
v 1.262357 0.362082 0.200000
v 1.087010 0.048247 -0.200000
v 1.087010 0.048247 0.200000
v 1.207835 0.048247 -0.200000
v 1.207835 0.048247 0.200000
v 1.207835 0.352990 -0.200000
v 1.207835 0.352990 0.200000
v 1.087010 0.352990 -0.200000
v 1.087010 0.352990 0.200000
v 1.562062 0.358763 -0.200000
v 1.562062 0.358763 0.200000
v 1.562062 0.269278 -0.200000
v 1.562062 0.269278 0.200000
v 1.508041 0.269278 -0.200000
v 1.508041 0.269278 0.200000
v 1.508041 0.352165 -0.200000
v 1.508041 0.352165 0.200000
v 1.407010 0.348866 -0.200000
v 1.407010 0.348866 0.200000
v 1.407010 0.000000 -0.200000
v 1.407010 -0.000000 0.200000
v 1.352165 0.000000 -0.200000
v 1.352165 -0.000000 0.200000
v 1.352165 0.401237 -0.200000
v 1.352165 0.401237 0.200000
v 1.407010 0.401237 -0.200000
v 1.407010 0.401237 0.200000
v 1.407010 0.390103 -0.200000
v 1.407010 0.390103 0.200000
v 1.411549 0.390793 -0.200000
v 1.411549 0.390793 0.200000
v 1.416094 0.391489 -0.200000
v 1.416094 0.391489 0.200000
v 1.420644 0.392191 -0.200000
v 1.420644 0.392191 0.200000
v 1.425201 0.392898 -0.200000
v 1.425201 0.392898 0.200000
v 1.429762 0.393611 -0.200000
v 1.429762 0.393611 0.200000
v 1.434330 0.394330 -0.200000
v 1.434330 0.394330 0.200000
v 1.438903 0.395054 -0.200000
v 1.438903 0.395054 0.200000
v 1.443483 0.395785 -0.200000
v 1.443483 0.395785 0.200000
v 1.448067 0.396521 -0.200000
v 1.448067 0.396521 0.200000
v 1.452658 0.397262 -0.200000
v 1.452658 0.397262 0.200000
v 1.457254 0.398010 -0.200000
v 1.457254 0.398010 0.200000
v 1.461856 0.398763 -0.200000
v 1.461856 0.398763 0.200000
v 1.467276 0.399553 -0.200000
v 1.467276 0.399553 0.200000
v 1.472543 0.400275 -0.200000
v 1.472543 0.400275 0.200000
v 1.477654 0.400928 -0.200000
v 1.477654 0.400928 0.200000
v 1.482612 0.401512 -0.200000
v 1.482612 0.401512 0.200000
v 1.487414 0.402027 -0.200000
v 1.487414 0.402027 0.200000
v 1.492062 0.402474 -0.200000
v 1.492062 0.402474 0.200000
v 1.496555 0.402852 -0.200000
v 1.496555 0.402852 0.200000
v 1.500893 0.403162 -0.200000
v 1.500893 0.403162 0.200000
v 1.505077 0.403402 -0.200000
v 1.505077 0.403402 0.200000
v 1.509107 0.403574 -0.200000
v 1.509107 0.403574 0.200000
v 1.512981 0.403677 -0.200000
v 1.512981 0.403677 0.200000
v 1.516701 0.403711 -0.200000
v 1.516701 0.403711 0.200000
v 1.523946 0.403399 -0.200000
v 1.523946 0.403399 0.200000
v 1.530561 0.402463 -0.200000
v 1.530561 0.402463 0.200000
v 1.536546 0.400902 -0.200000
v 1.536546 0.400902 0.200000
v 1.541902 0.398717 -0.200000
v 1.541902 0.398717 0.200000
v 1.546627 0.395908 -0.200000
v 1.546627 0.395908 0.200000
v 1.550722 0.392474 -0.200000
v 1.550722 0.392474 0.200000
v 1.554187 0.388416 -0.200000
v 1.554187 0.388416 0.200000
v 1.557022 0.383734 -0.200000
v 1.557022 0.383734 0.200000
v 1.559227 0.378428 -0.200000
v 1.559227 0.378428 0.200000
v 1.560802 0.372497 -0.200000
v 1.560802 0.372497 0.200000
v 1.561747 0.365942 -0.200000
v 1.561747 0.365942 0.200000
v 1.859794 0.645361 -0.200000
v 1.859794 0.645361 0.200000
v 1.859794 0.000000 -0.200000
v 1.859794 -0.000000 0.200000
v 1.805361 0.000000 -0.200000
v 1.805361 -0.000000 0.200000
v 1.805361 0.011134 -0.200000
v 1.805361 0.011134 0.200000
v 1.791200 0.008960 -0.200000
v 1.791200 0.008960 0.200000
v 1.778133 0.006976 -0.200000
v 1.778133 0.006976 0.200000
v 1.766160 0.005180 -0.200000
v 1.766160 0.005180 0.200000
v 1.755280 0.003574 -0.200000
v 1.755280 0.003574 0.200000
v 1.745495 0.002156 -0.200000
v 1.745495 0.002156 0.200000
v 1.736804 0.000928 -0.200000
v 1.736804 0.000928 0.200000
v 1.729207 -0.000112 -0.200000
v 1.729207 -0.000112 0.200000
v 1.722703 -0.000962 -0.200000
v 1.722703 -0.000962 0.200000
v 1.717294 -0.001624 -0.200000
v 1.717294 -0.001624 0.200000
v 1.712978 -0.002096 -0.200000
v 1.712978 -0.002096 0.200000
v 1.709756 -0.002380 -0.200000
v 1.709756 -0.002380 0.200000
v 1.707629 -0.002474 -0.200000
v 1.707629 -0.002474 0.200000
v 1.701881 -0.002310 -0.200000
v 1.701881 -0.002310 0.200000
v 1.696323 -0.001816 -0.200000
v 1.696323 -0.001816 0.200000
v 1.690953 -0.000992 -0.200000
v 1.690953 -0.000992 0.200000
v 1.685773 0.000160 -0.200000
v 1.685773 0.000160 0.200000
v 1.680782 0.001642 -0.200000
v 1.680782 0.001642 0.200000
v 1.675979 0.003454 -0.200000
v 1.675979 0.003454 0.200000
v 1.671366 0.005594 -0.200000
v 1.671366 0.005594 0.200000
v 1.666942 0.008064 -0.200000
v 1.666942 0.008064 0.200000
v 1.662706 0.010863 -0.200000
v 1.662706 0.010863 0.200000
v 1.658660 0.013992 -0.200000
v 1.658660 0.013992 0.200000
v 1.654802 0.017450 -0.200000
v 1.654802 0.017450 0.200000
v 1.651134 0.021237 -0.200000
v 1.651134 0.021237 0.200000
v 1.647709 0.025271 -0.200000
v 1.647709 0.025271 0.200000
v 1.644582 0.029467 -0.200000
v 1.644582 0.029467 0.200000
v 1.641752 0.033827 -0.200000
v 1.641752 0.033827 0.200000
v 1.639221 0.038351 -0.200000
v 1.639221 0.038351 0.200000
v 1.636987 0.043037 -0.200000
v 1.636987 0.043037 0.200000
v 1.635051 0.047887 -0.200000
v 1.635051 0.047887 0.200000
v 1.633413 0.052899 -0.200000
v 1.633413 0.052899 0.200000
v 1.632073 0.058076 -0.200000
v 1.632073 0.058076 0.200000
v 1.631031 0.063415 -0.200000
v 1.631031 0.063415 0.200000
v 1.630286 0.068918 -0.200000
v 1.630286 0.068918 0.200000
v 1.629840 0.074583 -0.200000
v 1.629840 0.074583 0.200000
v 1.629691 0.080412 -0.200000
v 1.629691 0.080412 0.200000
v 1.629691 0.315052 -0.200000
v 1.629691 0.315052 0.200000
v 1.629860 0.321150 -0.200000
v 1.629860 0.321150 0.200000
v 1.630366 0.327073 -0.200000
v 1.630366 0.327073 0.200000
v 1.631211 0.332822 -0.200000
v 1.631211 0.332822 0.200000
v 1.632394 0.338396 -0.200000
v 1.632394 0.338396 0.200000
v 1.633915 0.343796 -0.200000
v 1.633915 0.343796 0.200000
v 1.635773 0.349021 -0.200000
v 1.635773 0.349021 0.200000
v 1.637969 0.354071 -0.200000
v 1.637969 0.354071 0.200000
v 1.640504 0.358946 -0.200000
v 1.640504 0.358946 0.200000
v 1.643376 0.363647 -0.200000
v 1.643376 0.363647 0.200000
v 1.646586 0.368173 -0.200000
v 1.646586 0.368173 0.200000
v 1.650134 0.372524 -0.200000
v 1.650134 0.372524 0.200000
v 1.654021 0.376701 -0.200000
v 1.654021 0.376701 0.200000
v 1.658161 0.380620 -0.200000
v 1.658161 0.380620 0.200000
v 1.662474 0.384198 -0.200000
v 1.662474 0.384198 0.200000
v 1.666959 0.387436 -0.200000
v 1.666959 0.387436 0.200000
v 1.671615 0.390332 -0.200000
v 1.671615 0.390332 0.200000
v 1.676443 0.392888 -0.200000
v 1.676443 0.392888 0.200000
v 1.681443 0.395103 -0.200000
v 1.681443 0.395103 0.200000
v 1.686615 0.396977 -0.200000
v 1.686615 0.396977 0.200000
v 1.691959 0.398511 -0.200000
v 1.691959 0.398511 0.200000
v 1.697474 0.399704 -0.200000
v 1.697474 0.399704 0.200000
v 1.703161 0.400556 -0.200000
v 1.703161 0.400556 0.200000
v 1.709020 0.401067 -0.200000
v 1.709020 0.401067 0.200000
v 1.715051 0.401237 -0.200000
v 1.715051 0.401237 0.200000
v 1.805361 0.401237 -0.200000
v 1.805361 0.401237 0.200000
v 1.805361 0.645361 -0.200000
v 1.805361 0.645361 0.200000
v 1.729484 0.045773 -0.200000
v 1.729484 0.045773 0.200000
v 1.731649 0.045802 -0.200000
v 1.731649 0.045802 0.200000
v 1.734570 0.045888 -0.200000
v 1.734570 0.045888 0.200000
v 1.738247 0.046031 -0.200000
v 1.738247 0.046031 0.200000
v 1.742680 0.046231 -0.200000
v 1.742680 0.046231 0.200000
v 1.747869 0.046489 -0.200000
v 1.747869 0.046489 0.200000
v 1.753814 0.046804 -0.200000
v 1.753814 0.046804 0.200000
v 1.760515 0.047176 -0.200000
v 1.760515 0.047176 0.200000
v 1.767972 0.047606 -0.200000
v 1.767972 0.047606 0.200000
v 1.776186 0.048093 -0.200000
v 1.776186 0.048093 0.200000
v 1.785155 0.048637 -0.200000
v 1.785155 0.048637 0.200000
v 1.794880 0.049238 -0.200000
v 1.794880 0.049238 0.200000
v 1.805361 0.049897 -0.200000
v 1.805361 0.049897 0.200000
v 1.805361 0.352990 -0.200000
v 1.805361 0.352990 0.200000
v 1.729484 0.352990 -0.200000
v 1.729484 0.352990 0.200000
v 1.722239 0.352666 -0.200000
v 1.722239 0.352666 0.200000
v 1.715624 0.351695 -0.200000
v 1.715624 0.351695 0.200000
v 1.709639 0.350077 -0.200000
v 1.709639 0.350077 0.200000
v 1.704284 0.347812 -0.200000
v 1.704284 0.347812 0.200000
v 1.699559 0.344900 -0.200000
v 1.699559 0.344900 0.200000
v 1.695464 0.341340 -0.200000
v 1.695464 0.341340 0.200000
v 1.691999 0.337133 -0.200000
v 1.691999 0.337133 0.200000
v 1.689164 0.332279 -0.200000
v 1.689164 0.332279 0.200000
v 1.686959 0.326778 -0.200000
v 1.686959 0.326778 0.200000
v 1.685384 0.320630 -0.200000
v 1.685384 0.320630 0.200000
v 1.684439 0.313834 -0.200000
v 1.684439 0.313834 0.200000
v 1.684124 0.306392 -0.200000
v 1.684124 0.306392 0.200000
v 1.684124 0.091959 -0.200000
v 1.684124 0.091959 0.200000
v 1.684439 0.084582 -0.200000
v 1.684439 0.084582 0.200000
v 1.685384 0.077847 -0.200000
v 1.685384 0.077846 0.200000
v 1.686959 0.071753 -0.200000
v 1.686959 0.071753 0.200000
v 1.689164 0.066300 -0.200000
v 1.689164 0.066300 0.200000
v 1.691999 0.061489 -0.200000
v 1.691999 0.061489 0.200000
v 1.695464 0.057320 -0.200000
v 1.695464 0.057320 0.200000
v 1.699559 0.053792 -0.200000
v 1.699559 0.053792 0.200000
v 1.704284 0.050905 -0.200000
v 1.704284 0.050905 0.200000
v 1.709639 0.048660 -0.200000
v 1.709639 0.048660 0.200000
v 1.715624 0.047056 -0.200000
v 1.715624 0.047056 0.200000
v 1.722239 0.046094 -0.200000
v 1.722239 0.046094 0.200000
vn -0.0000 -0.0000 1.0000
vn 0.0001 -0.0000 1.0000
vn -0.0000 -0.0000 -1.0000
vn 0.0001 -0.0000 -1.0000
vn 0.8170 -0.5766 -0.0000
vn 0.9407 0.3392 -0.0000
vn 0.9408 0.3389 -0.0000
vn 0.9409 0.3386 -0.0000
vn 0.9411 0.3382 -0.0000
vn 0.9412 0.3379 -0.0000
vn 0.9413 0.3376 -0.0000
vn 0.9414 0.3373 -0.0000
vn 0.9415 0.3370 -0.0000
vn 0.9416 0.3367 -0.0000
vn 0.9417 0.3363 -0.0000
vn 0.9419 0.3360 -0.0000
vn 0.8173 -0.5763 -0.0000
vn -0.5796 -0.8149 -0.0000
vn -0.9914 0.1306 -0.0000
vn -0.4682 0.8836 -0.0000
vn -0.7071 0.7071 -0.0000
vn -0.7071 -0.7071 -0.0000
vn 0.7071 -0.7071 -0.0000
vn 0.0134 0.9999 -0.0000
vn 0.0547 0.9985 -0.0000
vn 0.1120 0.9937 -0.0000
vn 0.1719 0.9851 -0.0000
vn 0.2340 0.9722 -0.0000
vn 0.2974 0.9547 -0.0000
vn 0.3615 0.9324 -0.0000
vn 0.4252 0.9051 -0.0000
vn 0.4877 0.8730 -0.0000
vn 0.5478 0.8366 -0.0000
vn 0.6049 0.7963 -0.0000
vn 0.6581 0.7530 -0.0000
vn 0.7071 0.7071 -0.0000
vn 0.7530 0.6581 -0.0000
vn 0.7963 0.6049 -0.0000
vn 0.8366 0.5478 -0.0000
vn 0.8730 0.4877 -0.0000
vn 0.9051 0.4252 -0.0000
vn 0.9324 0.3615 -0.0000
vn 0.9547 0.2974 -0.0000
vn 0.9722 0.2340 -0.0000
vn 0.9851 0.1719 -0.0000
vn 0.9937 0.1120 -0.0000
vn 0.9985 0.0547 -0.0000
vn 0.9999 0.0134 -0.0000
vn 0.9996 -0.0292 -0.0000
vn 0.9923 -0.1238 -0.0000
vn 0.9651 -0.2619 -0.0000
vn 0.9119 -0.4105 -0.0000
vn 0.8296 -0.5584 -0.0000
vn 0.7217 -0.6922 -0.0000
vn 0.5981 -0.8014 -0.0000
vn 0.4711 -0.8821 -0.0000
vn 0.3507 -0.9365 -0.0000
vn 0.2427 -0.9701 -0.0000
vn 0.1489 -0.9888 -0.0000
vn 0.0690 -0.9976 -0.0000
vn 0.0142 -0.9999 -0.0000
vn -0.0076 -1.0000 -0.0000
vn -0.0143 -0.9999 -0.0000
vn -0.0202 -0.9998 -0.0000
vn -0.0253 -0.9997 -0.0000
vn -0.0299 -0.9996 -0.0000
vn -0.0340 -0.9994 -0.0000
vn -0.0377 -0.9993 -0.0000
vn -0.0410 -0.9992 -0.0000
vn -0.0440 -0.9990 -0.0000
vn -0.0468 -0.9989 -0.0000
vn -0.0493 -0.9988 -0.0000
vn -0.0506 -0.9987 -0.0000
vn -0.0496 -0.9988 -0.0000
vn -0.0474 -0.9989 -0.0000
vn -0.0449 -0.9990 -0.0000
vn -0.0422 -0.9991 -0.0000
vn -0.0391 -0.9992 -0.0000
vn -0.0356 -0.9994 -0.0000
vn -0.0317 -0.9995 -0.0000
vn -0.0272 -0.9996 -0.0000
vn -0.0219 -0.9998 -0.0000
vn -0.0158 -0.9999 -0.0000
vn -0.0085 -1.0000 -0.0000
vn 0.9998 -0.0215 -0.0000
vn 0.9958 -0.0917 -0.0000
vn 0.9805 -0.1966 -0.0000
vn 0.9488 -0.3158 -0.0000
vn 0.8952 -0.4457 -0.0000
vn 0.8155 -0.5787 -0.0000
vn 0.7102 -0.7040 -0.0000
vn 0.5855 -0.8107 -0.0000
vn 0.4520 -0.8920 -0.0000
vn 0.3209 -0.9471 -0.0000
vn 0.2000 -0.9798 -0.0000
vn 0.0934 -0.9956 -0.0000
vn 0.0219 -0.9998 -0.0000
vn -0.0934 -0.9956 -0.0000
vn -0.2000 -0.9798 -0.0000
vn -0.3209 -0.9471 -0.0000
vn -0.4520 -0.8920 -0.0000
vn -0.5855 -0.8107 -0.0000
vn -0.7102 -0.7040 -0.0000
vn -0.8155 -0.5787 -0.0000
vn -0.8952 -0.4457 -0.0000
vn -0.9488 -0.3158 -0.0000
vn -0.9805 -0.1966 -0.0000
vn -0.9958 -0.0917 -0.0000
vn -0.9998 -0.0215 -0.0000
vn -0.9998 0.0215 -0.0000
vn -0.9958 0.0917 -0.0000
vn -0.9805 0.1966 -0.0000
vn -0.9488 0.3158 -0.0000
vn -0.8952 0.4457 -0.0000
vn -0.8155 0.5787 -0.0000
vn -0.7102 0.7040 -0.0000
vn -0.5855 0.8107 -0.0000
vn -0.4520 0.8920 -0.0000
vn -0.3209 0.9471 -0.0000
vn -0.2000 0.9798 -0.0000
vn -0.0934 0.9956 -0.0000
vn -0.0219 0.9998 -0.0000
vn 0.0219 0.9998 -0.0000
vn 0.0934 0.9956 -0.0000
vn 0.2000 0.9798 -0.0000
vn 0.3209 0.9471 -0.0000
vn 0.4520 0.8920 -0.0000
vn 0.5855 0.8107 -0.0000
vn 0.7102 0.7040 -0.0000
vn 0.8155 0.5787 -0.0000
vn 0.8952 0.4457 -0.0000
vn 0.9488 0.3158 -0.0000
vn 0.9805 0.1966 -0.0000
vn 0.9958 0.0917 -0.0000
vn 0.9998 0.0215 -0.0000
vn 0.9280 -0.3726 -0.0000
vn 0.3927 -0.9197 -0.0000
vn 0.9998 0.0217 -0.0000
vn 0.9998 -0.0217 -0.0000
vn 0.9957 -0.0925 -0.0000
vn 0.9801 -0.1983 -0.0000
vn 0.9480 -0.3183 -0.0000
vn 0.8936 -0.4489 -0.0000
vn 0.8131 -0.5821 -0.0000
vn 0.5821 -0.8131 -0.0000
vn 0.4489 -0.8936 -0.0000
vn 0.3183 -0.9480 -0.0000
vn 0.1983 -0.9801 -0.0000
vn 0.0925 -0.9957 -0.0000
vn 0.0217 -0.9998 -0.0000
vn -0.8155 -0.5788 -0.0000
vn -0.8155 0.5788 -0.0000
vn 0.0217 0.9998 -0.0000
vn 0.0925 0.9957 -0.0000
vn 0.1983 0.9801 -0.0000
vn 0.3183 0.9480 -0.0000
vn 0.4489 0.8936 -0.0000
vn 0.5821 0.8131 -0.0000
vn 0.8131 0.5821 -0.0000
vn 0.8936 0.4489 -0.0000
vn 0.9480 0.3183 -0.0000
vn 0.9801 0.1983 -0.0000
vn 0.9957 0.0925 -0.0000
vn 0.9998 0.0219 -0.0000
vn -0.6955 -0.7186 -0.0000
vn 0.7186 -0.6955 -0.0000
vn 0.6518 0.7584 -0.0000
vn -0.1508 0.9886 -0.0000
vn -0.1519 0.9884 -0.0000
vn -0.1529 0.9882 -0.0000
vn -0.1539 0.9881 -0.0000
vn -0.1549 0.9879 -0.0000
vn -0.1560 0.9878 -0.0000
vn -0.1570 0.9876 -0.0000
vn -0.1580 0.9874 -0.0000
vn -0.1590 0.9873 -0.0000
vn -0.1600 0.9871 -0.0000
vn -0.1610 0.9870 -0.0000
vn -0.1400 0.9901 -0.0000
vn -0.1312 0.9914 -0.0000
vn -0.1219 0.9925 -0.0000
vn -0.1119 0.9937 -0.0000
vn -0.1012 0.9949 -0.0000
vn -0.0898 0.9960 -0.0000
vn -0.0775 0.9970 -0.0000
vn -0.0643 0.9979 -0.0000
vn -0.0500 0.9987 -0.0000
vn -0.0346 0.9994 -0.0000
vn -0.0179 0.9998 -0.0000
vn 0.0169 0.9999 -0.0000
vn 0.0917 0.9958 -0.0000
vn 0.1966 0.9805 -0.0000
vn 0.3157 0.9488 -0.0000
vn 0.4457 0.8952 -0.0000
vn 0.5787 0.8156 -0.0000
vn 0.7039 0.7103 -0.0000
vn 0.8106 0.5856 -0.0000
vn 0.8920 0.4521 -0.0000
vn 0.9471 0.3209 -0.0000
vn 0.9798 0.2000 -0.0000
vn 0.9956 0.0934 -0.0000
vn -0.6513 -0.7589 -0.0000
vn 0.1509 -0.9885 -0.0000
vn 0.1492 -0.9888 -0.0000
vn 0.1472 -0.9891 -0.0000
vn 0.1447 -0.9895 -0.0000
vn 0.1417 -0.9899 -0.0000
vn 0.1378 -0.9905 -0.0000
vn 0.1326 -0.9912 -0.0000
vn 0.1255 -0.9921 -0.0000
vn 0.1151 -0.9934 -0.0000
vn 0.0983 -0.9952 -0.0000
vn 0.0660 -0.9978 -0.0000
vn 0.0079 -1.0000 -0.0000
vn -0.0586 -0.9983 -0.0000
vn -0.1201 -0.9928 -0.0000
vn -0.1845 -0.9828 -0.0000
vn -0.2511 -0.9680 -0.0000
vn -0.3190 -0.9478 -0.0000
vn -0.3872 -0.9220 -0.0000
vn -0.4545 -0.8908 -0.0000
vn -0.5198 -0.8543 -0.0000
vn -0.5819 -0.8132 -0.0000
vn -0.6400 -0.7684 -0.0000
vn -0.6933 -0.7206 -0.0000
vn -0.7407 -0.6719 -0.0000
vn -0.7825 -0.6227 -0.0000
vn -0.8208 -0.5712 -0.0000
vn -0.8562 -0.5166 -0.0000
vn -0.8881 -0.4596 -0.0000
vn -0.9162 -0.4007 -0.0000
vn -0.9401 -0.3408 -0.0000
vn -0.9598 -0.2808 -0.0000
vn -0.9752 -0.2212 -0.0000
vn -0.9866 -0.1629 -0.0000
vn -0.9943 -0.1064 -0.0000
vn -0.9986 -0.0521 -0.0000
vn -0.9999 -0.0128 -0.0000
vn -0.9999 0.0139 -0.0000
vn -0.9984 0.0565 -0.0000
vn -0.9933 0.1154 -0.0000
vn -0.9843 0.1766 -0.0000
vn -0.9709 0.2394 -0.0000
vn -0.9529 0.3033 -0.0000
vn -0.9301 0.3672 -0.0000
vn -0.9027 0.4303 -0.0000
vn -0.8708 0.4916 -0.0000
vn -0.8350 0.5503 -0.0000
vn -0.7958 0.6056 -0.0000
vn -0.7540 0.6569 -0.0000
vn -0.7101 0.7041 -0.0000
vn -0.6633 0.7483 -0.0000
vn -0.6123 0.7907 -0.0000
vn -0.5571 0.8305 -0.0000
vn -0.4983 0.8670 -0.0000
vn -0.4367 0.8996 -0.0000
vn -0.3731 0.9278 -0.0000
vn -0.3085 0.9512 -0.0000
vn -0.2437 0.9698 -0.0000
vn -0.1799 0.9837 -0.0000
vn -0.1176 0.9931 -0.0000
vn -0.0576 0.9983 -0.0000
vn -0.0141 0.9999 -0.0000
vn 0.0155 0.9999 -0.0000
vn -0.0213 0.9998 -0.0000
vn -0.0342 0.9994 -0.0000
vn -0.0420 0.9991 -0.0000
vn -0.0474 0.9989 -0.0000
vn -0.0513 0.9987 -0.0000
vn -0.0542 0.9985 -0.0000
vn -0.0565 0.9984 -0.0000
vn -0.0583 0.9983 -0.0000
vn -0.0599 0.9982 -0.0000
vn -0.0611 0.9981 -0.0000
vn -0.0622 0.9981 -0.0000
vn -0.7289 0.6846 -0.0000
vn 0.0223 -0.9998 -0.0000
vn 0.0950 -0.9955 -0.0000
vn 0.2034 -0.9791 -0.0000
vn 0.3260 -0.9454 -0.0000
vn 0.4585 -0.8887 -0.0000
vn 0.5923 -0.8057 -0.0000
vn 0.7164 -0.6977 -0.0000
vn 0.8203 -0.5719 -0.0000
vn 0.8983 -0.4394 -0.0000
vn 0.9505 -0.3108 -0.0000
vn 0.9812 -0.1932 -0.0000
vn 0.9959 -0.0901 -0.0000
vn 0.9998 -0.0211 -0.0000
vn 0.9998 0.0213 -0.0000
vn 0.9959 0.0909 -0.0000
vn 0.9808 0.1949 -0.0000
vn 0.9497 0.3132 -0.0000
vn 0.8968 0.4425 -0.0000
vn 0.8180 0.5753 -0.0000
vn 0.7134 0.7008 -0.0000
vn 0.5890 0.8082 -0.0000
vn 0.4553 0.8903 -0.0000
vn 0.3235 0.9462 -0.0000
vn 0.2017 0.9794 -0.0000
vn 0.0942 0.9956 -0.0000
vt 0.619048 0.000000
vt 0.000000 0.000000
vt 0.628571 0.000000
vt 0.009524 0.000000
vt 0.600000 0.000000
vt 0.609524 0.000000
vt 0.761905 0.000000
vt 0.590476 0.000000
vt 0.580952 0.000000
vt 0.571429 0.000000
vt 0.561905 0.000000
vt 0.552381 0.000000
vt 0.542857 0.000000
vt 0.533333 0.000000
vt 0.523810 0.000000
vt 0.514286 0.000000
vt 0.504762 0.000000
vt 0.495238 0.000000
vt 0.485714 0.000000
vt 0.476190 0.000000
vt 0.466667 0.000000
vt 0.457143 0.000000
vt 0.447619 0.000000
vt 0.438095 0.000000
vt 0.771429 0.000000
vt 0.780952 0.000000
vt 0.752381 0.000000
vt 0.790476 0.000000
vt 0.800000 0.000000
vt 0.809524 0.000000
vt 0.428571 0.000000
vt 0.819048 0.000000
vt 0.828571 0.000000
vt 0.419048 0.000000
vt 0.838095 0.000000
vt 0.409524 0.000000
vt 0.847619 0.000000
vt 0.400000 0.000000
vt 0.857143 0.000000
vt 0.390476 0.000000
vt 0.866667 0.000000
vt 0.380952 0.000000
vt 0.876190 0.000000
vt 0.371429 0.000000
vt 0.885714 0.000000
vt 0.895238 0.000000
vt 0.904762 0.000000
vt 0.914286 0.000000
vt 0.361905 0.000000
vt 0.923810 0.000000
vt 0.352381 0.000000
vt 0.933333 0.000000
vt 0.342857 0.000000
vt 0.942857 0.000000
vt 0.333333 0.000000
vt 0.952381 0.000000
vt 0.323810 0.000000
vt 0.961905 0.000000
vt 0.971429 0.000000
vt 0.314286 0.000000
vt 0.980952 0.000000
vt 0.742857 0.000000
vt 0.733333 0.000000
vt 0.990476 0.000000
vt 0.723810 0.000000
vt 0.714286 0.000000
vt 0.304762 0.000000
vt 0.704762 0.000000
vt 0.695238 0.000000
vt 1.000000 0.000000
vt 0.685714 0.000000
vt 0.676190 0.000000
vt 0.666667 0.000000
vt 0.638095 0.000000
vt 0.657143 0.000000
vt 0.647619 0.000000
vt 0.028571 0.000000
vt 0.295238 0.000000
vt 0.285714 0.000000
vt 0.276190 0.000000
vt 0.266667 0.000000
vt 0.257143 0.000000
vt 0.247619 0.000000
vt 0.238095 0.000000
vt 0.228571 0.000000
vt 0.038095 0.000000
vt 0.019048 0.000000
vt 0.219048 0.000000
vt 0.047619 0.000000
vt 0.209524 0.000000
vt 0.057143 0.000000
vt 0.200000 0.000000
vt 0.066667 0.000000
vt 0.076190 0.000000
vt 0.190476 0.000000
vt 0.085714 0.000000
vt 0.180952 0.000000
vt 0.095238 0.000000
vt 0.171429 0.000000
vt 0.104762 0.000000
vt 0.114286 0.000000
vt 0.161905 0.000000
vt 0.123810 0.000000
vt 0.152381 0.000000
vt 0.133333 0.000000
vt 0.142857 0.000000
vt 0.727273 0.000000
vt 0.772727 0.000000
vt 0.750000 0.000000
vt 0.704545 0.000000
vt 0.681818 0.000000
vt 0.659091 0.000000
vt 0.795455 0.000000
vt 0.636364 0.000000
vt 0.613636 0.000000
vt 0.590909 0.000000
vt 0.818182 0.000000
vt 0.568182 0.000000
vt 0.545455 0.000000
vt 0.136364 0.000000
vt 0.181818 0.000000
vt 0.159091 0.000000
vt 0.204545 0.000000
vt 0.522727 0.000000
vt 0.840909 0.000000
vt 0.500000 0.000000
vt 0.477273 0.000000
vt 0.454545 0.000000
vt 0.863636 0.000000
vt 0.431818 0.000000
vt 0.409091 0.000000
vt 0.386364 0.000000
vt 0.886364 0.000000
vt 0.363636 0.000000
vt 0.340909 0.000000
vt 0.318182 0.000000
vt 0.295455 0.000000
vt 0.272727 0.000000
vt 0.909091 0.000000
vt 0.250000 0.000000
vt 0.227273 0.000000
vt 0.090909 0.000000
vt 0.931818 0.000000
vt 0.954545 0.000000
vt 0.977273 0.000000
vt 0.068182 0.000000
vt 0.022727 0.000000
vt 0.045455 0.000000
vt 0.113636 0.000000
vt 0.690909 0.000000
vt 0.709091 0.000000
vt 0.745455 0.000000
vt 0.672727 0.000000
vt 0.763636 0.000000
vt 0.654545 0.000000
vt 0.781818 0.000000
vt 0.618182 0.000000
vt 0.836364 0.000000
vt 0.581818 0.000000
vt 0.854545 0.000000
vt 0.563636 0.000000
vt 0.872727 0.000000
vt 0.890909 0.000000
vt 0.527273 0.000000
vt 0.509091 0.000000
vt 0.927273 0.000000
vt 0.490909 0.000000
vt 0.472727 0.000000
vt 0.981818 0.000000
vt 0.018182 0.000000
vt 0.945455 0.000000
vt 0.963636 0.000000
vt 0.036364 0.000000
vt 0.436364 0.000000
vt 0.054545 0.000000
vt 0.418182 0.000000
vt 0.072727 0.000000
vt 0.109091 0.000000
vt 0.381818 0.000000
vt 0.127273 0.000000
vt 0.145455 0.000000
vt 0.345455 0.000000
vt 0.163636 0.000000
vt 0.327273 0.000000
vt 0.309091 0.000000
vt 0.290909 0.000000
vt 0.218182 0.000000
vt 0.236364 0.000000
vt 0.254545 0.000000
vt 0.644068 0.000000
vt 0.677966 0.000000
vt 0.661017 0.000000
vt 0.694915 0.000000
vt 0.627119 0.000000
vt 0.711864 0.000000
vt 0.610169 0.000000
vt 0.728814 0.000000
vt 0.593220 0.000000
vt 0.745763 0.000000
vt 0.576271 0.000000
vt 0.762712 0.000000
vt 0.559322 0.000000
vt 0.779661 0.000000
vt 0.542373 0.000000
vt 0.796610 0.000000
vt 0.525424 0.000000
vt 0.813559 0.000000
vt 0.508475 0.000000
vt 0.830508 0.000000
vt 0.491525 0.000000
vt 0.847458 0.000000
vt 0.474576 0.000000
vt 0.864407 0.000000
vt 0.457627 0.000000
vt 0.881356 0.000000
vt 0.440678 0.000000
vt 0.949153 0.000000
vt 0.932203 0.000000
vt 0.898305 0.000000
vt 0.966102 0.000000
vt 0.915254 0.000000
vt 0.983051 0.000000
vt 0.016949 0.000000
vt 0.423729 0.000000
vt 0.033898 0.000000
vt 0.406780 0.000000
vt 0.050847 0.000000
vt 0.389830 0.000000
vt 0.067797 0.000000
vt 0.084746 0.000000
vt 0.372881 0.000000
vt 0.101695 0.000000
vt 0.355932 0.000000
vt 0.118644 0.000000
vt 0.338983 0.000000
vt 0.135593 0.000000
vt 0.322034 0.000000
vt 0.152542 0.000000
vt 0.305085 0.000000
vt 0.169492 0.000000
vt 0.288136 0.000000
vt 0.186441 0.000000
vt 0.271186 0.000000
vt 0.203390 0.000000
vt 0.254237 0.000000
vt 0.220339 0.000000
vt 0.237288 0.000000
vt 0.612903 0.000000
vt 0.645161 0.000000
vt 0.629032 0.000000
vt 0.661290 0.000000
vt 0.596774 0.000000
vt 0.677419 0.000000
vt 0.580645 0.000000
vt 0.693548 0.000000
vt 0.564516 0.000000
vt 0.709677 0.000000
vt 0.548387 0.000000
vt 0.725806 0.000000
vt 0.532258 0.000000
vt 0.741935 0.000000
vt 0.516129 0.000000
vt 0.758065 0.000000
vt 0.774194 0.000000
vt 0.483871 0.000000
vt 0.790323 0.000000
vt 0.467742 0.000000
vt 0.806452 0.000000
vt 0.451613 0.000000
vt 0.822581 0.000000
vt 0.435484 0.000000
vt 0.983871 0.000000
vt 0.838710 0.000000
vt 0.951613 0.000000
vt 0.967742 0.000000
vt 0.419355 0.000000
vt 0.854839 0.000000
vt 0.887097 0.000000
vt 0.870968 0.000000
vt 0.903226 0.000000
vt 0.919355 0.000000
vt 0.935484 0.000000
vt 0.016129 0.000000
vt 0.403226 0.000000
vt 0.032258 0.000000
vt 0.387097 0.000000
vt 0.048387 0.000000
vt 0.370968 0.000000
vt 0.064516 0.000000
vt 0.080645 0.000000
vt 0.354839 0.000000
vt 0.096774 0.000000
vt 0.338710 0.000000
vt 0.112903 0.000000
vt 0.322581 0.000000
vt 0.129032 0.000000
vt 0.306452 0.000000
vt 0.145161 0.000000
vt 0.290323 0.000000
vt 0.161290 0.000000
vt 0.274194 0.000000
vt 0.177419 0.000000
vt 0.258065 0.000000
vt 0.193548 0.000000
vt 0.241935 0.000000
vt 0.209677 0.000000
vt 0.225806 0.000000
vt 0.243902 0.000000
vt 0.219512 0.000000
vt 0.256098 0.000000
vt 0.268293 0.000000
vt 0.280488 0.000000
vt 0.292683 0.000000
vt 0.304878 0.000000
vt 0.317073 0.000000
vt 0.329268 0.000000
vt 0.341463 0.000000
vt 0.353659 0.000000
vt 0.365854 0.000000
vt 0.378049 0.000000
vt 0.390244 0.000000
vt 0.402439 0.000000
vt 0.414634 0.000000
vt 0.426829 0.000000
vt 0.439024 0.000000
vt 0.451219 0.000000
vt 0.463415 0.000000
vt 0.475610 0.000000
vt 0.487805 0.000000
vt 0.512195 0.000000
vt 0.524390 0.000000
vt 0.536585 0.000000
vt 0.548781 0.000000
vt 0.560976 0.000000
vt 0.207317 0.000000
vt 0.573171 0.000000
vt 0.231707 0.000000
vt 0.195122 0.000000
vt 0.170732 0.000000
vt 0.182927 0.000000
vt 0.585366 0.000000
vt 0.597561 0.000000
vt 0.158537 0.000000
vt 0.609756 0.000000
vt 0.621951 0.000000
vt 0.634146 0.000000
vt 0.646341 0.000000
vt 0.658537 0.000000
vt 0.670732 0.000000
vt 0.682927 0.000000
vt 0.695122 0.000000
vt 0.987805 0.000000
vt 0.975610 0.000000
vt 0.707317 0.000000
vt 0.012195 0.000000
vt 0.963415 0.000000
vt 0.951219 0.000000
vt 0.939024 0.000000
vt 0.926829 0.000000
vt 0.914634 0.000000
vt 0.902439 0.000000
vt 0.890244 0.000000
vt 0.878049 0.000000
vt 0.865854 0.000000
vt 0.853659 0.000000
vt 0.841463 0.000000
vt 0.829268 0.000000
vt 0.817073 0.000000
vt 0.719512 0.000000
vt 0.804878 0.000000
vt 0.792683 0.000000
vt 0.780488 0.000000
vt 0.768293 0.000000
vt 0.756098 0.000000
vt 0.743902 0.000000
vt 0.731707 0.000000
vt 0.024390 0.000000
vt 0.036585 0.000000
vt 0.048780 0.000000
vt 0.060976 0.000000
vt 0.073171 0.000000
vt 0.085366 0.000000
vt 0.097561 0.000000
vt 0.109756 0.000000
vt 0.121951 0.000000
vt 0.134146 0.000000
vt 0.146341 0.000000
vt 0.000000 1.000000
vt 0.012048 1.000000
vt 0.012048 0.000000
vt 0.024096 1.000000
vt 0.024096 0.000000
vt 0.036145 1.000000
vt 0.036145 0.000000
vt 0.048193 1.000000
vt 0.048193 0.000000
vt 0.060241 1.000000
vt 0.060241 0.000000
vt 0.072289 1.000000
vt 0.072289 0.000000
vt 0.084337 1.000000
vt 0.084337 0.000000
vt 0.096386 1.000000
vt 0.096386 0.000000
vt 0.108434 1.000000
vt 0.108434 0.000000
vt 0.120482 1.000000
vt 0.120482 0.000000
vt 0.132530 1.000000
vt 0.132530 0.000000
vt 0.144578 1.000000
vt 0.144578 0.000000
vt 0.156627 1.000000
vt 0.156627 0.000000
vt 0.168675 1.000000
vt 0.168675 0.000000
vt 0.180723 1.000000
vt 0.180723 0.000000
vt 0.192771 1.000000
vt 0.192771 0.000000
vt 0.204819 1.000000
vt 0.204819 0.000000
vt 0.216867 1.000000
vt 0.216867 0.000000
vt 0.228916 1.000000
vt 0.228916 0.000000
vt 0.240964 1.000000
vt 0.240964 0.000000
vt 0.253012 1.000000
vt 0.253012 0.000000
vt 0.265060 1.000000
vt 0.265060 0.000000
vt 0.277108 1.000000
vt 0.277108 0.000000
vt 0.289157 1.000000
vt 0.289157 0.000000
vt 0.301205 1.000000
vt 0.301205 0.000000
vt 0.313253 1.000000
vt 0.313253 0.000000
vt 0.325301 1.000000
vt 0.325301 0.000000
vt 0.337349 1.000000
vt 0.337349 0.000000
vt 0.349398 1.000000
vt 0.349398 0.000000
vt 0.361446 1.000000
vt 0.361446 0.000000
vt 0.373494 1.000000
vt 0.373494 0.000000
vt 0.385542 1.000000
vt 0.385542 0.000000
vt 0.397590 1.000000
vt 0.397590 0.000000
vt 0.409639 1.000000
vt 0.409639 0.000000
vt 0.421687 1.000000
vt 0.421687 0.000000
vt 0.433735 1.000000
vt 0.433735 0.000000
vt 0.445783 1.000000
vt 0.445783 0.000000
vt 0.457831 1.000000
vt 0.457831 0.000000
vt 0.469880 1.000000
vt 0.469880 0.000000
vt 0.481928 1.000000
vt 0.481928 0.000000
vt 0.493976 1.000000
vt 0.493976 0.000000
vt 0.506024 1.000000
vt 0.506024 0.000000
vt 0.518072 1.000000
vt 0.518072 0.000000
vt 0.530120 1.000000
vt 0.530120 0.000000
vt 0.542169 1.000000
vt 0.542169 0.000000
vt 0.554217 1.000000
vt 0.554217 0.000000
vt 0.566265 1.000000
vt 0.566265 0.000000
vt 0.578313 1.000000
vt 0.578313 0.000000
vt 0.590361 1.000000
vt 0.590361 0.000000
vt 0.602410 1.000000
vt 0.602410 0.000000
vt 0.614458 1.000000
vt 0.614458 0.000000
vt 0.626506 1.000000
vt 0.626506 0.000000
vt 0.638554 1.000000
vt 0.638554 0.000000
vt 0.650602 1.000000
vt 0.650602 0.000000
vt 0.662651 1.000000
vt 0.662651 0.000000
vt 0.674699 1.000000
vt 0.674699 0.000000
vt 0.686747 1.000000
vt 0.686747 0.000000
vt 0.698795 1.000000
vt 0.698795 0.000000
vt 0.710843 1.000000
vt 0.710843 0.000000
vt 0.722892 1.000000
vt 0.722892 0.000000
vt 0.734940 1.000000
vt 0.734940 0.000000
vt 0.746988 1.000000
vt 0.746988 0.000000
vt 0.759036 1.000000
vt 0.759036 0.000000
vt 0.771084 1.000000
vt 0.771084 0.000000
vt 0.783133 1.000000
vt 0.783133 0.000000
vt 0.795181 1.000000
vt 0.795181 0.000000
vt 0.807229 1.000000
vt 0.807229 0.000000
vt 0.819277 1.000000
vt 0.819277 0.000000
vt 0.831325 1.000000
vt 0.831325 0.000000
vt 0.843373 1.000000
vt 0.843373 0.000000
vt 0.855422 1.000000
vt 0.855422 0.000000
vt 0.867470 1.000000
vt 0.867470 0.000000
vt 0.879518 1.000000
vt 0.879518 0.000000
vt 0.891566 1.000000
vt 0.891566 0.000000
vt 0.903614 1.000000
vt 0.903614 0.000000
vt 0.915663 1.000000
vt 0.915663 0.000000
vt 0.927711 1.000000
vt 0.927711 0.000000
vt 0.939759 1.000000
vt 0.939759 0.000000
vt 0.951807 1.000000
vt 0.951807 0.000000
vt 0.963855 1.000000
vt 0.963855 0.000000
vt 0.975904 1.000000
vt 0.975904 0.000000
vt 0.987952 1.000000
vt 0.987952 0.000000
vt 1.000000 1.000000
vt 0.016949 1.000000
vt 0.033898 1.000000
vt 0.050847 1.000000
vt 0.067797 1.000000
vt 0.084746 1.000000
vt 0.101695 1.000000
vt 0.118644 1.000000
vt 0.135593 1.000000
vt 0.152542 1.000000
vt 0.169492 1.000000
vt 0.186441 1.000000
vt 0.203390 1.000000
vt 0.220339 1.000000
vt 0.237288 1.000000
vt 0.254237 1.000000
vt 0.271186 1.000000
vt 0.288136 1.000000
vt 0.305085 1.000000
vt 0.322034 1.000000
vt 0.338983 1.000000
vt 0.355932 1.000000
vt 0.372881 1.000000
vt 0.389830 1.000000
vt 0.406780 1.000000
vt 0.423729 1.000000
vt 0.440678 1.000000
vt 0.457627 1.000000
vt 0.474576 1.000000
vt 0.491525 1.000000
vt 0.508475 1.000000
vt 0.525424 1.000000
vt 0.542373 1.000000
vt 0.559322 1.000000
vt 0.576271 1.000000
vt 0.593220 1.000000
vt 0.610169 1.000000
vt 0.627119 1.000000
vt 0.644068 1.000000
vt 0.661017 1.000000
vt 0.677966 1.000000
vt 0.694915 1.000000
vt 0.711864 1.000000
vt 0.728814 1.000000
vt 0.745763 1.000000
vt 0.762712 1.000000
vt 0.779661 1.000000
vt 0.796610 1.000000
vt 0.813559 1.000000
vt 0.830508 1.000000
vt 0.847458 1.000000
vt 0.864407 1.000000
vt 0.881356 1.000000
vt 0.898305 1.000000
vt 0.915254 1.000000
vt 0.932203 1.000000
vt 0.949153 1.000000
vt 0.966102 1.000000
vt 0.983051 1.000000
vt 0.250000 1.000000
vt 0.500000 1.000000
vt 0.750000 1.000000
vt 0.016667 1.000000
vt 0.016667 0.000000
vt 0.033333 1.000000
vt 0.033333 0.000000
vt 0.050000 1.000000
vt 0.050000 0.000000
vt 0.066667 1.000000
vt 0.083333 1.000000
vt 0.083333 0.000000
vt 0.100000 1.000000
vt 0.100000 0.000000
vt 0.116667 1.000000
vt 0.116667 0.000000
vt 0.133333 1.000000
vt 0.150000 1.000000
vt 0.150000 0.000000
vt 0.166667 1.000000
vt 0.166667 0.000000
vt 0.183333 1.000000
vt 0.183333 0.000000
vt 0.200000 1.000000
vt 0.216667 1.000000
vt 0.216667 0.000000
vt 0.233333 1.000000
vt 0.233333 0.000000
vt 0.266667 1.000000
vt 0.283333 1.000000
vt 0.283333 0.000000
vt 0.300000 1.000000
vt 0.300000 0.000000
vt 0.316667 1.000000
vt 0.316667 0.000000
vt 0.333333 1.000000
vt 0.350000 1.000000
vt 0.350000 0.000000
vt 0.366667 1.000000
vt 0.366667 0.000000
vt 0.383333 1.000000
vt 0.383333 0.000000
vt 0.400000 1.000000
vt 0.416667 1.000000
vt 0.416667 0.000000
vt 0.433333 1.000000
vt 0.433333 0.000000
vt 0.450000 1.000000
vt 0.450000 0.000000
vt 0.466667 1.000000
vt 0.483333 1.000000
vt 0.483333 0.000000
vt 0.516667 1.000000
vt 0.516667 0.000000
vt 0.533333 1.000000
vt 0.550000 1.000000
vt 0.550000 0.000000
vt 0.566667 1.000000
vt 0.566667 0.000000
vt 0.583333 1.000000
vt 0.583333 0.000000
vt 0.600000 1.000000
vt 0.616667 1.000000
vt 0.616667 0.000000
vt 0.633333 1.000000
vt 0.633333 0.000000
vt 0.650000 1.000000
vt 0.650000 0.000000
vt 0.666667 1.000000
vt 0.683333 1.000000
vt 0.683333 0.000000
vt 0.700000 1.000000
vt 0.700000 0.000000
vt 0.716667 1.000000
vt 0.716667 0.000000
vt 0.733333 1.000000
vt 0.766667 1.000000
vt 0.766667 0.000000
vt 0.783333 1.000000
vt 0.783333 0.000000
vt 0.800000 1.000000
vt 0.816667 1.000000
vt 0.816667 0.000000
vt 0.833333 1.000000
vt 0.833333 0.000000
vt 0.850000 1.000000
vt 0.850000 0.000000
vt 0.866667 1.000000
vt 0.883333 1.000000
vt 0.883333 0.000000
vt 0.900000 1.000000
vt 0.900000 0.000000
vt 0.916667 1.000000
vt 0.916667 0.000000
vt 0.933333 1.000000
vt 0.950000 1.000000
vt 0.950000 0.000000
vt 0.966667 1.000000
vt 0.966667 0.000000
vt 0.983333 1.000000
vt 0.983333 0.000000
vt 0.019231 1.000000
vt 0.019231 0.000000
vt 0.038462 1.000000
vt 0.038462 0.000000
vt 0.057692 1.000000
vt 0.057692 0.000000
vt 0.076923 1.000000
vt 0.076923 0.000000
vt 0.096154 1.000000
vt 0.096154 0.000000
vt 0.115385 1.000000
vt 0.115385 0.000000
vt 0.134615 1.000000
vt 0.134615 0.000000
vt 0.153846 1.000000
vt 0.153846 0.000000
vt 0.173077 1.000000
vt 0.173077 0.000000
vt 0.192308 1.000000
vt 0.192308 0.000000
vt 0.211538 1.000000
vt 0.211538 0.000000
vt 0.230769 1.000000
vt 0.230769 0.000000
vt 0.269231 1.000000
vt 0.269231 0.000000
vt 0.288462 1.000000
vt 0.288462 0.000000
vt 0.307692 1.000000
vt 0.307692 0.000000
vt 0.326923 1.000000
vt 0.326923 0.000000
vt 0.346154 1.000000
vt 0.346154 0.000000
vt 0.365385 1.000000
vt 0.365385 0.000000
vt 0.384615 1.000000
vt 0.384615 0.000000
vt 0.403846 1.000000
vt 0.403846 0.000000
vt 0.423077 1.000000
vt 0.423077 0.000000
vt 0.442308 1.000000
vt 0.442308 0.000000
vt 0.461538 1.000000
vt 0.461538 0.000000
vt 0.480769 1.000000
vt 0.480769 0.000000
vt 0.519231 1.000000
vt 0.519231 0.000000
vt 0.538462 1.000000
vt 0.538462 0.000000
vt 0.557692 1.000000
vt 0.557692 0.000000
vt 0.576923 1.000000
vt 0.576923 0.000000
vt 0.596154 1.000000
vt 0.596154 0.000000
vt 0.615385 1.000000
vt 0.615385 0.000000
vt 0.634615 1.000000
vt 0.634615 0.000000
vt 0.653846 1.000000
vt 0.653846 0.000000
vt 0.673077 1.000000
vt 0.673077 0.000000
vt 0.692308 1.000000
vt 0.692308 0.000000
vt 0.711538 1.000000
vt 0.711538 0.000000
vt 0.730769 1.000000
vt 0.730769 0.000000
vt 0.769231 1.000000
vt 0.769231 0.000000
vt 0.788462 1.000000
vt 0.788462 0.000000
vt 0.807692 1.000000
vt 0.807692 0.000000
vt 0.826923 1.000000
vt 0.826923 0.000000
vt 0.846154 1.000000
vt 0.846154 0.000000
vt 0.865385 1.000000
vt 0.865385 0.000000
vt 0.884615 1.000000
vt 0.884615 0.000000
vt 0.903846 1.000000
vt 0.903846 0.000000
vt 0.923077 1.000000
vt 0.923077 0.000000
vt 0.942308 1.000000
vt 0.942308 0.000000
vt 0.961538 1.000000
vt 0.961538 0.000000
vt 0.980769 1.000000
vt 0.980769 0.000000
vt 0.022222 1.000000
vt 0.022222 0.000000
vt 0.044444 1.000000
vt 0.044444 0.000000
vt 0.088889 1.000000
vt 0.088889 0.000000
vt 0.111111 1.000000
vt 0.111111 0.000000
vt 0.155556 1.000000
vt 0.155556 0.000000
vt 0.177778 1.000000
vt 0.177778 0.000000
vt 0.222222 1.000000
vt 0.222222 0.000000
vt 0.244444 1.000000
vt 0.244444 0.000000
vt 0.288889 1.000000
vt 0.288889 0.000000
vt 0.311111 1.000000
vt 0.311111 0.000000
vt 0.355556 1.000000
vt 0.355556 0.000000
vt 0.377778 1.000000
vt 0.377778 0.000000
vt 0.422222 1.000000
vt 0.422222 0.000000
vt 0.444444 1.000000
vt 0.444444 0.000000
vt 0.488889 1.000000
vt 0.488889 0.000000
vt 0.511111 1.000000
vt 0.511111 0.000000
vt 0.555556 1.000000
vt 0.555556 0.000000
vt 0.577778 1.000000
vt 0.577778 0.000000
vt 0.622222 1.000000
vt 0.622222 0.000000
vt 0.644444 1.000000
vt 0.644444 0.000000
vt 0.688889 1.000000
vt 0.688889 0.000000
vt 0.711111 1.000000
vt 0.711111 0.000000
vt 0.755556 1.000000
vt 0.755556 0.000000
vt 0.777778 1.000000
vt 0.777778 0.000000
vt 0.822222 1.000000
vt 0.822222 0.000000
vt 0.844444 1.000000
vt 0.844444 0.000000
vt 0.888889 1.000000
vt 0.888889 0.000000
vt 0.911111 1.000000
vt 0.911111 0.000000
vt 0.955556 1.000000
vt 0.955556 0.000000
vt 0.977778 1.000000
vt 0.977778 0.000000
vt 0.014925 1.000000
vt 0.014925 0.000000
vt 0.029851 1.000000
vt 0.029851 0.000000
vt 0.044776 1.000000
vt 0.044776 0.000000
vt 0.059701 1.000000
vt 0.059701 0.000000
vt 0.074627 1.000000
vt 0.074627 0.000000
vt 0.089552 1.000000
vt 0.089552 0.000000
vt 0.104478 1.000000
vt 0.104478 0.000000
vt 0.119403 1.000000
vt 0.119403 0.000000
vt 0.134328 1.000000
vt 0.134328 0.000000
vt 0.149254 1.000000
vt 0.149254 0.000000
vt 0.164179 1.000000
vt 0.164179 0.000000
vt 0.179104 1.000000
vt 0.179104 0.000000
vt 0.194030 1.000000
vt 0.194030 0.000000
vt 0.208955 1.000000
vt 0.208955 0.000000
vt 0.223881 1.000000
vt 0.223881 0.000000
vt 0.238806 1.000000
vt 0.238806 0.000000
vt 0.253731 1.000000
vt 0.253731 0.000000
vt 0.268657 1.000000
vt 0.268657 0.000000
vt 0.283582 1.000000
vt 0.283582 0.000000
vt 0.298507 1.000000
vt 0.298507 0.000000
vt 0.313433 1.000000
vt 0.313433 0.000000
vt 0.328358 1.000000
vt 0.328358 0.000000
vt 0.343284 1.000000
vt 0.343284 0.000000
vt 0.358209 1.000000
vt 0.358209 0.000000
vt 0.373134 1.000000
vt 0.373134 0.000000
vt 0.388060 1.000000
vt 0.388060 0.000000
vt 0.402985 1.000000
vt 0.402985 0.000000
vt 0.417910 1.000000
vt 0.417910 0.000000
vt 0.432836 1.000000
vt 0.432836 0.000000
vt 0.447761 1.000000
vt 0.447761 0.000000
vt 0.462687 1.000000
vt 0.462687 0.000000
vt 0.477612 1.000000
vt 0.477612 0.000000
vt 0.492537 1.000000
vt 0.492537 0.000000
vt 0.507463 1.000000
vt 0.507463 0.000000
vt 0.522388 1.000000
vt 0.522388 0.000000
vt 0.537313 1.000000
vt 0.537313 0.000000
vt 0.552239 1.000000
vt 0.552239 0.000000
vt 0.567164 1.000000
vt 0.567164 0.000000
vt 0.582090 1.000000
vt 0.582090 0.000000
vt 0.597015 1.000000
vt 0.597015 0.000000
vt 0.611940 1.000000
vt 0.611940 0.000000
vt 0.626866 1.000000
vt 0.626866 0.000000
vt 0.641791 1.000000
vt 0.641791 0.000000
vt 0.656716 1.000000
vt 0.656716 0.000000
vt 0.671642 1.000000
vt 0.671642 0.000000
vt 0.686567 1.000000
vt 0.686567 0.000000
vt 0.701493 1.000000
vt 0.701493 0.000000
vt 0.716418 1.000000
vt 0.716418 0.000000
vt 0.731343 1.000000
vt 0.731343 0.000000
vt 0.746269 1.000000
vt 0.746269 0.000000
vt 0.761194 1.000000
vt 0.761194 0.000000
vt 0.776119 1.000000
vt 0.776119 0.000000
vt 0.791045 1.000000
vt 0.791045 0.000000
vt 0.805970 1.000000
vt 0.805970 0.000000
vt 0.820895 1.000000
vt 0.820895 0.000000
vt 0.835821 1.000000
vt 0.835821 0.000000
vt 0.850746 1.000000
vt 0.850746 0.000000
vt 0.865672 1.000000
vt 0.865672 0.000000
vt 0.880597 1.000000
vt 0.880597 0.000000
vt 0.895522 1.000000
vt 0.895522 0.000000
vt 0.910448 1.000000
vt 0.910448 0.000000
vt 0.925373 1.000000
vt 0.925373 0.000000
vt 0.940298 1.000000
vt 0.940298 0.000000
vt 0.955224 1.000000
vt 0.955224 0.000000
vt 0.970149 1.000000
vt 0.970149 0.000000
vt 0.985075 1.000000
vt 0.985075 0.000000
vt 0.025641 1.000000
vt 0.025641 0.000000
vt 0.051282 1.000000
vt 0.051282 0.000000
vt 0.102564 1.000000
vt 0.102564 0.000000
vt 0.128205 1.000000
vt 0.128205 0.000000
vt 0.179487 1.000000
vt 0.179487 0.000000
vt 0.205128 1.000000
vt 0.205128 0.000000
vt 0.256410 1.000000
vt 0.256410 0.000000
vt 0.282051 1.000000
vt 0.282051 0.000000
vt 0.358974 1.000000
vt 0.358974 0.000000
vt 0.410256 1.000000
vt 0.410256 0.000000
vt 0.435897 1.000000
vt 0.435897 0.000000
vt 0.487179 1.000000
vt 0.487179 0.000000
vt 0.512821 1.000000
vt 0.512821 0.000000
vt 0.564103 1.000000
vt 0.564103 0.000000
vt 0.589744 1.000000
vt 0.589744 0.000000
vt 0.641026 1.000000
vt 0.641026 0.000000
vt 0.717949 1.000000
vt 0.717949 0.000000
vt 0.743590 1.000000
vt 0.743590 0.000000
vt 0.794872 1.000000
vt 0.794872 0.000000
vt 0.820513 1.000000
vt 0.820513 0.000000
vt 0.871795 1.000000
vt 0.871795 0.000000
vt 0.897436 1.000000
vt 0.897436 0.000000
vt 0.948718 1.000000
vt 0.948718 0.000000
vt 0.974359 1.000000
vt 0.974359 0.000000
s 0
f 66/1/1 1/2/1 67/3/1
f 66/1/1 2/4/1 1/2/1
f 64/5/1 66/1/1 65/6/1
f 64/5/1 81/7/1 66/1/1
f 81/7/1 2/4/1 66/1/1
f 63/8/1 81/7/1 64/5/1
f 62/9/1 81/7/1 63/8/1
f 61/10/1 81/7/1 62/9/1
f 60/11/1 81/7/1 61/10/1
f 59/12/1 81/7/1 60/11/1
f 58/13/1 81/7/1 59/12/1
f 57/14/1 81/7/1 58/13/1
f 56/15/1 81/7/1 57/14/1
f 55/16/1 81/7/1 56/15/1
f 54/17/1 81/7/1 55/16/1
f 53/18/1 81/7/1 54/17/1
f 52/19/1 81/7/1 53/18/1
f 51/20/1 81/7/1 52/19/1
f 50/21/1 81/7/1 51/20/1
f 49/22/1 81/7/1 50/21/1
f 48/23/1 81/7/1 49/22/1
f 47/24/1 82/25/1 48/23/1
f 82/25/1 81/7/1 48/23/1
f 47/24/1 83/26/1 82/25/1
f 80/27/1 2/4/1 81/7/1
f 47/24/1 84/28/1 83/26/1
f 47/24/1 85/29/1 84/28/1
f 47/24/1 86/30/1 85/29/1
f 46/31/1 86/30/1 47/24/1
f 46/31/1 87/32/1 86/30/1
f 46/31/1 88/33/1 87/32/1
f 45/34/1 88/33/1 46/31/1
f 45/34/1 89/35/1 88/33/1
f 44/36/1 89/35/1 45/34/1
f 44/36/1 90/37/1 89/35/1
f 43/38/1 90/37/1 44/36/1
f 43/38/1 91/39/1 90/37/1
f 42/40/1 91/39/1 43/38/1
f 42/40/1 92/41/1 91/39/1
f 41/42/1 92/41/1 42/40/1
f 41/42/1 93/43/1 92/41/1
f 40/44/1 93/43/1 41/42/1
f 40/44/1 94/45/1 93/43/1
f 40/44/1 95/46/1 94/45/1
f 40/44/1 96/47/1 95/46/1
f 40/44/1 97/48/1 96/47/1
f 39/49/1 97/48/1 40/44/1
f 39/49/1 98/50/1 97/48/1
f 38/51/1 98/50/1 39/49/1
f 38/51/1 99/52/1 98/50/1
f 37/53/1 99/52/1 38/51/1
f 37/53/1 100/54/1 99/52/1
f 36/55/1 100/54/1 37/53/1
f 36/55/1 101/56/1 100/54/1
f 35/57/1 101/56/1 36/55/1
f 35/57/1 102/58/1 101/56/1
f 35/57/1 103/59/1 102/58/1
f 34/60/1 103/59/1 35/57/1
f 34/60/1 104/61/1 103/59/1
f 79/62/1 2/4/1 80/27/1
f 78/63/1 2/4/1 79/62/1
f 34/60/1 105/64/1 104/61/1
f 77/65/1 2/4/1 78/63/1
f 76/66/1 2/4/1 77/65/1
f 33/67/1 105/64/1 34/60/1
f 75/68/1 2/4/1 76/66/1
f 74/69/1 2/4/1 75/68/1
f 33/67/1 106/70/1 105/64/1
f 73/71/1 2/4/1 74/69/1
f 72/72/1 2/4/1 73/71/1
f 71/73/1 2/4/1 72/72/1
f 33/67/1 68/74/1 106/70/1
f 70/75/1 2/4/1 71/73/1
f 69/76/1 2/4/1 70/75/1
f 68/74/1 2/4/1 69/76/1
f 33/67/1 4/77/1 68/74/1
f 4/77/1 2/4/1 68/74/1
f 32/78/1 4/77/1 33/67/1
f 31/79/1 4/77/1 32/78/1
f 30/80/1 4/77/1 31/79/1
f 29/81/1 4/77/1 30/80/1
f 28/82/1 4/77/1 29/81/1
f 27/83/1 4/77/1 28/82/1
f 26/84/1 4/77/1 27/83/1
f 25/85/1 4/77/1 26/84/1
f 25/85/1 5/86/1 4/77/1
f 3/87/1 2/4/1 4/77/1
f 24/88/1 5/86/1 25/85/1
f 24/88/1 6/89/1 5/86/1
f 23/90/1 6/89/1 24/88/1
f 23/90/1 7/91/1 6/89/1
f 22/92/1 7/91/1 23/90/1
f 22/92/1 8/93/1 7/91/1
f 22/92/1 9/94/1 8/93/1
f 21/95/1 9/94/1 22/92/1
f 21/95/1 10/96/1 9/94/1
f 20/97/1 10/96/1 21/95/1
f 20/97/1 11/98/1 10/96/1
f 19/99/1 11/98/1 20/97/1
f 19/99/1 12/100/1 11/98/1
f 19/99/1 13/101/1 12/100/1
f 18/102/1 13/101/1 19/99/1
f 18/102/1 14/103/1 13/101/1
f 17/104/1 14/103/1 18/102/1
f 17/104/1 15/105/1 14/103/1
f 16/106/1 15/105/1 17/104/1
f 139/107/1 141/108/1 140/109/1
f 138/110/1 141/108/1 139/107/1
f 137/111/1 141/108/1 138/110/1
f 136/112/1 141/108/1 137/111/1
f 136/112/1 142/113/1 141/108/1
f 135/114/1 142/113/1 136/112/1
f 134/115/1 142/113/1 135/114/1
f 133/116/1 142/113/1 134/115/1
f 133/116/1 143/117/1 142/113/1
f 132/118/1 143/117/1 133/116/1
f 131/119/1 143/117/1 132/118/1
f 113/120/1 115/121/1 114/122/1
f 113/120/1 116/123/1 115/121/1
f 130/124/1 143/117/1 131/119/1
f 130/124/1 144/125/1 143/117/1
f 129/126/1 144/125/1 130/124/1
f 128/127/1 144/125/1 129/126/1
f 127/128/1 144/125/1 128/127/1
f 127/128/1 145/129/1 144/125/1
f 126/130/1 145/129/1 127/128/1
f 125/131/1 145/129/1 126/130/1
f 124/132/1 145/129/1 125/131/1
f 124/132/1 146/133/1 145/129/1
f 123/134/1 146/133/1 124/132/1
f 122/135/1 146/133/1 123/134/1
f 121/136/1 146/133/1 122/135/1
f 120/137/1 146/133/1 121/136/1
f 119/138/1 146/133/1 120/137/1
f 119/138/1 147/139/1 146/133/1
f 118/140/1 147/139/1 119/138/1
f 117/141/1 147/139/1 118/140/1
f 116/123/1 147/139/1 117/141/1
f 113/120/1 111/142/1 116/123/1
f 111/142/1 147/139/1 116/123/1
f 111/142/1 148/143/1 147/139/1
f 111/142/1 149/144/1 148/143/1
f 111/142/1 150/145/1 149/144/1
f 111/142/1 151/70/1 150/145/1
f 111/142/1 107/2/1 151/70/1
f 111/142/1 110/146/1 107/2/1
f 110/146/1 108/147/1 107/2/1
f 109/148/1 108/147/1 110/146/1
f 113/120/1 112/149/1 111/142/1
f 190/150/1 192/107/1 191/151/1
f 190/150/1 193/152/1 192/107/1
f 189/153/1 193/152/1 190/150/1
f 189/153/1 194/154/1 193/152/1
f 188/155/1 194/154/1 189/153/1
f 188/155/1 195/156/1 194/154/1
f 187/114/1 195/156/1 188/155/1
f 187/114/1 196/29/1 195/156/1
f 186/157/1 196/29/1 187/114/1
f 186/157/1 197/117/1 196/29/1
f 185/5/1 197/117/1 186/157/1
f 185/5/1 198/158/1 197/117/1
f 184/159/1 198/158/1 185/5/1
f 184/159/1 199/160/1 198/158/1
f 183/161/1 199/160/1 184/159/1
f 183/161/1 200/162/1 199/160/1
f 182/119/1 200/162/1 183/161/1
f 182/119/1 201/163/1 200/162/1
f 181/164/1 201/163/1 182/119/1
f 181/164/1 202/139/1 201/163/1
f 180/165/1 202/139/1 181/164/1
f 180/165/1 203/166/1 202/139/1
f 179/167/1 203/166/1 180/165/1
f 179/167/1 152/2/1 203/166/1
f 178/168/1 207/70/1 179/167/1
f 207/70/1 152/2/1 179/167/1
f 207/70/1 206/169/1 152/2/1
f 206/169/1 153/170/1 152/2/1
f 178/168/1 204/171/1 207/70/1
f 205/172/1 153/170/1 206/169/1
f 178/168/1 205/172/1 204/171/1
f 178/168/1 153/170/1 205/172/1
f 177/128/1 153/170/1 178/168/1
f 177/128/1 154/173/1 153/170/1
f 176/174/1 154/173/1 177/128/1
f 176/174/1 155/175/1 154/173/1
f 175/176/1 155/175/1 176/174/1
f 175/176/1 156/177/1 155/175/1
f 175/176/1 157/142/1 156/177/1
f 174/38/1 157/142/1 175/176/1
f 174/38/1 158/178/1 157/142/1
f 173/179/1 158/178/1 174/38/1
f 173/179/1 159/180/1 158/178/1
f 172/134/1 159/180/1 173/179/1
f 172/134/1 160/181/1 159/180/1
f 171/182/1 160/181/1 172/134/1
f 171/182/1 161/183/1 160/181/1
f 170/184/1 161/183/1 171/182/1
f 170/184/1 162/121/1 161/183/1
f 169/185/1 162/121/1 170/184/1
f 169/185/1 163/92/1 162/121/1
f 168/186/1 163/92/1 169/185/1
f 168/186/1 164/187/1 163/92/1
f 167/138/1 164/187/1 168/186/1
f 167/138/1 165/188/1 164/187/1
f 166/189/1 165/188/1 167/138/1
f 246/190/1 248/191/1 247/192/1
f 246/190/1 249/193/1 248/191/1
f 245/194/1 249/193/1 246/190/1
f 245/194/1 250/195/1 249/193/1
f 244/196/1 250/195/1 245/194/1
f 244/196/1 251/197/1 250/195/1
f 243/198/1 251/197/1 244/196/1
f 243/198/1 252/199/1 251/197/1
f 242/200/1 252/199/1 243/198/1
f 242/200/1 253/201/1 252/199/1
f 241/202/1 253/201/1 242/200/1
f 241/202/1 254/203/1 253/201/1
f 240/204/1 254/203/1 241/202/1
f 240/204/1 255/205/1 254/203/1
f 239/206/1 255/205/1 240/204/1
f 239/206/1 256/207/1 255/205/1
f 238/208/1 256/207/1 239/206/1
f 238/208/1 257/209/1 256/207/1
f 237/210/1 257/209/1 238/208/1
f 237/210/1 258/211/1 257/209/1
f 236/212/1 258/211/1 237/210/1
f 236/212/1 259/213/1 258/211/1
f 235/214/1 259/213/1 236/212/1
f 235/214/1 260/215/1 259/213/1
f 234/216/1 264/217/1 235/214/1
f 264/217/1 260/215/1 235/214/1
f 264/217/1 263/218/1 260/215/1
f 263/218/1 261/219/1 260/215/1
f 234/216/1 265/220/1 264/217/1
f 262/221/1 261/219/1 263/218/1
f 266/222/1 208/2/1 267/70/1
f 266/222/1 209/223/1 208/2/1
f 234/216/1 266/222/1 265/220/1
f 234/216/1 209/223/1 266/222/1
f 233/224/1 209/223/1 234/216/1
f 233/224/1 210/225/1 209/223/1
f 232/226/1 210/225/1 233/224/1
f 232/226/1 211/227/1 210/225/1
f 231/228/1 211/227/1 232/226/1
f 231/228/1 212/229/1 211/227/1
f 231/228/1 213/230/1 212/229/1
f 230/231/1 213/230/1 231/228/1
f 230/231/1 214/232/1 213/230/1
f 229/233/1 214/232/1 230/231/1
f 229/233/1 215/234/1 214/232/1
f 228/235/1 215/234/1 229/233/1
f 228/235/1 216/236/1 215/234/1
f 227/237/1 216/236/1 228/235/1
f 227/237/1 217/238/1 216/236/1
f 226/239/1 217/238/1 227/237/1
f 226/239/1 218/240/1 217/238/1
f 225/241/1 218/240/1 226/239/1
f 225/241/1 219/242/1 218/240/1
f 224/243/1 219/242/1 225/241/1
f 224/243/1 220/244/1 219/242/1
f 223/245/1 220/244/1 224/243/1
f 223/245/1 221/246/1 220/244/1
f 222/247/1 221/246/1 223/245/1
f 306/248/1 308/249/1 307/250/1
f 306/248/1 309/251/1 308/249/1
f 305/252/1 309/251/1 306/248/1
f 305/252/1 310/253/1 309/251/1
f 304/254/1 310/253/1 305/252/1
f 304/254/1 311/255/1 310/253/1
f 303/256/1 311/255/1 304/254/1
f 303/256/1 312/257/1 311/255/1
f 302/258/1 312/257/1 303/256/1
f 302/258/1 313/259/1 312/257/1
f 301/260/1 313/259/1 302/258/1
f 301/260/1 314/261/1 313/259/1
f 300/262/1 314/261/1 301/260/1
f 300/262/1 315/263/1 314/261/1
f 299/126/1 315/263/1 300/262/1
f 299/126/1 316/264/1 315/263/1
f 298/265/1 316/264/1 299/126/1
f 298/265/1 317/266/1 316/264/1
f 297/267/1 317/266/1 298/265/1
f 297/267/1 318/268/1 317/266/1
f 296/269/1 318/268/1 297/267/1
f 296/269/1 319/270/1 318/268/1
f 295/271/1 319/270/1 296/269/1
f 295/271/1 330/70/1 319/270/1
f 330/70/1 329/272/1 319/270/1
f 329/272/1 320/273/1 319/270/1
f 295/271/1 327/274/1 330/70/1
f 328/275/1 320/273/1 329/272/1
f 294/276/1 327/274/1 295/271/1
f 328/275/1 321/277/1 320/273/1
f 294/276/1 323/278/1 327/274/1
f 323/278/1 328/275/1 327/274/1
f 323/278/1 321/277/1 328/275/1
f 323/278/1 322/279/1 321/277/1
f 294/276/1 324/280/1 323/278/1
f 325/281/1 268/2/1 326/282/1
f 325/281/1 269/283/1 268/2/1
f 293/284/1 324/280/1 294/276/1
f 325/281/1 270/285/1 269/283/1
f 293/284/1 325/281/1 324/280/1
f 293/284/1 270/285/1 325/281/1
f 292/286/1 270/285/1 293/284/1
f 292/286/1 271/287/1 270/285/1
f 291/288/1 271/287/1 292/286/1
f 291/288/1 272/289/1 271/287/1
f 291/288/1 273/290/1 272/289/1
f 290/291/1 273/290/1 291/288/1
f 290/291/1 274/292/1 273/290/1
f 289/293/1 274/292/1 290/291/1
f 289/293/1 275/294/1 274/292/1
f 288/295/1 275/294/1 289/293/1
f 288/295/1 276/296/1 275/294/1
f 287/297/1 276/296/1 288/295/1
f 287/297/1 277/298/1 276/296/1
f 286/299/1 277/298/1 287/297/1
f 286/299/1 278/300/1 277/298/1
f 285/301/1 278/300/1 286/299/1
f 285/301/1 279/302/1 278/300/1
f 284/303/1 279/302/1 285/301/1
f 284/303/1 280/304/1 279/302/1
f 283/305/1 280/304/1 284/303/1
f 283/305/1 281/306/1 280/304/1
f 282/307/1 281/306/1 283/305/1
f 351/308/1 349/309/1 352/310/1
f 349/309/1 353/311/1 352/310/1
f 349/309/1 354/312/1 353/311/1
f 349/309/1 355/313/1 354/312/1
f 349/309/1 356/314/1 355/313/1
f 349/309/1 357/315/1 356/314/1
f 349/309/1 358/316/1 357/315/1
f 349/309/1 359/317/1 358/316/1
f 349/309/1 360/318/1 359/317/1
f 349/309/1 361/319/1 360/318/1
f 349/309/1 362/320/1 361/319/1
f 349/309/1 363/321/1 362/320/1
f 349/309/1 364/322/1 363/321/1
f 349/309/1 365/323/1 364/322/1
f 349/309/1 366/324/1 365/323/1
f 349/309/1 367/325/1 366/324/1
f 349/309/1 368/326/1 367/325/1
f 349/309/1 369/327/1 368/326/1
f 349/309/1 370/328/1 369/327/1
f 349/309/1 371/329/1 370/328/1
f 349/309/1 372/126/1 371/329/1
f 349/309/1 373/330/1 372/126/1
f 349/309/1 374/331/1 373/330/1
f 349/309/1 375/332/1 374/331/1
f 349/309/1 376/333/1 375/332/1
f 349/309/1 377/334/1 376/333/1
f 349/309/1 348/335/1 377/334/1
f 348/335/1 378/336/1 377/334/1
f 351/308/1 350/337/1 349/309/1
f 347/338/1 378/336/1 348/335/1
f 345/339/1 347/338/1 346/340/1
f 345/339/1 378/336/1 347/338/1
f 345/339/1 379/341/1 378/336/1
f 345/339/1 380/342/1 379/341/1
f 344/343/1 331/2/1 345/339/1
f 331/2/1 380/342/1 345/339/1
f 331/2/1 381/344/1 380/342/1
f 331/2/1 382/345/1 381/344/1
f 331/2/1 383/346/1 382/345/1
f 331/2/1 384/347/1 383/346/1
f 331/2/1 385/348/1 384/347/1
f 331/2/1 386/349/1 385/348/1
f 331/2/1 387/350/1 386/349/1
f 331/2/1 388/351/1 387/350/1
f 331/2/1 413/70/1 388/351/1
f 413/70/1 412/352/1 388/351/1
f 412/352/1 411/353/1 388/351/1
f 411/353/1 389/354/1 388/351/1
f 344/343/1 332/355/1 331/2/1
f 410/356/1 389/354/1 411/353/1
f 409/357/1 389/354/1 410/356/1
f 408/358/1 389/354/1 409/357/1
f 407/359/1 389/354/1 408/358/1
f 406/360/1 389/354/1 407/359/1
f 405/361/1 389/354/1 406/360/1
f 404/362/1 389/354/1 405/361/1
f 403/363/1 389/354/1 404/362/1
f 402/364/1 389/354/1 403/363/1
f 401/365/1 389/354/1 402/364/1
f 400/366/1 389/354/1 401/365/1
f 399/367/1 389/354/1 400/366/1
f 398/368/1 389/354/1 399/367/1
f 398/368/1 390/369/1 389/354/1
f 397/370/1 390/369/1 398/368/1
f 396/371/1 390/369/1 397/370/1
f 395/372/2 390/369/2 396/371/2
f 394/373/1 390/369/1 395/372/1
f 393/374/1 390/369/1 394/373/1
f 392/375/1 390/369/1 393/374/1
f 391/376/1 390/369/1 392/375/1
f 344/343/1 333/377/1 332/355/1
f 344/343/1 334/378/1 333/377/1
f 344/343/1 335/379/1 334/378/1
f 344/343/1 336/380/1 335/379/1
f 344/343/1 337/381/1 336/380/1
f 344/343/1 338/382/1 337/381/1
f 344/343/1 339/383/1 338/382/1
f 344/343/1 340/384/1 339/383/1
f 344/343/1 341/385/1 340/384/1
f 344/343/1 342/386/1 341/385/1
f 344/343/1 343/387/1 342/386/1
f 479/1/3 480/3/3 414/2/3
f 479/1/3 414/2/3 415/4/3
f 477/5/3 478/6/3 479/1/3
f 477/5/3 479/1/3 494/7/3
f 494/7/3 479/1/3 415/4/3
f 476/8/3 477/5/3 494/7/3
f 475/9/3 476/8/3 494/7/3
f 474/10/3 475/9/3 494/7/3
f 473/11/3 474/10/3 494/7/3
f 472/12/3 473/11/3 494/7/3
f 471/13/3 472/12/3 494/7/3
f 470/14/3 471/13/3 494/7/3
f 469/15/3 470/14/3 494/7/3
f 468/16/3 469/15/3 494/7/3
f 467/17/3 468/16/3 494/7/3
f 466/18/3 467/17/3 494/7/3
f 465/19/3 466/18/3 494/7/3
f 464/20/3 465/19/3 494/7/3
f 463/21/3 464/20/3 494/7/3
f 462/22/3 463/21/3 494/7/3
f 461/23/3 462/22/3 494/7/3
f 460/24/3 461/23/3 495/25/3
f 495/25/3 461/23/3 494/7/3
f 460/24/3 495/25/3 496/26/3
f 493/27/3 494/7/3 415/4/3
f 460/24/3 496/26/3 497/28/3
f 460/24/3 497/28/3 498/29/3
f 460/24/3 498/29/3 499/30/3
f 459/31/3 460/24/3 499/30/3
f 459/31/3 499/30/3 500/32/3
f 459/31/3 500/32/3 501/33/3
f 458/34/3 459/31/3 501/33/3
f 458/34/3 501/33/3 502/35/3
f 457/36/3 458/34/3 502/35/3
f 457/36/3 502/35/3 503/37/3
f 456/38/3 457/36/3 503/37/3
f 456/38/3 503/37/3 504/39/3
f 455/40/3 456/38/3 504/39/3
f 455/40/3 504/39/3 505/41/3
f 454/42/3 455/40/3 505/41/3
f 454/42/3 505/41/3 506/43/3
f 453/44/3 454/42/3 506/43/3
f 453/44/3 506/43/3 507/45/3
f 453/44/3 507/45/3 508/46/3
f 453/44/3 508/46/3 509/47/3
f 453/44/3 509/47/3 510/48/3
f 452/49/3 453/44/3 510/48/3
f 452/49/3 510/48/3 511/50/3
f 451/51/3 452/49/3 511/50/3
f 451/51/3 511/50/3 512/52/3
f 450/53/3 451/51/3 512/52/3
f 450/53/3 512/52/3 513/54/3
f 449/55/3 450/53/3 513/54/3
f 449/55/3 513/54/3 514/56/3
f 448/57/3 449/55/3 514/56/3
f 448/57/3 514/56/3 515/58/3
f 448/57/3 515/58/3 516/59/3
f 447/60/3 448/57/3 516/59/3
f 447/60/3 516/59/3 517/61/3
f 492/62/3 493/27/3 415/4/3
f 491/63/3 492/62/3 415/4/3
f 447/60/3 517/61/3 518/64/3
f 490/65/3 491/63/3 415/4/3
f 489/66/3 490/65/3 415/4/3
f 446/67/3 447/60/3 518/64/3
f 488/68/3 489/66/3 415/4/3
f 487/69/3 488/68/3 415/4/3
f 446/67/3 518/64/3 519/70/3
f 486/71/3 487/69/3 415/4/3
f 485/72/3 486/71/3 415/4/3
f 484/73/3 485/72/3 415/4/3
f 446/67/3 519/70/3 481/74/3
f 483/75/3 484/73/3 415/4/3
f 482/76/3 483/75/3 415/4/3
f 481/74/3 482/76/3 415/4/3
f 446/67/3 481/74/3 417/77/3
f 417/77/3 481/74/3 415/4/3
f 445/78/3 446/67/3 417/77/3
f 444/79/3 445/78/3 417/77/3
f 443/80/3 444/79/3 417/77/3
f 442/81/3 443/80/3 417/77/3
f 441/82/3 442/81/3 417/77/3
f 440/83/3 441/82/3 417/77/3
f 439/84/3 440/83/3 417/77/3
f 438/85/3 439/84/3 417/77/3
f 438/85/3 417/77/3 418/86/3
f 416/87/3 417/77/3 415/4/3
f 437/88/3 438/85/3 418/86/3
f 437/88/3 418/86/3 419/89/3
f 436/90/3 437/88/3 419/89/3
f 436/90/3 419/89/3 420/91/3
f 435/92/3 436/90/3 420/91/3
f 435/92/3 420/91/3 421/93/3
f 435/92/3 421/93/3 422/94/3
f 434/95/3 435/92/3 422/94/3
f 434/95/3 422/94/3 423/96/3
f 433/97/3 434/95/3 423/96/3
f 433/97/3 423/96/3 424/98/3
f 432/99/3 433/97/3 424/98/3
f 432/99/3 424/98/3 425/100/3
f 432/99/3 425/100/3 426/101/3
f 431/102/3 432/99/3 426/101/3
f 431/102/3 426/101/3 427/103/3
f 430/104/3 431/102/3 427/103/3
f 430/104/3 427/103/3 428/105/3
f 429/106/3 430/104/3 428/105/3
f 552/107/3 553/109/3 554/108/3
f 551/110/3 552/107/3 554/108/3
f 550/111/3 551/110/3 554/108/3
f 549/112/3 550/111/3 554/108/3
f 549/112/3 554/108/3 555/113/3
f 548/114/3 549/112/3 555/113/3
f 547/115/3 548/114/3 555/113/3
f 546/116/3 547/115/3 555/113/3
f 546/116/3 555/113/3 556/117/3
f 545/118/3 546/116/3 556/117/3
f 544/119/3 545/118/3 556/117/3
f 526/120/3 527/122/3 528/121/3
f 526/120/3 528/121/3 529/123/3
f 543/124/3 544/119/3 556/117/3
f 543/124/3 556/117/3 557/125/3
f 542/126/3 543/124/3 557/125/3
f 541/127/3 542/126/3 557/125/3
f 540/128/3 541/127/3 557/125/3
f 540/128/3 557/125/3 558/129/3
f 539/130/3 540/128/3 558/129/3
f 538/131/3 539/130/3 558/129/3
f 537/132/3 538/131/3 558/129/3
f 537/132/3 558/129/3 559/133/3
f 536/134/3 537/132/3 559/133/3
f 535/135/3 536/134/3 559/133/3
f 534/136/3 535/135/3 559/133/3
f 533/137/3 534/136/3 559/133/3
f 532/138/3 533/137/3 559/133/3
f 532/138/3 559/133/3 560/139/3
f 531/140/3 532/138/3 560/139/3
f 530/141/3 531/140/3 560/139/3
f 529/123/3 530/141/3 560/139/3
f 526/120/3 529/123/3 524/142/3
f 524/142/3 529/123/3 560/139/3
f 524/142/3 560/139/3 561/143/3
f 524/142/3 561/143/3 562/144/3
f 524/142/3 562/144/3 563/145/3
f 524/142/3 563/145/3 564/70/3
f 524/142/3 564/70/3 520/2/3
f 524/142/3 520/2/3 523/146/3
f 523/146/3 520/2/3 521/147/3
f 522/148/3 523/146/3 521/147/3
f 526/120/3 524/142/3 525/149/3
f 603/150/3 604/151/3 605/107/3
f 603/150/3 605/107/3 606/152/3
f 602/153/3 603/150/3 606/152/3
f 602/153/3 606/152/3 607/154/3
f 601/155/3 602/153/3 607/154/3
f 601/155/3 607/154/3 608/156/3
f 600/114/3 601/155/3 608/156/3
f 600/114/3 608/156/3 609/29/3
f 599/157/3 600/114/3 609/29/3
f 599/157/3 609/29/3 610/117/3
f 598/5/3 599/157/3 610/117/3
f 598/5/3 610/117/3 611/158/3
f 597/159/3 598/5/3 611/158/3
f 597/159/3 611/158/3 612/160/3
f 596/161/3 597/159/3 612/160/3
f 596/161/3 612/160/3 613/162/3
f 595/119/3 596/161/3 613/162/3
f 595/119/3 613/162/3 614/163/3
f 594/164/3 595/119/3 614/163/3
f 594/164/3 614/163/3 615/139/3
f 593/165/3 594/164/3 615/139/3
f 593/165/3 615/139/3 616/166/3
f 592/167/3 593/165/3 616/166/3
f 592/167/3 616/166/3 565/2/3
f 591/168/3 592/167/3 620/70/3
f 620/70/3 592/167/3 565/2/3
f 620/70/3 565/2/3 619/169/3
f 619/169/3 565/2/3 566/170/3
f 591/168/3 620/70/3 617/171/3
f 618/172/3 619/169/3 566/170/3
f 591/168/3 617/171/3 618/172/3
f 591/168/3 618/172/3 566/170/3
f 590/128/3 591/168/3 566/170/3
f 590/128/3 566/170/3 567/173/3
f 589/174/3 590/128/3 567/173/3
f 589/174/3 567/173/3 568/175/3
f 588/176/3 589/174/3 568/175/3
f 588/176/3 568/175/3 569/177/3
f 588/176/3 569/177/3 570/142/3
f 587/38/3 588/176/3 570/142/3
f 587/38/3 570/142/3 571/178/3
f 586/179/3 587/38/3 571/178/3
f 586/179/3 571/178/3 572/180/3
f 585/134/3 586/179/3 572/180/3
f 585/134/3 572/180/3 573/181/3
f 584/182/3 585/134/3 573/181/3
f 584/182/3 573/181/3 574/183/3
f 583/184/3 584/182/3 574/183/3
f 583/184/3 574/183/3 575/121/3
f 582/185/3 583/184/3 575/121/3
f 582/185/3 575/121/3 576/92/3
f 581/186/3 582/185/3 576/92/3
f 581/186/3 576/92/3 577/187/3
f 580/138/3 581/186/3 577/187/3
f 580/138/3 577/187/3 578/188/3
f 579/189/3 580/138/3 578/188/3
f 659/190/3 660/192/3 661/191/3
f 659/190/3 661/191/3 662/193/3
f 658/194/3 659/190/3 662/193/3
f 658/194/3 662/193/3 663/195/3
f 657/196/3 658/194/3 663/195/3
f 657/196/3 663/195/3 664/197/3
f 656/198/3 657/196/3 664/197/3
f 656/198/3 664/197/3 665/199/3
f 655/200/3 656/198/3 665/199/3
f 655/200/3 665/199/3 666/201/3
f 654/202/3 655/200/3 666/201/3
f 654/202/3 666/201/3 667/203/3
f 653/204/3 654/202/3 667/203/3
f 653/204/3 667/203/3 668/205/3
f 652/206/3 653/204/3 668/205/3
f 652/206/3 668/205/3 669/207/3
f 651/208/3 652/206/3 669/207/3
f 651/208/3 669/207/3 670/209/3
f 650/210/3 651/208/3 670/209/3
f 650/210/3 670/209/3 671/211/3
f 649/212/3 650/210/3 671/211/3
f 649/212/3 671/211/3 672/213/3
f 648/214/3 649/212/3 672/213/3
f 648/214/3 672/213/3 673/215/3
f 647/216/3 648/214/3 677/217/3
f 677/217/3 648/214/3 673/215/3
f 677/217/3 673/215/3 676/218/3
f 676/218/3 673/215/3 674/219/3
f 647/216/3 677/217/3 678/220/3
f 675/221/3 676/218/3 674/219/3
f 679/222/3 680/70/3 621/2/3
f 679/222/3 621/2/3 622/223/3
f 647/216/3 678/220/3 679/222/3
f 647/216/3 679/222/3 622/223/3
f 646/224/3 647/216/3 622/223/3
f 646/224/3 622/223/3 623/225/3
f 645/226/3 646/224/3 623/225/3
f 645/226/3 623/225/3 624/227/3
f 644/228/3 645/226/3 624/227/3
f 644/228/3 624/227/3 625/229/3
f 644/228/3 625/229/3 626/230/3
f 643/231/3 644/228/3 626/230/3
f 643/231/3 626/230/3 627/232/3
f 642/233/3 643/231/3 627/232/3
f 642/233/3 627/232/3 628/234/3
f 641/235/3 642/233/3 628/234/3
f 641/235/3 628/234/3 629/236/3
f 640/237/3 641/235/3 629/236/3
f 640/237/3 629/236/3 630/238/3
f 639/239/3 640/237/3 630/238/3
f 639/239/3 630/238/3 631/240/3
f 638/241/3 639/239/3 631/240/3
f 638/241/3 631/240/3 632/242/3
f 637/243/3 638/241/3 632/242/3
f 637/243/3 632/242/3 633/244/3
f 636/245/3 637/243/3 633/244/3
f 636/245/3 633/244/3 634/246/3
f 635/247/3 636/245/3 634/246/3
f 719/248/3 720/250/3 721/249/3
f 719/248/3 721/249/3 722/251/3
f 718/252/3 719/248/3 722/251/3
f 718/252/3 722/251/3 723/253/3
f 717/254/3 718/252/3 723/253/3
f 717/254/3 723/253/3 724/255/3
f 716/256/3 717/254/3 724/255/3
f 716/256/3 724/255/3 725/257/3
f 715/258/3 716/256/3 725/257/3
f 715/258/3 725/257/3 726/259/3
f 714/260/3 715/258/3 726/259/3
f 714/260/3 726/259/3 727/261/3
f 713/262/3 714/260/3 727/261/3
f 713/262/3 727/261/3 728/263/3
f 712/126/3 713/262/3 728/263/3
f 712/126/3 728/263/3 729/264/3
f 711/265/3 712/126/3 729/264/3
f 711/265/3 729/264/3 730/266/3
f 710/267/3 711/265/3 730/266/3
f 710/267/3 730/266/3 731/268/3
f 709/269/3 710/267/3 731/268/3
f 709/269/3 731/268/3 732/270/3
f 708/271/3 709/269/3 732/270/3
f 708/271/3 732/270/3 743/70/3
f 743/70/3 732/270/3 742/272/3
f 742/272/3 732/270/3 733/273/3
f 708/271/3 743/70/3 740/274/3
f 741/275/3 742/272/3 733/273/3
f 707/276/3 708/271/3 740/274/3
f 741/275/3 733/273/3 734/277/3
f 707/276/3 740/274/3 736/278/3
f 736/278/3 740/274/3 741/275/3
f 736/278/3 741/275/3 734/277/3
f 736/278/3 734/277/3 735/279/3
f 707/276/3 736/278/3 737/280/3
f 738/281/3 739/282/3 681/2/3
f 738/281/3 681/2/3 682/283/3
f 706/284/3 707/276/3 737/280/3
f 738/281/3 682/283/3 683/285/3
f 706/284/3 737/280/3 738/281/3
f 706/284/3 738/281/3 683/285/3
f 705/286/3 706/284/3 683/285/3
f 705/286/3 683/285/3 684/287/3
f 704/288/3 705/286/3 684/287/3
f 704/288/3 684/287/3 685/289/3
f 704/288/3 685/289/3 686/290/3
f 703/291/3 704/288/3 686/290/3
f 703/291/3 686/290/3 687/292/3
f 702/293/3 703/291/3 687/292/3
f 702/293/3 687/292/3 688/294/3
f 701/295/3 702/293/3 688/294/3
f 701/295/3 688/294/3 689/296/3
f 700/297/3 701/295/3 689/296/3
f 700/297/3 689/296/3 690/298/3
f 699/299/3 700/297/3 690/298/3
f 699/299/3 690/298/3 691/300/3
f 698/301/3 699/299/3 691/300/3
f 698/301/3 691/300/3 692/302/3
f 697/303/3 698/301/3 692/302/3
f 697/303/3 692/302/3 693/304/3
f 696/305/3 697/303/3 693/304/3
f 696/305/3 693/304/3 694/306/3
f 695/307/3 696/305/3 694/306/3
f 764/308/3 765/310/3 762/309/3
f 762/309/3 765/310/3 766/311/3
f 762/309/3 766/311/3 767/312/3
f 762/309/3 767/312/3 768/313/3
f 762/309/3 768/313/3 769/314/3
f 762/309/3 769/314/3 770/315/3
f 762/309/3 770/315/3 771/316/3
f 762/309/3 771/316/3 772/317/3
f 762/309/3 772/317/3 773/318/3
f 762/309/3 773/318/3 774/319/3
f 762/309/3 774/319/3 775/320/3
f 762/309/3 775/320/3 776/321/3
f 762/309/3 776/321/3 777/322/3
f 762/309/3 777/322/3 778/323/3
f 762/309/3 778/323/3 779/324/3
f 762/309/3 779/324/3 780/325/3
f 762/309/3 780/325/3 781/326/3
f 762/309/3 781/326/3 782/327/3
f 762/309/3 782/327/3 783/328/3
f 762/309/3 783/328/3 784/329/3
f 762/309/3 784/329/3 785/126/3
f 762/309/3 785/126/3 786/330/3
f 762/309/3 786/330/3 787/331/3
f 762/309/3 787/331/3 788/332/3
f 762/309/3 788/332/3 789/333/3
f 762/309/3 789/333/3 790/334/3
f 762/309/3 790/334/3 761/335/3
f 761/335/3 790/334/3 791/336/3
f 764/308/3 762/309/3 763/337/3
f 760/338/3 761/335/3 791/336/3
f 758/339/3 759/340/3 760/338/3
f 758/339/3 760/338/3 791/336/3
f 758/339/3 791/336/3 792/341/3
f 758/339/3 792/341/3 793/342/3
f 757/343/3 758/339/3 744/2/3
f 744/2/3 758/339/3 793/342/3
f 744/2/3 793/342/3 794/344/3
f 744/2/3 794/344/3 795/345/3
f 744/2/3 795/345/3 796/346/3
f 744/2/3 796/346/3 797/347/3
f 744/2/3 797/347/3 798/348/3
f 744/2/3 798/348/3 799/349/3
f 744/2/3 799/349/3 800/350/3
f 744/2/3 800/350/3 801/351/3
f 744/2/3 801/351/3 826/70/3
f 826/70/3 801/351/3 825/352/3
f 825/352/3 801/351/3 824/353/3
f 824/353/3 801/351/3 802/354/3
f 757/343/3 744/2/3 745/355/3
f 823/356/3 824/353/3 802/354/3
f 822/357/3 823/356/3 802/354/3
f 821/358/3 822/357/3 802/354/3
f 820/359/3 821/358/3 802/354/3
f 819/360/3 820/359/3 802/354/3
f 818/361/3 819/360/3 802/354/3
f 817/362/3 818/361/3 802/354/3
f 816/363/3 817/362/3 802/354/3
f 815/364/3 816/363/3 802/354/3
f 814/365/3 815/364/3 802/354/3
f 813/366/3 814/365/3 802/354/3
f 812/367/3 813/366/3 802/354/3
f 811/368/3 812/367/3 802/354/3
f 811/368/3 802/354/3 803/369/3
f 810/370/3 811/368/3 803/369/3
f 809/371/3 810/370/3 803/369/3
f 808/372/4 809/371/4 803/369/4
f 807/373/3 808/372/3 803/369/3
f 806/374/3 807/373/3 803/369/3
f 805/375/3 806/374/3 803/369/3
f 804/376/3 805/375/3 803/369/3
f 757/343/3 745/355/3 746/377/3
f 757/343/3 746/377/3 747/378/3
f 757/343/3 747/378/3 748/379/3
f 757/343/3 748/379/3 749/380/3
f 757/343/3 749/380/3 750/381/3
f 757/343/3 750/381/3 751/382/3
f 757/343/3 751/382/3 752/383/3
f 757/343/3 752/383/3 753/384/3
f 757/343/3 753/384/3 754/385/3
f 757/343/3 754/385/3 755/386/3
f 757/343/3 755/386/3 756/387/3
s 1
f 828/388/5 830/389/6 829/390/6 827/2/5
f 830/389/6 832/391/7 831/392/7 829/390/6
f 832/391/7 834/393/8 833/394/8 831/392/7
f 834/393/8 836/395/9 835/396/9 833/394/8
f 836/395/9 838/397/10 837/398/10 835/396/9
f 838/397/10 840/399/11 839/400/11 837/398/10
f 840/399/11 842/401/12 841/402/12 839/400/11
f 842/401/12 844/403/13 843/404/13 841/402/12
f 844/403/13 846/405/14 845/406/14 843/404/13
f 846/405/14 848/407/15 847/408/15 845/406/14
f 848/407/15 850/409/16 849/410/16 847/408/15
f 850/409/16 852/411/17 851/412/17 849/410/16
f 852/411/17 854/413/18 853/414/18 851/412/17
f 854/413/18 856/415/19 855/416/19 853/414/18
f 856/415/19 858/417/20 857/418/20 855/416/19
f 858/417/20 860/419/21 859/420/21 857/418/20
f 860/419/21 862/421/22 861/422/22 859/420/21
f 862/421/22 864/423/23 863/424/23 861/422/22
f 864/423/23 866/425/23 865/426/23 863/424/23
f 866/425/23 868/427/22 867/428/22 865/426/23
f 868/427/22 870/429/21 869/430/21 867/428/22
f 870/429/21 872/431/24 871/432/24 869/430/21
f 872/431/24 874/433/25 873/434/25 871/432/24
f 874/433/25 876/435/26 875/436/26 873/434/25
f 876/435/26 878/437/27 877/438/27 875/436/26
f 878/437/27 880/439/28 879/440/28 877/438/27
f 880/439/28 882/441/29 881/442/29 879/440/28
f 882/441/29 884/443/30 883/444/30 881/442/29
f 884/443/30 886/445/31 885/446/31 883/444/30
f 886/445/31 888/447/32 887/448/32 885/446/31
f 888/447/32 890/449/33 889/450/33 887/448/32
f 890/449/33 892/451/34 891/452/34 889/450/33
f 892/451/34 894/453/35 893/454/35 891/452/34
f 894/453/35 896/455/36 895/456/36 893/454/35
f 896/455/36 898/457/37 897/458/37 895/456/36
f 898/457/37 900/459/38 899/460/38 897/458/37
f 900/459/38 902/461/39 901/462/39 899/460/38
f 902/461/39 904/463/40 903/464/40 901/462/39
f 904/463/40 906/465/41 905/466/41 903/464/40
f 906/465/41 908/467/42 907/468/42 905/466/41
f 908/467/42 910/469/43 909/470/43 907/468/42
f 910/469/43 912/471/44 911/472/44 909/470/43
f 912/471/44 914/473/45 913/474/45 911/472/44
f 914/473/45 916/475/46 915/476/46 913/474/45
f 916/475/46 918/477/47 917/478/47 915/476/46
f 918/477/47 920/479/48 919/480/48 917/478/47
f 920/479/48 922/481/49 921/482/49 919/480/48
f 922/481/49 924/483/50 923/484/50 921/482/49
f 924/483/50 926/485/51 925/486/51 923/484/50
f 926/485/51 928/487/52 927/488/52 925/486/51
f 928/487/52 930/489/53 929/490/53 927/488/52
f 930/489/53 932/491/54 931/492/54 929/490/53
f 932/491/54 934/493/55 933/494/55 931/492/54
f 934/493/55 936/495/56 935/496/56 933/494/55
f 936/495/56 938/497/57 937/498/57 935/496/56
f 938/497/57 940/499/58 939/500/58 937/498/57
f 940/499/58 942/501/59 941/502/59 939/500/58
f 942/501/59 944/503/60 943/504/60 941/502/59
f 944/503/60 946/505/61 945/506/61 943/504/60
f 946/505/61 948/507/62 947/508/62 945/506/61
f 948/507/62 950/509/63 949/510/63 947/508/62
f 950/509/63 952/511/64 951/512/64 949/510/63
f 952/511/64 954/513/65 953/514/65 951/512/64
f 954/513/65 956/515/66 955/516/66 953/514/65
f 956/515/66 958/517/67 957/518/67 955/516/66
f 958/517/67 960/519/68 959/520/68 957/518/67
f 960/519/68 962/521/69 961/522/69 959/520/68
f 962/521/69 964/523/70 963/524/70 961/522/69
f 964/523/70 966/525/71 965/526/71 963/524/70
f 966/525/71 968/527/72 967/528/72 965/526/71
f 968/527/72 970/529/73 969/530/73 967/528/72
f 970/529/73 972/531/74 971/532/74 969/530/73
f 972/531/74 974/533/75 973/534/75 971/532/74
f 974/533/75 976/535/76 975/536/76 973/534/75
f 976/535/76 978/537/77 977/538/77 975/536/76
f 978/537/77 980/539/78 979/540/78 977/538/77
f 980/539/78 982/541/79 981/542/79 979/540/78
f 982/541/79 984/543/80 983/544/80 981/542/79
f 984/543/80 986/545/81 985/546/81 983/544/80
f 986/545/81 988/547/82 987/548/82 985/546/81
f 988/547/82 990/549/83 989/550/83 987/548/82
f 990/549/83 992/551/84 991/552/84 989/550/83
f 992/551/84 828/553/5 827/70/5 991/552/84
f 994/388/36 996/554/85 995/223/85 993/2/36
f 996/554/85 998/555/86 997/225/86 995/223/85
f 998/555/86 1000/556/87 999/227/87 997/225/86
f 1000/556/87 1002/557/88 1001/229/88 999/227/87
f 1002/557/88 1004/558/89 1003/230/89 1001/229/88
f 1004/558/89 1006/559/90 1005/232/90 1003/230/89
f 1006/559/90 1008/560/91 1007/234/91 1005/232/90
f 1008/560/91 1010/561/92 1009/236/92 1007/234/91
f 1010/561/92 1012/562/93 1011/238/93 1009/236/92
f 1012/562/93 1014/563/94 1013/240/94 1011/238/93
f 1014/563/94 1016/564/95 1015/242/95 1013/240/94
f 1016/564/95 1018/565/96 1017/244/96 1015/242/95
f 1018/565/96 1020/566/97 1019/246/97 1017/244/96
f 1020/566/97 1022/567/82 1021/247/82 1019/246/97
f 1022/567/82 1024/568/98 1023/245/98 1021/247/82
f 1024/568/98 1026/569/99 1025/243/99 1023/245/98
f 1026/569/99 1028/570/100 1027/241/100 1025/243/99
f 1028/570/100 1030/571/101 1029/239/101 1027/241/100
f 1030/571/101 1032/572/102 1031/237/102 1029/239/101
f 1032/572/102 1034/573/103 1033/235/103 1031/237/102
f 1034/573/103 1036/574/104 1035/233/104 1033/235/103
f 1036/574/104 1038/575/105 1037/231/105 1035/233/104
f 1038/575/105 1040/576/106 1039/228/106 1037/231/105
f 1040/576/106 1042/577/107 1041/226/107 1039/228/106
f 1042/577/107 1044/578/108 1043/224/108 1041/226/107
f 1044/578/108 1046/579/109 1045/216/109 1043/224/108
f 1046/579/109 1048/580/110 1047/214/110 1045/216/109
f 1048/580/110 1050/581/111 1049/212/111 1047/214/110
f 1050/581/111 1052/582/112 1051/210/112 1049/212/111
f 1052/582/112 1054/583/113 1053/208/113 1051/210/112
f 1054/583/113 1056/584/114 1055/206/114 1053/208/113
f 1056/584/114 1058/585/115 1057/204/115 1055/206/114
f 1058/585/115 1060/586/116 1059/202/116 1057/204/115
f 1060/586/116 1062/587/117 1061/200/117 1059/202/116
f 1062/587/117 1064/588/118 1063/198/118 1061/200/117
f 1064/588/118 1066/589/119 1065/196/119 1063/198/118
f 1066/589/119 1068/590/120 1067/194/120 1065/196/119
f 1068/590/120 1070/591/121 1069/190/121 1067/194/120
f 1070/591/121 1072/592/122 1071/192/122 1069/190/121
f 1072/592/122 1074/593/123 1073/191/123 1071/192/122
f 1074/593/123 1076/594/124 1075/193/124 1073/191/123
f 1076/594/124 1078/595/125 1077/195/125 1075/193/124
f 1078/595/125 1080/596/126 1079/197/126 1077/195/125
f 1080/596/126 1082/597/127 1081/199/127 1079/197/126
f 1082/597/127 1084/598/128 1083/201/128 1081/199/127
f 1084/598/128 1086/599/129 1085/203/129 1083/201/128
f 1086/599/129 1088/600/130 1087/205/130 1085/203/129
f 1088/600/130 1090/601/131 1089/207/131 1087/205/130
f 1090/601/131 1092/602/132 1091/209/132 1089/207/131
f 1092/602/132 1094/603/133 1093/211/133 1091/209/132
f 1094/603/133 1096/604/134 1095/213/134 1093/211/133
f 1096/604/134 1098/605/135 1097/215/135 1095/213/134
f 1098/605/135 1100/606/136 1099/219/136 1097/215/135
f 1100/606/136 1102/607/137 1101/221/137 1099/219/136
f 1102/607/137 1104/608/23 1103/218/23 1101/221/137
f 1104/608/23 1106/609/36 1105/217/36 1103/218/23
f 1106/609/36 1108/610/21 1107/220/21 1105/217/36
f 1108/610/21 1110/611/21 1109/222/21 1107/220/21
f 1110/611/21 994/553/36 993/70/36 1109/222/21
f 1112/388/36 1114/612/21 1113/140/21 1111/2/36
f 1114/612/21 1116/613/22 1115/126/22 1113/140/21
f 1116/613/22 1118/614/23 1117/109/23 1115/126/22
f 1118/614/23 1112/553/36 1111/70/36 1117/109/23
f 1120/388/36 1122/615/85 1121/616/85 1119/2/36
f 1122/615/85 1124/617/86 1123/618/86 1121/616/85
f 1124/617/86 1126/619/87 1125/620/87 1123/618/86
f 1126/619/87 1128/621/88 1127/93/88 1125/620/87
f 1128/621/88 1130/622/89 1129/623/89 1127/93/88
f 1130/622/89 1132/624/90 1131/625/90 1129/623/89
f 1132/624/90 1134/626/91 1133/627/91 1131/625/90
f 1134/626/91 1136/628/92 1135/105/92 1133/627/91
f 1136/628/92 1138/629/93 1137/630/93 1135/105/92
f 1138/629/93 1140/631/94 1139/632/94 1137/630/93
f 1140/631/94 1142/633/95 1141/634/95 1139/632/94
f 1142/633/95 1144/635/96 1143/92/96 1141/634/95
f 1144/635/96 1146/636/97 1145/637/97 1143/92/96
f 1146/636/97 1148/638/82 1147/639/82 1145/637/97
f 1148/638/82 1150/612/98 1149/140/98 1147/639/82
f 1150/612/98 1152/640/99 1151/81/99 1149/140/98
f 1152/640/99 1154/641/100 1153/642/100 1151/81/99
f 1154/641/100 1156/643/101 1155/644/101 1153/642/100
f 1156/643/101 1158/645/102 1157/646/102 1155/644/101
f 1158/645/102 1160/647/103 1159/55/103 1157/646/102
f 1160/647/103 1162/648/104 1161/649/104 1159/55/103
f 1162/648/104 1164/650/105 1163/651/105 1161/649/104
f 1164/650/105 1166/652/106 1165/653/106 1163/651/105
f 1166/652/106 1168/654/107 1167/38/107 1165/653/106
f 1168/654/107 1170/655/108 1169/656/108 1167/38/107
f 1170/655/108 1172/657/109 1171/658/109 1169/656/108
f 1172/657/109 1174/659/110 1173/660/110 1171/658/109
f 1174/659/110 1176/661/111 1175/21/111 1173/660/110
f 1176/661/111 1178/662/112 1177/663/112 1175/21/111
f 1178/662/112 1180/613/113 1179/126/113 1177/663/112
f 1180/613/113 1182/664/114 1181/665/114 1179/126/113
f 1182/664/114 1184/666/115 1183/14/115 1181/665/114
f 1184/666/115 1186/667/116 1185/668/116 1183/14/115
f 1186/667/116 1188/669/117 1187/670/117 1185/668/116
f 1188/669/117 1190/671/118 1189/672/118 1187/670/117
f 1190/671/118 1192/673/119 1191/5/119 1189/672/118
f 1192/673/119 1194/674/120 1193/675/120 1191/5/119
f 1194/674/120 1196/676/121 1195/677/121 1193/675/120
f 1196/676/121 1198/678/122 1197/679/122 1195/677/121
f 1198/678/122 1200/680/123 1199/73/123 1197/679/122
f 1200/680/123 1202/681/124 1201/682/124 1199/73/123
f 1202/681/124 1204/683/125 1203/684/125 1201/682/124
f 1204/683/125 1206/685/126 1205/686/126 1203/684/125
f 1206/685/126 1208/687/127 1207/63/127 1205/686/126
f 1208/687/127 1210/614/128 1209/109/128 1207/63/127
f 1210/614/128 1212/688/129 1211/689/129 1209/109/128
f 1212/688/129 1214/690/130 1213/691/130 1211/689/129
f 1214/690/130 1216/692/131 1215/29/131 1213/691/130
f 1216/692/131 1218/693/132 1217/694/132 1215/29/131
f 1218/693/132 1220/695/133 1219/696/133 1217/694/132
f 1220/695/133 1222/697/134 1221/698/134 1219/696/133
f 1222/697/134 1224/699/135 1223/41/135 1221/698/134
f 1224/699/135 1226/700/23 1225/701/23 1223/41/135
f 1226/700/23 1228/702/22 1227/703/22 1225/701/23
f 1228/702/22 1230/704/22 1229/705/22 1227/703/22
f 1230/704/22 1232/706/23 1231/52/23 1229/705/22
f 1232/706/23 1234/707/36 1233/708/36 1231/52/23
f 1234/707/36 1236/709/21 1235/710/21 1233/708/36
f 1236/709/21 1238/711/21 1237/712/21 1235/710/21
f 1238/711/21 1120/553/36 1119/70/36 1237/712/21
f 1240/388/138 1242/713/139 1241/714/139 1239/2/138
f 1242/713/139 1244/715/140 1243/716/140 1241/714/139
f 1244/715/140 1246/717/141 1245/718/141 1243/716/140
f 1246/717/141 1248/719/142 1247/720/142 1245/718/141
f 1248/719/142 1250/721/143 1249/722/143 1247/720/142
f 1250/721/143 1252/723/144 1251/724/144 1249/722/143
f 1252/723/144 1254/725/23 1253/726/23 1251/724/144
f 1254/725/23 1256/727/145 1255/728/145 1253/726/23
f 1256/727/145 1258/729/146 1257/730/146 1255/728/145
f 1258/729/146 1260/731/147 1259/732/147 1257/730/146
f 1260/731/147 1262/733/148 1261/734/148 1259/732/147
f 1262/733/148 1264/735/149 1263/736/149 1261/734/148
f 1264/735/149 1266/612/150 1265/140/150 1263/736/149
f 1266/612/150 1268/737/82 1267/738/82 1265/140/150
f 1268/737/82 1270/739/98 1269/740/98 1267/738/82
f 1270/739/98 1272/741/99 1271/742/99 1269/740/98
f 1272/741/99 1274/743/100 1273/744/100 1271/742/99
f 1274/743/100 1276/745/101 1275/746/101 1273/744/100
f 1276/745/101 1278/747/102 1277/748/102 1275/746/101
f 1278/747/102 1280/749/103 1279/750/103 1277/748/102
f 1280/749/103 1282/751/151 1281/752/151 1279/750/103
f 1282/751/151 1284/753/105 1283/754/105 1281/752/151
f 1284/753/105 1286/755/106 1285/756/106 1283/754/105
f 1286/755/106 1288/757/107 1287/758/107 1285/756/106
f 1288/757/107 1290/759/108 1289/760/108 1287/758/107
f 1290/759/108 1292/613/109 1291/126/109 1289/760/108
f 1292/613/109 1294/761/110 1293/762/110 1291/126/109
f 1294/761/110 1296/763/111 1295/764/111 1293/762/110
f 1296/763/111 1298/765/112 1297/766/112 1295/764/111
f 1298/765/112 1300/767/113 1299/768/113 1297/766/112
f 1300/767/113 1302/769/114 1301/770/114 1299/768/113
f 1302/769/114 1304/771/152 1303/772/152 1301/770/114
f 1304/771/152 1306/773/116 1305/774/116 1303/772/152
f 1306/773/116 1308/775/117 1307/776/117 1305/774/116
f 1308/775/117 1310/777/118 1309/778/118 1307/776/117
f 1310/777/118 1312/779/119 1311/780/119 1309/778/118
f 1312/779/119 1314/781/120 1313/782/120 1311/780/119
f 1314/781/120 1316/783/121 1315/784/121 1313/782/120
f 1316/783/121 1318/614/122 1317/109/122 1315/784/121
f 1318/614/122 1320/785/153 1319/786/153 1317/109/122
f 1320/785/153 1322/787/154 1321/788/154 1319/786/153
f 1322/787/154 1324/789/155 1323/790/155 1321/788/154
f 1324/789/155 1326/791/156 1325/792/156 1323/790/155
f 1326/791/156 1328/793/157 1327/794/157 1325/792/156
f 1328/793/157 1330/795/158 1329/796/158 1327/794/157
f 1330/795/158 1332/797/36 1331/798/36 1329/796/158
f 1332/797/36 1334/799/159 1333/800/159 1331/798/36
f 1334/799/159 1336/801/160 1335/802/160 1333/800/159
f 1336/801/160 1338/803/161 1337/804/161 1335/802/160
f 1338/803/161 1340/805/162 1339/806/162 1337/804/161
f 1340/805/162 1342/807/163 1341/808/163 1339/806/162
f 1342/807/163 1240/553/138 1239/70/138 1341/808/163
f 1344/388/36 1346/612/21 1345/140/21 1343/2/36
f 1346/612/21 1348/613/22 1347/126/22 1345/140/21
f 1348/613/22 1350/614/23 1349/109/23 1347/126/22
f 1350/614/23 1344/553/36 1343/70/36 1349/109/23
f 1352/388/164 1354/809/23 1353/810/23 1351/2/164
f 1354/809/23 1356/811/22 1355/812/22 1353/810/23
f 1356/811/22 1358/621/165 1357/93/165 1355/812/22
f 1358/621/165 1360/813/166 1359/814/166 1357/93/165
f 1360/813/166 1362/815/23 1361/816/23 1359/814/166
f 1362/815/23 1364/628/22 1363/105/22 1361/816/23
f 1364/628/22 1366/817/21 1365/818/21 1363/105/22
f 1366/817/21 1368/819/36 1367/820/36 1365/818/21
f 1368/819/36 1370/635/167 1369/92/167 1367/820/36
f 1370/635/167 1372/821/168 1371/822/168 1369/92/167
f 1372/821/168 1374/823/169 1373/824/169 1371/822/168
f 1374/823/169 1376/640/170 1375/81/170 1373/824/169
f 1376/640/170 1378/825/171 1377/826/171 1375/81/170
f 1378/825/171 1380/827/172 1379/828/172 1377/826/171
f 1380/827/172 1382/647/173 1381/55/173 1379/828/172
f 1382/647/173 1384/829/174 1383/830/174 1381/55/173
f 1384/829/174 1386/831/175 1385/832/175 1383/830/174
f 1386/831/175 1388/654/176 1387/38/176 1385/832/175
f 1388/654/176 1390/833/177 1389/834/177 1387/38/176
f 1390/833/177 1392/835/178 1391/836/178 1389/834/177
f 1392/835/178 1394/661/170 1393/21/170 1391/836/178
f 1394/661/170 1396/837/179 1395/838/179 1393/21/170
f 1396/837/179 1398/839/180 1397/840/180 1395/838/179
f 1398/839/180 1400/666/181 1399/14/181 1397/840/180
f 1400/666/181 1402/841/182 1401/842/182 1399/14/181
f 1402/841/182 1404/843/183 1403/844/183 1401/842/182
f 1404/843/183 1406/673/184 1405/5/184 1403/844/183
f 1406/673/184 1408/845/185 1407/846/185 1405/5/184
f 1408/845/185 1410/847/186 1409/848/186 1407/846/185
f 1410/847/186 1412/680/187 1411/73/187 1409/848/186
f 1412/680/187 1414/849/188 1413/850/188 1411/73/187
f 1414/849/188 1416/851/189 1415/852/189 1413/850/188
f 1416/851/189 1418/687/190 1417/63/190 1415/852/189
f 1418/687/190 1420/853/191 1419/854/191 1417/63/190
f 1420/853/191 1422/855/192 1421/856/192 1419/854/191
f 1422/855/192 1424/692/193 1423/29/193 1421/856/192
f 1424/692/193 1426/857/194 1425/858/194 1423/29/193
f 1426/857/194 1428/859/195 1427/860/195 1425/858/194
f 1428/859/195 1430/699/196 1429/41/196 1427/860/195
f 1430/699/196 1432/861/197 1431/862/197 1429/41/196
f 1432/861/197 1434/863/198 1433/864/198 1431/862/197
f 1434/863/198 1436/706/199 1435/52/199 1433/864/198
f 1436/706/199 1438/865/200 1437/866/200 1435/52/199
f 1438/865/200 1440/867/201 1439/868/201 1437/866/200
f 1440/867/201 1352/553/164 1351/70/164 1439/868/201
f 1442/388/36 1444/869/23 1443/870/23 1441/2/36
f 1444/869/23 1446/871/22 1445/872/22 1443/870/23
f 1446/871/22 1448/873/202 1447/874/202 1445/872/22
f 1448/873/202 1450/875/203 1449/876/203 1447/874/202
f 1450/875/203 1452/877/204 1451/878/204 1449/876/203
f 1452/877/204 1454/879/205 1453/880/205 1451/878/204
f 1454/879/205 1456/881/206 1455/882/206 1453/880/205
f 1456/881/206 1458/883/207 1457/884/207 1455/882/206
f 1458/883/207 1460/885/208 1459/886/208 1457/884/207
f 1460/885/208 1462/887/209 1461/888/209 1459/886/208
f 1462/887/209 1464/889/210 1463/890/210 1461/888/209
f 1464/889/210 1466/891/211 1465/892/211 1463/890/210
f 1466/891/211 1468/893/212 1467/894/212 1465/892/211
f 1468/893/212 1470/895/213 1469/896/213 1467/894/212
f 1470/895/213 1472/897/214 1471/898/214 1469/896/213
f 1472/897/214 1474/899/215 1473/900/215 1471/898/214
f 1474/899/215 1476/901/216 1475/902/216 1473/900/215
f 1476/901/216 1478/903/217 1477/904/217 1475/902/216
f 1478/903/217 1480/905/218 1479/906/218 1477/904/217
f 1480/905/218 1482/907/219 1481/908/219 1479/906/218
f 1482/907/219 1484/909/220 1483/910/220 1481/908/219
f 1484/909/220 1486/911/221 1485/912/221 1483/910/220
f 1486/911/221 1488/913/222 1487/914/222 1485/912/221
f 1488/913/222 1490/915/223 1489/916/223 1487/914/222
f 1490/915/223 1492/917/224 1491/918/224 1489/916/223
f 1492/917/224 1494/919/225 1493/920/225 1491/918/224
f 1494/919/225 1496/921/226 1495/922/226 1493/920/225
f 1496/921/226 1498/923/227 1497/924/227 1495/922/226
f 1498/923/227 1500/925/228 1499/926/228 1497/924/227
f 1500/925/228 1502/927/229 1501/928/229 1499/926/228
f 1502/927/229 1504/929/230 1503/930/230 1501/928/229
f 1504/929/230 1506/931/231 1505/932/231 1503/930/230
f 1506/931/231 1508/933/232 1507/934/232 1505/932/231
f 1508/933/232 1510/935/233 1509/936/233 1507/934/232
f 1510/935/233 1512/937/234 1511/938/234 1509/936/233
f 1512/937/234 1514/939/235 1513/940/235 1511/938/234
f 1514/939/235 1516/941/236 1515/942/236 1513/940/235
f 1516/941/236 1518/943/237 1517/944/237 1515/942/236
f 1518/943/237 1520/945/238 1519/946/238 1517/944/237
f 1520/945/238 1522/947/239 1521/948/239 1519/946/238
f 1522/947/239 1524/949/240 1523/950/240 1521/948/239
f 1524/949/240 1526/951/241 1525/952/241 1523/950/240
f 1526/951/241 1528/953/242 1527/954/242 1525/952/241
f 1528/953/242 1530/955/243 1529/956/243 1527/954/242
f 1530/955/243 1532/957/244 1531/958/244 1529/956/243
f 1532/957/244 1534/959/245 1533/960/245 1531/958/244
f 1534/959/245 1536/961/246 1535/962/246 1533/960/245
f 1536/961/246 1538/963/247 1537/964/247 1535/962/246
f 1538/963/247 1540/965/248 1539/966/248 1537/964/247
f 1540/965/248 1542/967/249 1541/968/249 1539/966/248
f 1542/967/249 1544/969/250 1543/970/250 1541/968/249
f 1544/969/250 1546/971/251 1545/972/251 1543/970/250
f 1546/971/251 1548/973/252 1547/974/252 1545/972/251
f 1548/973/252 1550/975/253 1549/976/253 1547/974/252
f 1550/975/253 1552/977/254 1551/978/254 1549/976/253
f 1552/977/254 1554/979/255 1553/980/255 1551/978/254
f 1554/979/255 1556/981/256 1555/982/256 1553/980/255
f 1556/981/256 1558/983/257 1557/984/257 1555/982/256
f 1558/983/257 1560/985/258 1559/986/258 1557/984/257
f 1560/985/258 1562/987/259 1561/988/259 1559/986/258
f 1562/987/259 1564/989/260 1563/990/260 1561/988/259
f 1564/989/260 1566/991/261 1565/992/261 1563/990/260
f 1566/991/261 1568/993/262 1567/994/262 1565/992/261
f 1568/993/262 1570/995/263 1569/996/263 1567/994/262
f 1570/995/263 1572/997/21 1571/998/21 1569/996/263
f 1572/997/21 1574/999/21 1573/1000/21 1571/998/21
f 1574/999/21 1442/553/36 1441/70/36 1573/1000/21
f 1576/388/264 1578/1001/265 1577/1002/265 1575/2/264
f 1578/1001/265 1580/1003/266 1579/1004/266 1577/1002/265
f 1580/1003/266 1582/719/267 1581/720/267 1579/1004/266
f 1582/719/267 1584/1005/268 1583/1006/268 1581/720/267
f 1584/1005/268 1586/1007/269 1585/1008/269 1583/1006/268
f 1586/1007/269 1588/727/270 1587/728/270 1585/1008/269
f 1588/727/270 1590/1009/271 1589/1010/271 1587/728/270
f 1590/1009/271 1592/1011/272 1591/1012/272 1589/1010/271
f 1592/1011/272 1594/735/273 1593/736/273 1591/1012/272
f 1594/735/273 1596/1013/274 1595/1014/274 1593/736/273
f 1596/1013/274 1598/1015/275 1597/1016/275 1595/1014/274
f 1598/1015/275 1600/741/276 1599/742/276 1597/1016/275
f 1600/741/276 1602/647/22 1601/55/22 1599/742/276
f 1602/647/22 1604/1017/277 1603/1018/277 1601/55/22
f 1604/1017/277 1606/749/278 1605/750/278 1603/1018/277
f 1606/749/278 1608/1019/279 1607/1020/279 1605/750/278
f 1608/1019/279 1610/1021/280 1609/1022/280 1607/1020/279
f 1610/1021/280 1612/757/281 1611/758/281 1609/1022/280
f 1612/757/281 1614/1023/282 1613/1024/282 1611/758/281
f 1614/1023/282 1616/1025/283 1615/1026/283 1613/1024/282
f 1616/1025/283 1618/763/284 1617/764/284 1615/1026/283
f 1618/763/284 1620/1027/285 1619/1028/285 1617/764/284
f 1620/1027/285 1622/1029/286 1621/1030/286 1619/1028/285
f 1622/1029/286 1624/771/287 1623/772/287 1621/1030/286
f 1624/771/287 1626/1031/288 1625/1032/288 1623/772/287
f 1626/1031/288 1628/680/289 1627/73/289 1625/1032/288
f 1628/680/289 1630/779/290 1629/780/290 1627/73/289
f 1630/779/290 1632/1033/291 1631/1034/291 1629/780/290
f 1632/1033/291 1634/1035/292 1633/1036/292 1631/1034/291
f 1634/1035/292 1636/785/293 1635/786/293 1633/1036/292
f 1636/785/293 1638/1037/294 1637/1038/294 1635/786/293
f 1638/1037/294 1640/1039/295 1639/1040/295 1637/1038/294
f 1640/1039/295 1642/793/296 1641/794/296 1639/1040/295
f 1642/793/296 1644/1041/297 1643/1042/297 1641/794/296
f 1644/1041/297 1646/1043/298 1645/1044/298 1643/1042/297
f 1646/1043/298 1648/801/299 1647/802/299 1645/1044/298
f 1648/801/299 1650/1045/300 1649/1046/300 1647/802/299
f 1650/1045/300 1652/1047/301 1651/1048/301 1649/1046/300
f 1652/1047/301 1576/553/264 1575/70/264 1651/1048/301
